ID,State,City,Locality,Property_Type,BHK,Size_in_SqFt,Price_in_Lakhs,Price_per_SqFt,Year_Built,Furnished_Status,Floor_No,Total_Floors,Age_of_Property,Nearby_Schools,Nearby_Hospitals,Public_Transport_Accessibility,Parking_Space,Security,Amenities,Facing,Owner_Type,Availability_Status
1.0,Tamil Nadu,Chennai,Locality_84,Property_Type,1.0,4740.0,489.76,0.1,1990.0,Furnished,22.0,1.0,35.0,10.0,3.0,High,No,No,"Playground, Gym, Garden, Pool, Clubhouse",West,Owner,Ready_to_Move
2.0,Maharashtra,Pune,Locality_490,Property_Type,3.0,2364.0,195.52,0.08,2008.0,Unfurnished,21.0,20.0,17.0,8.0,1.0,Low,No,Yes,"Playground, Clubhouse, Pool, Gym, Garden",North,Builder,Under_Construction
3.0,Punjab,Ludhiana,Locality_167,Property_Type,2.0,3642.0,183.79,0.05,1997.0,Semi-furnished,19.0,27.0,28.0,9.0,8.0,Low,Yes,No,"Clubhouse, Pool, Playground, Gym",South,Broker,Ready_to_Move
4.0,Rajasthan,Jodhpur,Locality_393,Property_Type,2.0,2741.0,300.29,0.11,1991.0,Furnished,21.0,26.0,34.0,5.0,7.0,High,Yes,Yes,"Playground, Clubhouse, Gym, Pool, Garden",North,Builder,Ready_to_Move
5.0,Rajasthan,Jaipur,Locality_466,Property_Type,4.0,4823.0,182.9,0.04,2002.0,Semi-furnished,3.0,2.0,23.0,4.0,9.0,Low,No,Yes,"Playground, Garden, Gym, Pool, Clubhouse",East,Builder,Ready_to_Move
6.0,West Bengal,Durgapur,Locality_246,Property_Type,4.0,3500.0,135.28,0.04,2020.0,Semi-furnished,27.0,1.0,5.0,7.0,7.0,Low,Yes,Yes,"Playground, Clubhouse",West,Broker,Ready_to_Move
7.0,Tamil Nadu,Coimbatore,Locality_254,Property_Type,3.0,4826.0,318.12,0.07,2016.0,Furnished,16.0,5.0,9.0,3.0,6.0,High,No,Yes,"Clubhouse, Garden, Playground",North,Builder,Under_Construction
8.0,Chhattisgarh,Bilaspur,Locality_490,Property_Type,5.0,4252.0,141.39,0.03,2021.0,Unfurnished,24.0,4.0,4.0,10.0,10.0,High,Yes,Yes,"Gym, Pool, Clubhouse, Playground",North,Builder,Under_Construction
9.0,Delhi,New Delhi,Locality_232,Property_Type,4.0,2678.0,189.16,0.07,2003.0,Semi-furnished,23.0,16.0,22.0,7.0,5.0,Low,No,Yes,"Garden, Clubhouse, Playground",South,Broker,Under_Construction
10.0,Jharkhand,Ranchi,Locality_122,Property_Type,2.0,1393.0,187.42,0.13,2011.0,Unfurnished,6.0,13.0,14.0,3.0,3.0,High,Yes,No,"Clubhouse, Playground, Garden, Gym",East,Owner,Ready_to_Move
11.0,Telangana,Warangal,Locality_75,Property_Type,1.0,665.0,324.24,0.49,1991.0,Semi-furnished,8.0,12.0,34.0,1.0,8.0,Low,No,Yes,Clubhouse,North,Broker,Under_Construction
12.0,Karnataka,Bangalore,Locality_462,Property_Type,5.0,3988.0,465.38,0.12,2022.0,Furnished,6.0,24.0,3.0,6.0,4.0,High,No,Yes,"Clubhouse, Pool, Playground, Gym",West,Broker,Ready_to_Move
13.0,Maharashtra,Nagpur,Locality_227,Property_Type,3.0,1976.0,486.29,0.25,2020.0,Semi-furnished,9.0,1.0,5.0,6.0,6.0,Medium,No,Yes,"Clubhouse, Gym, Playground, Pool",North,Builder,Ready_to_Move
14.0,Delhi,New Delhi,Locality_287,Property_Type,1.0,1369.0,309.82,0.23,2013.0,Unfurnished,13.0,4.0,12.0,10.0,6.0,Medium,No,No,"Clubhouse, Garden, Gym, Playground, Pool",South,Broker,Under_Construction
15.0,Uttar Pradesh,Lucknow,Locality_148,Property_Type,2.0,3852.0,77.62,0.02,2006.0,Semi-furnished,26.0,18.0,19.0,8.0,3.0,Medium,No,No,"Garden, Gym, Playground",East,Broker,Ready_to_Move
16.0,Rajasthan,Jaipur,Locality_369,Property_Type,1.0,2815.0,491.97,0.17,2015.0,Furnished,4.0,7.0,10.0,9.0,6.0,High,Yes,Yes,Playground,East,Owner,Under_Construction
17.0,Assam,Silchar,Locality_265,Property_Type,5.0,1250.0,75.23,0.06,1993.0,Semi-furnished,15.0,10.0,32.0,1.0,8.0,Medium,No,No,"Pool, Playground, Garden, Gym",South,Builder,Under_Construction
18.0,Uttarakhand,Dehradun,Locality_50,Property_Type,1.0,3518.0,234.99,0.07,2004.0,Unfurnished,14.0,8.0,21.0,8.0,1.0,High,No,Yes,"Pool, Clubhouse, Gym",West,Builder,Ready_to_Move
19.0,Maharashtra,Pune,Locality_385,Property_Type,3.0,2126.0,24.5,0.01,2013.0,Semi-furnished,10.0,5.0,12.0,8.0,1.0,Low,No,Yes,"Garden, Clubhouse, Pool, Gym, Playground",West,Owner,Under_Construction
20.0,Chhattisgarh,Bilaspur,Locality_241,Property_Type,2.0,2524.0,407.96,0.16,2016.0,Semi-furnished,13.0,18.0,9.0,8.0,6.0,High,Yes,No,"Pool, Playground, Clubhouse",North,Broker,Under_Construction
21.0,Uttar Pradesh,Noida,Locality_286,Property_Type,3.0,1270.0,475.78,0.37,2018.0,Semi-furnished,21.0,21.0,7.0,3.0,4.0,Medium,No,Yes,"Clubhouse, Gym, Garden, Pool, Playground",North,Owner,Under_Construction
22.0,Chhattisgarh,Bilaspur,Locality_74,Property_Type,5.0,4626.0,343.4,0.07,1990.0,Furnished,17.0,7.0,35.0,6.0,8.0,Low,Yes,Yes,"Pool, Clubhouse, Gym, Playground, Garden",East,Owner,Ready_to_Move
23.0,Telangana,Warangal,Locality_459,Property_Type,1.0,2059.0,488.42,0.24,1995.0,Furnished,0.0,26.0,30.0,7.0,6.0,Low,No,No,"Garden, Pool, Gym, Playground, Clubhouse",West,Broker,Under_Construction
24.0,Rajasthan,Jaipur,Locality_355,Property_Type,4.0,3176.0,164.31,0.05,1990.0,Unfurnished,11.0,22.0,35.0,9.0,4.0,Low,Yes,No,"Pool, Gym, Clubhouse",East,Builder,Under_Construction
25.0,Bihar,Gaya,Locality_151,Property_Type,2.0,1925.0,322.81,0.17,2019.0,Unfurnished,25.0,1.0,6.0,9.0,6.0,High,Yes,Yes,"Garden, Clubhouse, Playground",North,Owner,Under_Construction
26.0,Jharkhand,Jamshedpur,Locality_159,Property_Type,3.0,2032.0,50.67,0.02,1990.0,Unfurnished,4.0,21.0,35.0,3.0,4.0,Low,No,Yes,"Clubhouse, Garden",East,Owner,Ready_to_Move
27.0,Punjab,Ludhiana,Locality_382,Property_Type,4.0,4151.0,143.9,0.03,1995.0,Unfurnished,9.0,5.0,30.0,4.0,10.0,High,No,Yes,"Pool, Garden, Playground, Gym",West,Owner,Ready_to_Move
28.0,Maharashtra,Pune,Locality_143,Property_Type,5.0,2346.0,404.23,0.17,2016.0,Semi-furnished,9.0,10.0,9.0,8.0,7.0,High,No,Yes,"Garden, Playground, Pool, Clubhouse",South,Owner,Ready_to_Move
29.0,Gujarat,Ahmedabad,Locality_74,Property_Type,5.0,2088.0,233.29,0.11,1999.0,Unfurnished,14.0,9.0,26.0,1.0,2.0,Medium,Yes,Yes,"Pool, Garden",East,Owner,Ready_to_Move
30.0,Telangana,Hyderabad,Locality_454,Property_Type,3.0,2750.0,59.35,0.02,2002.0,Furnished,21.0,29.0,23.0,6.0,8.0,Low,Yes,No,"Playground, Pool",West,Broker,Under_Construction
31.0,Haryana,Faridabad,Locality_262,Property_Type,4.0,2637.0,316.69,0.12,2011.0,Semi-furnished,15.0,1.0,14.0,4.0,7.0,Medium,No,Yes,"Playground, Garden, Pool, Clubhouse",East,Broker,Under_Construction
32.0,Punjab,Amritsar,Locality_466,Property_Type,5.0,1020.0,84.44,0.08,1991.0,Unfurnished,29.0,25.0,34.0,8.0,3.0,Low,No,No,"Pool, Clubhouse, Gym",South,Owner,Under_Construction
33.0,West Bengal,Kolkata,Locality_136,Property_Type,3.0,2896.0,288.27,0.1,2022.0,Furnished,6.0,6.0,3.0,10.0,10.0,Low,Yes,Yes,Playground,East,Builder,Under_Construction
34.0,Uttar Pradesh,Lucknow,Locality_223,Property_Type,3.0,2516.0,472.04,0.19,2023.0,Unfurnished,28.0,30.0,2.0,4.0,7.0,High,Yes,Yes,"Garden, Clubhouse",North,Builder,Ready_to_Move
35.0,Haryana,Faridabad,Locality_368,Property_Type,1.0,3524.0,308.14,0.09,2006.0,Semi-furnished,22.0,23.0,19.0,6.0,6.0,Medium,Yes,Yes,"Gym, Pool, Clubhouse, Garden",West,Builder,Ready_to_Move
36.0,Tamil Nadu,Chennai,Locality_143,Property_Type,1.0,4426.0,93.9,0.02,2007.0,Semi-furnished,17.0,28.0,18.0,1.0,8.0,Low,No,Yes,Garden,West,Broker,Ready_to_Move
37.0,Delhi,Dwarka,Locality_480,Property_Type,2.0,775.0,26.99,0.03,2008.0,Semi-furnished,11.0,14.0,17.0,8.0,1.0,High,No,Yes,Clubhouse,South,Broker,Ready_to_Move
38.0,Andhra Pradesh,Vishakhapatnam,Locality_485,Property_Type,2.0,584.0,109.23,0.19,2001.0,Furnished,3.0,22.0,24.0,3.0,2.0,Medium,Yes,No,"Pool, Garden, Gym",South,Builder,Ready_to_Move
39.0,Tamil Nadu,Chennai,Locality_398,Property_Type,1.0,3713.0,258.22,0.07,2015.0,Semi-furnished,21.0,4.0,10.0,8.0,3.0,Medium,No,No,"Pool, Gym, Clubhouse",East,Owner,Under_Construction
40.0,Madhya Pradesh,Bhopal,Locality_305,Property_Type,3.0,2007.0,178.23,0.09,1997.0,Furnished,21.0,11.0,28.0,6.0,5.0,Low,No,No,"Garden, Pool, Clubhouse, Playground",South,Builder,Ready_to_Move
41.0,Madhya Pradesh,Indore,Locality_114,Property_Type,3.0,3727.0,358.45,0.1,2013.0,Unfurnished,15.0,6.0,12.0,5.0,2.0,Low,Yes,No,"Playground, Clubhouse, Garden, Pool",South,Builder,Ready_to_Move
42.0,Uttarakhand,Haridwar,Locality_202,Property_Type,5.0,2238.0,58.14,0.03,2010.0,Unfurnished,22.0,2.0,15.0,5.0,5.0,Medium,Yes,No,"Pool, Garden",South,Broker,Under_Construction
43.0,Punjab,Ludhiana,Locality_96,Property_Type,4.0,1845.0,472.99,0.26,2022.0,Unfurnished,7.0,27.0,3.0,10.0,5.0,Medium,No,No,"Playground, Clubhouse",East,Broker,Ready_to_Move
44.0,Karnataka,Mysore,Locality_295,Property_Type,3.0,3796.0,461.46,0.12,2013.0,Furnished,2.0,3.0,12.0,6.0,5.0,Low,No,No,Pool,East,Broker,Under_Construction
45.0,Bihar,Patna,Locality_58,Property_Type,4.0,1515.0,161.03,0.11,2012.0,Furnished,20.0,30.0,13.0,3.0,7.0,Low,No,Yes,"Gym, Pool, Garden, Playground",East,Broker,Ready_to_Move
46.0,Chhattisgarh,Raipur,Locality_484,Property_Type,4.0,2409.0,180.64,0.07,1996.0,Unfurnished,11.0,20.0,29.0,5.0,7.0,Low,No,Yes,"Playground, Pool, Gym, Garden",North,Builder,Ready_to_Move
47.0,Tamil Nadu,Chennai,Locality_323,Property_Type,5.0,641.0,300.29,0.47,2017.0,Furnished,23.0,15.0,8.0,5.0,1.0,Low,No,Yes,"Clubhouse, Playground",North,Builder,Ready_to_Move
48.0,Andhra Pradesh,Vijayawada,Locality_432,Property_Type,2.0,3771.0,30.57,0.01,2023.0,Unfurnished,17.0,2.0,2.0,5.0,4.0,Low,Yes,Yes,Clubhouse,North,Broker,Under_Construction
49.0,Delhi,Dwarka,Locality_273,Property_Type,2.0,1771.0,335.78,0.19,2009.0,Semi-furnished,26.0,19.0,16.0,10.0,4.0,Medium,Yes,Yes,"Playground, Garden",West,Broker,Under_Construction
50.0,Chhattisgarh,Bilaspur,Locality_458,Property_Type,4.0,733.0,438.74,0.6,2000.0,Semi-furnished,3.0,6.0,25.0,1.0,1.0,High,No,No,"Garden, Playground, Pool",West,Owner,Under_Construction
51.0,Kerala,Trivandrum,Locality_150,Property_Type,3.0,4766.0,55.83,0.01,2012.0,Semi-furnished,10.0,13.0,13.0,10.0,9.0,Medium,Yes,Yes,"Playground, Clubhouse, Pool, Garden",South,Builder,Ready_to_Move
52.0,Uttarakhand,Haridwar,Locality_238,Property_Type,4.0,556.0,308.46,0.55,2000.0,Semi-furnished,14.0,6.0,25.0,8.0,7.0,Medium,No,Yes,"Gym, Playground",North,Builder,Under_Construction
53.0,Madhya Pradesh,Indore,Locality_494,Property_Type,2.0,3881.0,204.19,0.05,2004.0,Furnished,14.0,16.0,21.0,9.0,3.0,Medium,Yes,Yes,"Clubhouse, Gym, Pool, Playground, Garden",South,Owner,Under_Construction
54.0,Jharkhand,Ranchi,Locality_464,Property_Type,2.0,855.0,335.3,0.39,2011.0,Unfurnished,14.0,24.0,14.0,3.0,3.0,Low,Yes,No,"Gym, Clubhouse, Garden, Playground",East,Broker,Ready_to_Move
55.0,Uttar Pradesh,Noida,Locality_431,Property_Type,3.0,1443.0,173.87,0.12,2009.0,Furnished,23.0,23.0,16.0,10.0,3.0,High,No,Yes,"Pool, Garden, Playground, Clubhouse, Gym",West,Builder,Ready_to_Move
56.0,Delhi,New Delhi,Locality_484,Property_Type,2.0,3300.0,274.47,0.08,2010.0,Semi-furnished,0.0,28.0,15.0,9.0,10.0,Medium,Yes,Yes,"Clubhouse, Gym, Playground",South,Builder,Ready_to_Move
57.0,Karnataka,Bangalore,Locality_125,Property_Type,5.0,3276.0,139.64,0.04,1997.0,Semi-furnished,9.0,14.0,28.0,4.0,7.0,Medium,No,Yes,"Gym, Pool",West,Broker,Under_Construction
58.0,Rajasthan,Jodhpur,Locality_218,Property_Type,3.0,581.0,457.94,0.79,1995.0,Furnished,11.0,17.0,30.0,6.0,2.0,Low,No,Yes,Clubhouse,East,Broker,Under_Construction
59.0,Kerala,Kochi,Locality_112,Property_Type,3.0,1992.0,11.59,0.01,1991.0,Furnished,16.0,11.0,34.0,4.0,2.0,High,No,Yes,"Pool, Clubhouse",North,Owner,Under_Construction
60.0,Delhi,Dwarka,Locality_27,Property_Type,2.0,1495.0,129.43,0.09,1993.0,Furnished,27.0,3.0,32.0,8.0,6.0,High,No,No,"Clubhouse, Playground, Gym, Pool, Garden",South,Owner,Under_Construction
61.0,Rajasthan,Jaipur,Locality_40,Property_Type,3.0,4253.0,92.82,0.02,1990.0,Unfurnished,15.0,5.0,35.0,2.0,4.0,Medium,Yes,No,"Gym, Clubhouse, Playground, Pool, Garden",West,Builder,Under_Construction
62.0,Tamil Nadu,Chennai,Locality_457,Property_Type,1.0,1106.0,421.32,0.38,2004.0,Unfurnished,3.0,8.0,21.0,6.0,3.0,High,Yes,Yes,"Playground, Garden, Clubhouse, Gym, Pool",West,Builder,Under_Construction
63.0,Andhra Pradesh,Vijayawada,Locality_64,Property_Type,1.0,2471.0,437.65,0.18,2022.0,Furnished,4.0,7.0,3.0,1.0,4.0,Low,No,Yes,"Gym, Playground, Garden, Clubhouse",West,Owner,Under_Construction
64.0,Punjab,Amritsar,Locality_372,Property_Type,1.0,1949.0,109.09,0.06,1999.0,Unfurnished,1.0,3.0,26.0,1.0,8.0,High,Yes,Yes,"Playground, Garden, Clubhouse, Gym, Pool",West,Owner,Under_Construction
65.0,Bihar,Patna,Locality_76,Property_Type,4.0,1574.0,100.44,0.06,2003.0,Semi-furnished,10.0,26.0,22.0,1.0,5.0,High,Yes,No,"Pool, Garden, Playground, Clubhouse, Gym",West,Owner,Ready_to_Move
66.0,Madhya Pradesh,Bhopal,Locality_412,Property_Type,1.0,890.0,439.52,0.49,2020.0,Semi-furnished,12.0,29.0,5.0,5.0,3.0,Low,No,No,"Clubhouse, Playground",South,Owner,Ready_to_Move
67.0,Gujarat,Surat,Locality_169,Property_Type,1.0,2318.0,234.83,0.1,1997.0,Furnished,26.0,16.0,28.0,9.0,6.0,High,Yes,Yes,Gym,East,Owner,Under_Construction
68.0,Madhya Pradesh,Indore,Locality_479,Property_Type,2.0,502.0,486.68,0.97,2008.0,Semi-furnished,14.0,7.0,17.0,5.0,10.0,Medium,No,No,"Playground, Clubhouse",West,Owner,Under_Construction
69.0,Madhya Pradesh,Bhopal,Locality_121,Property_Type,1.0,3000.0,87.74,0.03,2017.0,Semi-furnished,13.0,25.0,8.0,4.0,4.0,Medium,Yes,Yes,Garden,East,Builder,Under_Construction
70.0,Uttar Pradesh,Lucknow,Locality_128,Property_Type,1.0,1704.0,148.92,0.09,2014.0,Unfurnished,11.0,21.0,11.0,2.0,4.0,Medium,Yes,No,"Pool, Garden, Gym, Playground, Clubhouse",West,Builder,Ready_to_Move
71.0,Punjab,Amritsar,Locality_145,Property_Type,4.0,1346.0,53.12,0.04,2017.0,Furnished,23.0,2.0,8.0,3.0,6.0,High,No,No,"Playground, Gym",South,Owner,Under_Construction
72.0,Delhi,New Delhi,Locality_205,Property_Type,2.0,1518.0,408.45,0.27,2005.0,Semi-furnished,1.0,1.0,20.0,9.0,2.0,Low,No,No,"Pool, Garden, Clubhouse, Playground",West,Owner,Ready_to_Move
73.0,Uttarakhand,Dehradun,Locality_353,Property_Type,4.0,1399.0,234.14,0.17,2002.0,Unfurnished,11.0,2.0,23.0,9.0,10.0,Medium,Yes,Yes,"Gym, Pool, Playground, Garden",South,Broker,Under_Construction
74.0,Gujarat,Ahmedabad,Locality_387,Property_Type,4.0,978.0,418.76,0.43,2001.0,Semi-furnished,27.0,30.0,24.0,8.0,2.0,High,Yes,No,"Clubhouse, Garden, Gym, Pool, Playground",East,Owner,Under_Construction
75.0,Chhattisgarh,Raipur,Locality_278,Property_Type,3.0,1041.0,357.84,0.34,1995.0,Semi-furnished,22.0,30.0,30.0,1.0,7.0,Low,Yes,No,Clubhouse,East,Owner,Under_Construction
76.0,Rajasthan,Jodhpur,Locality_258,Property_Type,1.0,3028.0,131.06,0.04,2002.0,Semi-furnished,19.0,16.0,23.0,4.0,8.0,High,Yes,Yes,Pool,South,Owner,Under_Construction
77.0,Gujarat,Surat,Locality_418,Property_Type,3.0,3757.0,470.63,0.13,2018.0,Semi-furnished,11.0,23.0,7.0,6.0,2.0,High,Yes,Yes,Gym,South,Builder,Under_Construction
78.0,Bihar,Patna,Locality_436,Property_Type,5.0,4890.0,392.39,0.08,2015.0,Furnished,28.0,11.0,10.0,3.0,6.0,Low,Yes,No,Gym,East,Broker,Under_Construction
79.0,Andhra Pradesh,Vishakhapatnam,Locality_92,Property_Type,3.0,2410.0,272.3,0.11,2020.0,Semi-furnished,10.0,11.0,5.0,3.0,8.0,Medium,No,Yes,Playground,North,Builder,Under_Construction
80.0,Punjab,Amritsar,Locality_39,Property_Type,1.0,1889.0,257.47,0.14,2020.0,Semi-furnished,11.0,3.0,5.0,5.0,10.0,Low,No,No,"Playground, Gym, Garden, Clubhouse, Pool",North,Owner,Ready_to_Move
81.0,Chhattisgarh,Bilaspur,Locality_473,Property_Type,4.0,1629.0,222.48,0.14,2019.0,Unfurnished,14.0,26.0,6.0,2.0,8.0,Low,Yes,No,"Gym, Clubhouse, Pool, Playground",East,Broker,Ready_to_Move
82.0,Rajasthan,Jaipur,Locality_63,Property_Type,3.0,4649.0,176.55,0.04,1996.0,Furnished,21.0,22.0,29.0,8.0,4.0,High,No,No,"Garden, Gym, Clubhouse",East,Owner,Ready_to_Move
83.0,Haryana,Gurgaon,Locality_12,Property_Type,2.0,1876.0,263.29,0.14,2020.0,Unfurnished,11.0,12.0,5.0,9.0,6.0,High,No,Yes,"Clubhouse, Garden",South,Owner,Under_Construction
84.0,Karnataka,Bangalore,Locality_498,Property_Type,4.0,3936.0,401.88,0.1,1999.0,Furnished,2.0,6.0,26.0,3.0,6.0,High,No,Yes,"Gym, Pool, Clubhouse, Playground, Garden",West,Builder,Ready_to_Move
85.0,Rajasthan,Jodhpur,Locality_356,Property_Type,2.0,3065.0,111.1,0.04,1992.0,Semi-furnished,8.0,16.0,33.0,10.0,3.0,Medium,No,Yes,"Playground, Garden, Pool, Gym",South,Broker,Ready_to_Move
86.0,Karnataka,Mangalore,Locality_314,Property_Type,2.0,1288.0,395.3,0.31,2022.0,Semi-furnished,22.0,20.0,3.0,1.0,10.0,Medium,No,Yes,"Clubhouse, Pool, Playground",West,Broker,Under_Construction
87.0,Haryana,Gurgaon,Locality_1,Property_Type,2.0,3729.0,178.74,0.05,2011.0,Semi-furnished,23.0,27.0,14.0,1.0,3.0,Low,Yes,No,"Garden, Pool, Playground, Clubhouse",South,Builder,Ready_to_Move
88.0,Andhra Pradesh,Vishakhapatnam,Locality_394,Property_Type,1.0,4888.0,59.7,0.01,1993.0,Furnished,0.0,4.0,32.0,7.0,4.0,High,No,Yes,"Pool, Playground, Clubhouse, Garden",West,Broker,Ready_to_Move
89.0,Punjab,Ludhiana,Locality_187,Property_Type,1.0,2888.0,157.15,0.05,2014.0,Semi-furnished,17.0,9.0,11.0,8.0,8.0,Medium,Yes,No,"Playground, Pool, Garden, Gym",West,Builder,Under_Construction
90.0,Delhi,New Delhi,Locality_420,Property_Type,3.0,3596.0,129.74,0.04,1996.0,Furnished,15.0,24.0,29.0,9.0,3.0,Low,No,Yes,Clubhouse,West,Builder,Ready_to_Move
91.0,Uttar Pradesh,Noida,Locality_305,Property_Type,3.0,4607.0,223.89,0.05,2000.0,Unfurnished,24.0,25.0,25.0,2.0,10.0,High,Yes,Yes,"Playground, Garden, Clubhouse, Gym",West,Builder,Under_Construction
92.0,Jharkhand,Ranchi,Locality_181,Property_Type,3.0,2163.0,57.29,0.03,2010.0,Semi-furnished,28.0,30.0,15.0,9.0,8.0,Low,Yes,No,Pool,East,Owner,Ready_to_Move
93.0,Haryana,Faridabad,Locality_75,Property_Type,1.0,1763.0,201.3,0.11,1995.0,Furnished,7.0,8.0,30.0,2.0,1.0,Medium,Yes,Yes,"Playground, Pool",North,Broker,Ready_to_Move
94.0,Uttar Pradesh,Lucknow,Locality_179,Property_Type,3.0,4283.0,40.33,0.01,2016.0,Semi-furnished,15.0,22.0,9.0,3.0,7.0,High,Yes,No,"Playground, Pool",East,Builder,Ready_to_Move
95.0,Odisha,Cuttack,Locality_180,Property_Type,1.0,2614.0,356.41,0.14,2020.0,Unfurnished,14.0,2.0,5.0,7.0,8.0,Low,Yes,No,Pool,North,Broker,Ready_to_Move
96.0,Andhra Pradesh,Vijayawada,Locality_326,Property_Type,5.0,4113.0,436.35,0.11,1991.0,Semi-furnished,13.0,4.0,34.0,2.0,1.0,Low,Yes,No,Playground,West,Broker,Under_Construction
97.0,Bihar,Gaya,Locality_384,Property_Type,3.0,2770.0,407.95,0.15,2016.0,Semi-furnished,29.0,5.0,9.0,5.0,2.0,High,No,No,"Pool, Gym, Clubhouse",North,Broker,Under_Construction
98.0,West Bengal,Durgapur,Locality_430,Property_Type,3.0,1177.0,81.49,0.07,1994.0,Unfurnished,12.0,15.0,31.0,10.0,6.0,Medium,No,Yes,Garden,North,Owner,Ready_to_Move
99.0,Punjab,Ludhiana,Locality_363,Property_Type,1.0,1277.0,12.52,0.01,2001.0,Semi-furnished,4.0,9.0,24.0,3.0,9.0,Medium,No,Yes,"Garden, Playground, Clubhouse, Pool, Gym",North,Builder,Ready_to_Move
100.0,West Bengal,Kolkata,Locality_83,Property_Type,4.0,509.0,375.0,0.74,2018.0,Semi-furnished,10.0,25.0,7.0,9.0,3.0,Medium,No,Yes,"Pool, Clubhouse, Gym",South,Owner,Ready_to_Move
101.0,Rajasthan,Jaipur,Locality_435,Property_Type,2.0,2731.0,454.02,0.17,2017.0,Unfurnished,29.0,25.0,8.0,9.0,9.0,Medium,No,No,"Gym, Clubhouse, Playground, Garden, Pool",East,Broker,Ready_to_Move
102.0,Chhattisgarh,Raipur,Locality_442,Property_Type,1.0,1880.0,375.52,0.2,2022.0,Unfurnished,28.0,21.0,3.0,10.0,4.0,High,No,No,"Garden, Pool, Clubhouse, Playground, Gym",West,Builder,Under_Construction
103.0,Chhattisgarh,Raipur,Locality_151,Property_Type,3.0,1434.0,160.5,0.11,1993.0,Furnished,11.0,12.0,32.0,2.0,2.0,Medium,Yes,Yes,"Clubhouse, Playground, Garden, Gym",South,Broker,Under_Construction
104.0,Punjab,Ludhiana,Locality_397,Property_Type,4.0,4925.0,338.2,0.07,2004.0,Furnished,4.0,18.0,21.0,8.0,6.0,Low,No,Yes,"Playground, Garden, Gym, Pool",East,Owner,Under_Construction
105.0,Jharkhand,Ranchi,Locality_211,Property_Type,5.0,4443.0,224.78,0.05,1997.0,Semi-furnished,15.0,8.0,28.0,10.0,5.0,Low,No,No,"Gym, Garden, Clubhouse, Pool, Playground",North,Broker,Under_Construction
106.0,Telangana,Warangal,Locality_278,Property_Type,1.0,517.0,262.28,0.51,2023.0,Unfurnished,5.0,27.0,2.0,7.0,1.0,Medium,No,No,"Garden, Clubhouse, Pool",South,Builder,Under_Construction
107.0,Jharkhand,Ranchi,Locality_53,Property_Type,1.0,696.0,49.97,0.07,2016.0,Unfurnished,19.0,16.0,9.0,4.0,8.0,Low,Yes,Yes,"Pool, Playground, Gym",North,Builder,Under_Construction
108.0,Andhra Pradesh,Vijayawada,Locality_172,Property_Type,1.0,2476.0,475.83,0.19,1995.0,Furnished,0.0,23.0,30.0,7.0,1.0,Medium,Yes,No,"Playground, Garden, Gym",North,Broker,Under_Construction
109.0,Madhya Pradesh,Bhopal,Locality_132,Property_Type,5.0,2283.0,414.09,0.18,2000.0,Furnished,25.0,2.0,25.0,6.0,4.0,Medium,No,Yes,"Playground, Clubhouse, Gym, Pool",West,Builder,Ready_to_Move
110.0,Rajasthan,Jaipur,Locality_422,Property_Type,4.0,2636.0,498.63,0.19,2001.0,Unfurnished,24.0,10.0,24.0,8.0,8.0,High,No,Yes,"Clubhouse, Pool",East,Builder,Ready_to_Move
111.0,West Bengal,Durgapur,Locality_84,Property_Type,5.0,3283.0,86.05,0.03,2005.0,Furnished,8.0,20.0,20.0,1.0,4.0,Low,Yes,No,Playground,North,Owner,Under_Construction
112.0,Assam,Silchar,Locality_480,Property_Type,1.0,3547.0,451.9,0.13,1992.0,Furnished,20.0,21.0,33.0,10.0,8.0,Low,No,No,Garden,South,Owner,Ready_to_Move
113.0,Odisha,Bhubaneswar,Locality_120,Property_Type,2.0,2884.0,45.66,0.02,2005.0,Furnished,15.0,3.0,20.0,9.0,2.0,Medium,No,Yes,Clubhouse,North,Broker,Ready_to_Move
114.0,Delhi,Dwarka,Locality_280,Property_Type,3.0,2004.0,197.01,0.1,2021.0,Unfurnished,21.0,23.0,4.0,6.0,5.0,Medium,No,Yes,"Playground, Clubhouse, Garden",South,Owner,Ready_to_Move
115.0,Karnataka,Mangalore,Locality_240,Property_Type,1.0,2002.0,292.93,0.15,1996.0,Semi-furnished,3.0,26.0,29.0,5.0,1.0,Low,Yes,Yes,"Pool, Clubhouse, Playground, Gym",East,Builder,Under_Construction
116.0,Tamil Nadu,Chennai,Locality_30,Property_Type,2.0,1033.0,210.45,0.2,2011.0,Unfurnished,17.0,3.0,14.0,4.0,8.0,Medium,No,Yes,Gym,North,Broker,Under_Construction
117.0,West Bengal,Durgapur,Locality_189,Property_Type,4.0,992.0,243.01,0.24,2007.0,Semi-furnished,25.0,7.0,18.0,9.0,6.0,Low,Yes,No,"Garden, Pool, Gym",South,Broker,Under_Construction
118.0,Gujarat,Surat,Locality_111,Property_Type,5.0,2947.0,410.0,0.14,2007.0,Furnished,28.0,24.0,18.0,5.0,3.0,Medium,Yes,No,"Garden, Gym, Pool",South,Broker,Under_Construction
119.0,Telangana,Hyderabad,Locality_52,Property_Type,5.0,2530.0,432.53,0.17,2007.0,Furnished,22.0,29.0,18.0,5.0,6.0,Low,No,No,"Garden, Pool",North,Broker,Ready_to_Move
120.0,Uttarakhand,Haridwar,Locality_393,Property_Type,2.0,1503.0,28.63,0.02,2008.0,Semi-furnished,21.0,30.0,17.0,5.0,4.0,High,Yes,No,"Gym, Pool, Clubhouse",West,Builder,Ready_to_Move
121.0,Delhi,Dwarka,Locality_57,Property_Type,3.0,1835.0,247.94,0.14,2022.0,Furnished,12.0,26.0,3.0,2.0,6.0,Low,Yes,No,"Pool, Garden, Gym, Clubhouse",North,Builder,Under_Construction
122.0,Andhra Pradesh,Vijayawada,Locality_59,Property_Type,3.0,1583.0,57.41,0.04,2020.0,Unfurnished,19.0,28.0,5.0,1.0,10.0,Medium,No,Yes,Pool,South,Broker,Ready_to_Move
123.0,Andhra Pradesh,Vijayawada,Locality_88,Property_Type,3.0,4169.0,256.79,0.06,2011.0,Unfurnished,13.0,10.0,14.0,9.0,2.0,High,Yes,No,"Clubhouse, Gym, Garden, Pool, Playground",West,Owner,Under_Construction
124.0,Uttarakhand,Haridwar,Locality_49,Property_Type,1.0,3036.0,375.04,0.12,2000.0,Furnished,7.0,29.0,25.0,9.0,6.0,Low,Yes,No,"Playground, Clubhouse, Pool, Garden",East,Owner,Under_Construction
125.0,Bihar,Patna,Locality_363,Property_Type,4.0,4918.0,112.97,0.02,2007.0,Semi-furnished,16.0,22.0,18.0,5.0,6.0,Medium,Yes,Yes,"Garden, Gym",West,Broker,Under_Construction
126.0,Assam,Silchar,Locality_323,Property_Type,1.0,1522.0,373.74,0.25,1995.0,Unfurnished,25.0,4.0,30.0,4.0,1.0,Low,Yes,No,Gym,North,Owner,Under_Construction
127.0,Punjab,Amritsar,Locality_255,Property_Type,1.0,4342.0,450.14,0.1,1997.0,Furnished,23.0,1.0,28.0,3.0,3.0,Low,Yes,No,"Gym, Clubhouse, Pool, Playground",East,Broker,Under_Construction
128.0,Chhattisgarh,Raipur,Locality_252,Property_Type,4.0,4243.0,342.61,0.08,1991.0,Furnished,23.0,8.0,34.0,4.0,10.0,Medium,No,Yes,"Playground, Garden, Clubhouse, Gym",West,Owner,Under_Construction
129.0,Maharashtra,Nagpur,Locality_171,Property_Type,3.0,3213.0,415.99,0.13,2012.0,Furnished,12.0,6.0,13.0,1.0,4.0,High,Yes,No,"Playground, Gym, Pool, Garden",North,Builder,Ready_to_Move
130.0,Tamil Nadu,Coimbatore,Locality_103,Property_Type,1.0,3201.0,182.4,0.06,2022.0,Semi-furnished,27.0,8.0,3.0,7.0,5.0,High,No,Yes,"Pool, Gym, Garden, Playground",North,Builder,Under_Construction
131.0,Chhattisgarh,Bilaspur,Locality_331,Property_Type,1.0,1284.0,23.83,0.02,1996.0,Semi-furnished,7.0,9.0,29.0,7.0,8.0,Low,No,No,"Playground, Gym, Garden",South,Builder,Under_Construction
132.0,Punjab,Ludhiana,Locality_95,Property_Type,2.0,4149.0,103.18,0.02,2000.0,Furnished,25.0,1.0,25.0,5.0,6.0,Low,No,Yes,"Gym, Clubhouse, Pool, Garden",South,Builder,Under_Construction
133.0,Haryana,Gurgaon,Locality_18,Property_Type,4.0,2353.0,343.37,0.15,1991.0,Unfurnished,7.0,14.0,34.0,1.0,4.0,Low,No,Yes,"Garden, Playground",West,Builder,Under_Construction
134.0,Tamil Nadu,Chennai,Locality_383,Property_Type,5.0,2152.0,236.36,0.11,1995.0,Semi-furnished,23.0,24.0,30.0,5.0,6.0,High,Yes,No,"Pool, Gym, Playground, Clubhouse",South,Broker,Ready_to_Move
135.0,Kerala,Kochi,Locality_334,Property_Type,2.0,624.0,174.53,0.28,2009.0,Furnished,22.0,8.0,16.0,10.0,3.0,Medium,Yes,Yes,"Clubhouse, Playground, Pool, Gym, Garden",East,Broker,Ready_to_Move
136.0,Telangana,Warangal,Locality_434,Property_Type,3.0,2148.0,317.31,0.15,1993.0,Unfurnished,24.0,20.0,32.0,2.0,9.0,High,Yes,No,"Pool, Playground, Garden",West,Broker,Ready_to_Move
137.0,Gujarat,Surat,Locality_129,Property_Type,4.0,4476.0,29.35,0.01,1997.0,Furnished,27.0,9.0,28.0,3.0,4.0,Low,Yes,Yes,"Playground, Pool, Gym",East,Builder,Ready_to_Move
138.0,Bihar,Gaya,Locality_93,Property_Type,2.0,532.0,74.83,0.14,2012.0,Unfurnished,19.0,12.0,13.0,7.0,9.0,Low,No,No,"Clubhouse, Pool",West,Broker,Under_Construction
139.0,Maharashtra,Nagpur,Locality_477,Property_Type,5.0,3226.0,363.13,0.11,2008.0,Furnished,17.0,25.0,17.0,9.0,6.0,Low,No,Yes,"Playground, Garden, Gym",West,Builder,Ready_to_Move
140.0,Punjab,Ludhiana,Locality_61,Property_Type,5.0,4510.0,189.14,0.04,2010.0,Unfurnished,22.0,9.0,15.0,7.0,3.0,High,No,Yes,"Gym, Playground, Garden",North,Builder,Ready_to_Move
141.0,Assam,Guwahati,Locality_281,Property_Type,1.0,4173.0,405.3,0.1,1994.0,Unfurnished,5.0,22.0,31.0,2.0,8.0,Medium,Yes,No,"Playground, Garden, Clubhouse, Pool",North,Owner,Under_Construction
142.0,Gujarat,Surat,Locality_55,Property_Type,2.0,3033.0,488.24,0.16,1997.0,Furnished,18.0,25.0,28.0,6.0,7.0,Medium,Yes,Yes,"Pool, Garden, Clubhouse",South,Builder,Ready_to_Move
143.0,Assam,Guwahati,Locality_250,Property_Type,1.0,2166.0,78.92,0.04,2003.0,Semi-furnished,21.0,25.0,22.0,8.0,6.0,Low,Yes,Yes,"Gym, Clubhouse, Garden, Playground",South,Builder,Under_Construction
144.0,Tamil Nadu,Coimbatore,Locality_139,Property_Type,1.0,574.0,154.28,0.27,1997.0,Furnished,4.0,9.0,28.0,10.0,1.0,Medium,No,Yes,"Gym, Garden, Clubhouse",South,Owner,Under_Construction
145.0,Kerala,Kochi,Locality_255,Property_Type,2.0,2210.0,66.05,0.03,2014.0,Unfurnished,2.0,14.0,11.0,6.0,5.0,Medium,Yes,Yes,"Clubhouse, Gym, Garden, Pool, Playground",North,Broker,Under_Construction
146.0,Assam,Silchar,Locality_90,Property_Type,5.0,1797.0,58.49,0.03,2001.0,Furnished,6.0,19.0,24.0,5.0,10.0,Medium,Yes,No,"Playground, Pool, Gym",North,Broker,Ready_to_Move
147.0,Uttarakhand,Dehradun,Locality_314,Property_Type,3.0,592.0,50.3,0.08,2013.0,Unfurnished,3.0,24.0,12.0,8.0,5.0,Medium,No,Yes,"Gym, Playground, Pool",North,Broker,Ready_to_Move
148.0,Uttar Pradesh,Noida,Locality_341,Property_Type,2.0,3521.0,263.96,0.07,2008.0,Unfurnished,13.0,18.0,17.0,8.0,5.0,Low,No,No,"Pool, Clubhouse, Playground",West,Owner,Ready_to_Move
149.0,West Bengal,Kolkata,Locality_459,Property_Type,4.0,1585.0,27.75,0.02,2022.0,Furnished,13.0,30.0,3.0,8.0,6.0,High,No,Yes,"Playground, Garden, Clubhouse, Gym, Pool",South,Builder,Under_Construction
150.0,Madhya Pradesh,Bhopal,Locality_463,Property_Type,1.0,3381.0,444.6,0.13,2021.0,Furnished,9.0,7.0,4.0,4.0,9.0,Medium,No,Yes,Clubhouse,West,Owner,Under_Construction
151.0,Gujarat,Ahmedabad,Locality_382,Property_Type,2.0,3902.0,400.96,0.1,1994.0,Furnished,3.0,13.0,31.0,10.0,2.0,Medium,Yes,Yes,"Playground, Pool, Garden, Gym, Clubhouse",West,Broker,Ready_to_Move
152.0,Chhattisgarh,Bilaspur,Locality_43,Property_Type,5.0,4786.0,162.94,0.03,2009.0,Furnished,9.0,15.0,16.0,8.0,2.0,Medium,No,Yes,Clubhouse,West,Broker,Ready_to_Move
153.0,Assam,Silchar,Locality_258,Property_Type,3.0,2187.0,374.76,0.17,1990.0,Unfurnished,25.0,8.0,35.0,1.0,6.0,Low,No,Yes,"Garden, Playground, Clubhouse, Pool, Gym",South,Builder,Ready_to_Move
154.0,Maharashtra,Pune,Locality_386,Property_Type,5.0,1708.0,256.5,0.15,2022.0,Semi-furnished,27.0,6.0,3.0,2.0,4.0,High,No,No,"Clubhouse, Gym",West,Owner,Ready_to_Move
155.0,Uttarakhand,Dehradun,Locality_251,Property_Type,2.0,2662.0,308.52,0.12,2004.0,Unfurnished,0.0,10.0,21.0,3.0,4.0,Medium,Yes,No,Gym,East,Builder,Ready_to_Move
156.0,Haryana,Faridabad,Locality_57,Property_Type,5.0,1711.0,143.64,0.08,1995.0,Furnished,30.0,4.0,30.0,6.0,10.0,Medium,No,Yes,"Playground, Garden, Clubhouse, Gym",North,Owner,Under_Construction
157.0,Odisha,Bhubaneswar,Locality_491,Property_Type,4.0,4745.0,377.58,0.08,1990.0,Semi-furnished,21.0,4.0,35.0,8.0,7.0,Medium,No,Yes,"Pool, Clubhouse",West,Builder,Ready_to_Move
158.0,Maharashtra,Nagpur,Locality_3,Property_Type,3.0,4736.0,292.87,0.06,1996.0,Unfurnished,9.0,2.0,29.0,4.0,10.0,High,No,Yes,"Garden, Playground, Pool, Gym",West,Owner,Ready_to_Move
159.0,Tamil Nadu,Chennai,Locality_141,Property_Type,1.0,4621.0,329.81,0.07,2006.0,Semi-furnished,11.0,28.0,19.0,5.0,3.0,Low,Yes,Yes,"Garden, Gym, Clubhouse, Playground, Pool",West,Builder,Under_Construction
160.0,Madhya Pradesh,Indore,Locality_23,Property_Type,1.0,4629.0,410.41,0.09,2000.0,Semi-furnished,6.0,28.0,25.0,5.0,2.0,Medium,Yes,Yes,"Garden, Pool, Gym",South,Builder,Ready_to_Move
161.0,Kerala,Trivandrum,Locality_231,Property_Type,5.0,3280.0,151.92,0.05,2014.0,Furnished,10.0,2.0,11.0,4.0,8.0,Low,No,No,"Playground, Garden, Gym, Clubhouse, Pool",East,Builder,Under_Construction
162.0,Rajasthan,Jaipur,Locality_418,Property_Type,2.0,2864.0,478.08,0.17,2009.0,Semi-furnished,14.0,3.0,16.0,9.0,9.0,Medium,Yes,Yes,Garden,North,Owner,Under_Construction
163.0,Karnataka,Mysore,Locality_396,Property_Type,1.0,3235.0,357.89,0.11,2008.0,Semi-furnished,24.0,19.0,17.0,5.0,10.0,Low,Yes,No,"Garden, Clubhouse, Playground, Gym, Pool",South,Owner,Under_Construction
164.0,Rajasthan,Jodhpur,Locality_141,Property_Type,5.0,1692.0,275.72,0.16,2023.0,Furnished,21.0,3.0,2.0,2.0,7.0,High,Yes,No,Clubhouse,South,Builder,Ready_to_Move
165.0,Jharkhand,Jamshedpur,Locality_478,Property_Type,4.0,2560.0,40.86,0.02,2005.0,Unfurnished,16.0,22.0,20.0,3.0,7.0,High,No,Yes,"Pool, Clubhouse, Playground, Garden",South,Broker,Under_Construction
166.0,Delhi,Dwarka,Locality_146,Property_Type,1.0,2578.0,290.11,0.11,1994.0,Semi-furnished,18.0,23.0,31.0,1.0,2.0,Low,No,Yes,"Clubhouse, Gym, Pool, Garden, Playground",East,Owner,Ready_to_Move
167.0,Delhi,Dwarka,Locality_493,Property_Type,1.0,2685.0,286.53,0.11,2009.0,Furnished,12.0,20.0,16.0,3.0,6.0,Medium,Yes,Yes,"Gym, Garden, Playground, Pool, Clubhouse",North,Broker,Ready_to_Move
168.0,Odisha,Cuttack,Locality_305,Property_Type,3.0,3967.0,427.0,0.11,2014.0,Furnished,10.0,3.0,11.0,7.0,8.0,Medium,No,No,"Pool, Gym, Clubhouse, Garden, Playground",West,Broker,Under_Construction
169.0,Delhi,New Delhi,Locality_353,Property_Type,5.0,653.0,483.31,0.74,2006.0,Unfurnished,16.0,7.0,19.0,6.0,2.0,Low,Yes,No,"Clubhouse, Playground, Pool",East,Broker,Ready_to_Move
170.0,Chhattisgarh,Bilaspur,Locality_105,Property_Type,2.0,758.0,470.13,0.62,2021.0,Unfurnished,30.0,25.0,4.0,10.0,3.0,Medium,Yes,No,"Clubhouse, Playground, Pool, Garden, Gym",North,Owner,Under_Construction
171.0,West Bengal,Durgapur,Locality_98,Property_Type,4.0,4071.0,353.67,0.09,2010.0,Furnished,23.0,8.0,15.0,7.0,9.0,High,Yes,Yes,"Pool, Gym, Garden",North,Owner,Ready_to_Move
172.0,West Bengal,Kolkata,Locality_384,Property_Type,3.0,4924.0,218.63,0.04,2022.0,Furnished,4.0,6.0,3.0,3.0,10.0,Medium,No,No,Clubhouse,North,Broker,Under_Construction
173.0,Odisha,Bhubaneswar,Locality_350,Property_Type,1.0,1677.0,15.96,0.01,2009.0,Furnished,21.0,26.0,16.0,8.0,7.0,Low,No,Yes,"Clubhouse, Pool",East,Owner,Under_Construction
174.0,Chhattisgarh,Bilaspur,Locality_138,Property_Type,1.0,866.0,140.45,0.16,2007.0,Unfurnished,15.0,30.0,18.0,8.0,8.0,Low,Yes,No,"Pool, Garden, Gym, Clubhouse, Playground",South,Broker,Under_Construction
175.0,Gujarat,Surat,Locality_263,Property_Type,5.0,2289.0,473.24,0.21,2017.0,Semi-furnished,12.0,5.0,8.0,3.0,6.0,Medium,No,Yes,"Garden, Gym",East,Broker,Under_Construction
176.0,Punjab,Amritsar,Locality_38,Property_Type,4.0,1659.0,259.92,0.16,2011.0,Furnished,13.0,6.0,14.0,9.0,6.0,Low,No,Yes,Garden,East,Broker,Under_Construction
177.0,Assam,Guwahati,Locality_221,Property_Type,4.0,4532.0,233.76,0.05,2000.0,Furnished,9.0,5.0,25.0,5.0,3.0,Medium,No,No,"Clubhouse, Garden, Pool, Gym, Playground",West,Owner,Ready_to_Move
178.0,Uttarakhand,Haridwar,Locality_220,Property_Type,2.0,1800.0,210.85,0.12,2006.0,Semi-furnished,22.0,28.0,19.0,3.0,2.0,Low,Yes,No,"Garden, Gym, Clubhouse, Playground, Pool",North,Owner,Ready_to_Move
179.0,Telangana,Hyderabad,Locality_276,Property_Type,5.0,4376.0,272.95,0.06,2001.0,Semi-furnished,21.0,12.0,24.0,2.0,2.0,Medium,Yes,No,"Gym, Pool",North,Owner,Ready_to_Move
180.0,Uttar Pradesh,Lucknow,Locality_451,Property_Type,4.0,2664.0,278.46,0.1,2005.0,Unfurnished,26.0,11.0,20.0,7.0,10.0,High,No,No,"Clubhouse, Pool, Gym",North,Builder,Ready_to_Move
181.0,Chhattisgarh,Bilaspur,Locality_382,Property_Type,4.0,741.0,499.57,0.67,1992.0,Semi-furnished,2.0,15.0,33.0,5.0,6.0,Medium,Yes,No,"Garden, Pool, Clubhouse, Gym",North,Broker,Under_Construction
182.0,Uttar Pradesh,Noida,Locality_12,Property_Type,2.0,1189.0,222.12,0.19,1990.0,Semi-furnished,21.0,6.0,35.0,9.0,3.0,High,No,Yes,Gym,East,Builder,Ready_to_Move
183.0,Kerala,Kochi,Locality_100,Property_Type,2.0,4456.0,494.15,0.11,2005.0,Unfurnished,29.0,16.0,20.0,10.0,4.0,Low,No,Yes,"Pool, Clubhouse, Garden, Gym",North,Builder,Ready_to_Move
184.0,Andhra Pradesh,Vijayawada,Locality_391,Property_Type,3.0,600.0,498.79,0.83,2016.0,Semi-furnished,25.0,15.0,9.0,3.0,7.0,High,Yes,No,"Clubhouse, Playground, Gym",South,Owner,Under_Construction
185.0,Madhya Pradesh,Bhopal,Locality_219,Property_Type,1.0,4158.0,87.31,0.02,1992.0,Unfurnished,4.0,10.0,33.0,9.0,10.0,Low,No,No,"Clubhouse, Playground, Pool, Garden",West,Builder,Under_Construction
186.0,Bihar,Gaya,Locality_337,Property_Type,3.0,4866.0,280.79,0.06,1994.0,Semi-furnished,6.0,1.0,31.0,8.0,9.0,High,Yes,Yes,"Gym, Playground, Clubhouse, Garden",East,Owner,Under_Construction
187.0,Assam,Silchar,Locality_65,Property_Type,3.0,3438.0,42.64,0.01,2003.0,Semi-furnished,17.0,27.0,22.0,7.0,8.0,High,Yes,No,"Playground, Pool",West,Broker,Ready_to_Move
188.0,Bihar,Patna,Locality_112,Property_Type,4.0,1971.0,413.63,0.21,2012.0,Semi-furnished,9.0,10.0,13.0,4.0,3.0,Low,Yes,No,"Gym, Pool, Clubhouse, Playground",North,Owner,Under_Construction
189.0,Tamil Nadu,Coimbatore,Locality_363,Property_Type,2.0,4560.0,105.4,0.02,2021.0,Furnished,6.0,10.0,4.0,6.0,2.0,Low,Yes,Yes,"Garden, Clubhouse, Pool",West,Owner,Under_Construction
190.0,Rajasthan,Jodhpur,Locality_476,Property_Type,3.0,1685.0,343.79,0.2,2020.0,Furnished,17.0,21.0,5.0,6.0,9.0,High,Yes,Yes,"Gym, Pool, Clubhouse, Playground, Garden",South,Owner,Under_Construction
191.0,Rajasthan,Jaipur,Locality_99,Property_Type,4.0,4467.0,11.62,0.0,1992.0,Furnished,8.0,6.0,33.0,10.0,5.0,Low,Yes,Yes,Playground,West,Owner,Under_Construction
192.0,Delhi,Dwarka,Locality_100,Property_Type,2.0,4106.0,233.31,0.06,2000.0,Semi-furnished,8.0,28.0,25.0,1.0,6.0,Medium,No,Yes,"Gym, Playground, Pool, Clubhouse, Garden",East,Broker,Under_Construction
193.0,Haryana,Gurgaon,Locality_402,Property_Type,4.0,549.0,63.98,0.12,1995.0,Furnished,20.0,15.0,30.0,9.0,3.0,Low,Yes,No,"Garden, Gym, Playground",West,Broker,Under_Construction
194.0,Maharashtra,Nagpur,Locality_220,Property_Type,3.0,2833.0,147.8,0.05,2019.0,Unfurnished,12.0,30.0,6.0,10.0,10.0,Low,No,No,Gym,East,Builder,Ready_to_Move
195.0,Jharkhand,Ranchi,Locality_296,Property_Type,2.0,1419.0,39.59,0.03,2014.0,Furnished,23.0,30.0,11.0,7.0,3.0,High,No,Yes,"Playground, Gym, Pool, Clubhouse, Garden",East,Owner,Ready_to_Move
196.0,Chhattisgarh,Raipur,Locality_182,Property_Type,2.0,2220.0,402.61,0.18,2003.0,Semi-furnished,2.0,7.0,22.0,5.0,4.0,Medium,Yes,Yes,"Gym, Playground, Pool, Garden",North,Owner,Under_Construction
197.0,Rajasthan,Jaipur,Locality_210,Property_Type,1.0,1123.0,56.84,0.05,2016.0,Unfurnished,5.0,25.0,9.0,6.0,2.0,Medium,No,Yes,"Playground, Clubhouse, Pool, Gym",East,Builder,Ready_to_Move
198.0,Jharkhand,Jamshedpur,Locality_333,Property_Type,2.0,1417.0,291.29,0.21,1994.0,Furnished,18.0,21.0,31.0,5.0,5.0,High,No,No,"Garden, Pool, Playground, Clubhouse, Gym",West,Owner,Ready_to_Move
199.0,Rajasthan,Jodhpur,Locality_89,Property_Type,1.0,3283.0,87.5,0.03,2015.0,Semi-furnished,15.0,25.0,10.0,1.0,4.0,Medium,Yes,No,"Garden, Gym, Playground, Clubhouse, Pool",South,Builder,Under_Construction
200.0,Maharashtra,Nagpur,Locality_206,Property_Type,3.0,4396.0,325.98,0.07,2006.0,Unfurnished,7.0,8.0,19.0,10.0,4.0,Low,Yes,No,"Garden, Playground, Pool, Gym, Clubhouse",East,Broker,Under_Construction
201.0,Delhi,Dwarka,Locality_283,Property_Type,1.0,4830.0,133.62,0.03,2017.0,Unfurnished,2.0,6.0,8.0,3.0,6.0,Low,No,No,Gym,West,Broker,Ready_to_Move
202.0,Karnataka,Mangalore,Locality_160,Property_Type,4.0,2710.0,391.27,0.14,2017.0,Semi-furnished,14.0,28.0,8.0,6.0,10.0,Medium,No,Yes,"Garden, Clubhouse, Gym, Playground, Pool",West,Builder,Ready_to_Move
203.0,Rajasthan,Jaipur,Locality_191,Property_Type,2.0,1965.0,271.23,0.14,1998.0,Unfurnished,23.0,12.0,27.0,7.0,3.0,Low,No,No,"Gym, Pool, Garden",West,Builder,Ready_to_Move
204.0,Delhi,Dwarka,Locality_450,Property_Type,1.0,3172.0,496.37,0.16,2023.0,Semi-furnished,23.0,16.0,2.0,10.0,6.0,High,Yes,No,Garden,West,Builder,Ready_to_Move
205.0,Karnataka,Mysore,Locality_405,Property_Type,5.0,3351.0,86.04,0.03,2010.0,Unfurnished,0.0,27.0,15.0,2.0,1.0,Medium,No,Yes,"Gym, Playground, Garden, Pool, Clubhouse",East,Builder,Under_Construction
206.0,Haryana,Gurgaon,Locality_67,Property_Type,1.0,2819.0,277.69,0.1,1996.0,Semi-furnished,8.0,29.0,29.0,5.0,10.0,High,No,No,"Gym, Clubhouse",South,Broker,Ready_to_Move
207.0,Delhi,New Delhi,Locality_417,Property_Type,1.0,1384.0,163.26,0.12,1995.0,Unfurnished,15.0,24.0,30.0,10.0,3.0,Low,Yes,No,"Clubhouse, Garden, Pool",West,Broker,Under_Construction
208.0,Assam,Silchar,Locality_418,Property_Type,3.0,911.0,466.06,0.51,2010.0,Furnished,26.0,3.0,15.0,7.0,2.0,Medium,Yes,Yes,Playground,East,Owner,Under_Construction
209.0,Rajasthan,Jodhpur,Locality_68,Property_Type,4.0,4025.0,162.67,0.04,2022.0,Unfurnished,28.0,11.0,3.0,5.0,5.0,Low,Yes,No,"Clubhouse, Pool, Gym, Playground, Garden",North,Broker,Ready_to_Move
210.0,Punjab,Amritsar,Locality_24,Property_Type,1.0,1066.0,188.53,0.18,2022.0,Furnished,18.0,18.0,3.0,5.0,9.0,Low,No,No,Pool,North,Owner,Ready_to_Move
211.0,Odisha,Cuttack,Locality_164,Property_Type,1.0,3746.0,89.1,0.02,1999.0,Furnished,16.0,20.0,26.0,6.0,1.0,High,No,Yes,"Garden, Gym, Playground, Pool",West,Broker,Under_Construction
212.0,Uttar Pradesh,Lucknow,Locality_18,Property_Type,4.0,3477.0,154.31,0.04,2011.0,Semi-furnished,3.0,24.0,14.0,4.0,9.0,Low,No,Yes,"Garden, Clubhouse, Playground",East,Broker,Ready_to_Move
213.0,Chhattisgarh,Bilaspur,Locality_338,Property_Type,1.0,3466.0,63.53,0.02,2016.0,Semi-furnished,10.0,12.0,9.0,6.0,2.0,Low,Yes,No,"Clubhouse, Playground",North,Broker,Under_Construction
214.0,West Bengal,Durgapur,Locality_49,Property_Type,1.0,2597.0,353.09,0.14,1993.0,Semi-furnished,29.0,27.0,32.0,9.0,2.0,High,Yes,No,"Garden, Pool, Gym, Playground, Clubhouse",South,Broker,Ready_to_Move
215.0,Jharkhand,Ranchi,Locality_192,Property_Type,2.0,3471.0,17.01,0.0,2019.0,Semi-furnished,20.0,26.0,6.0,9.0,1.0,High,No,Yes,"Clubhouse, Garden",West,Owner,Under_Construction
216.0,Jharkhand,Ranchi,Locality_261,Property_Type,5.0,1497.0,337.41,0.23,2000.0,Unfurnished,26.0,23.0,25.0,5.0,9.0,High,No,No,"Gym, Pool",South,Builder,Under_Construction
217.0,Odisha,Bhubaneswar,Locality_360,Property_Type,1.0,2555.0,401.84,0.16,2009.0,Unfurnished,0.0,12.0,16.0,2.0,8.0,High,No,Yes,"Garden, Pool, Gym, Playground",South,Broker,Under_Construction
218.0,Rajasthan,Jaipur,Locality_400,Property_Type,3.0,4002.0,188.75,0.05,2016.0,Unfurnished,24.0,19.0,9.0,9.0,4.0,Medium,No,Yes,"Garden, Clubhouse, Pool, Gym",North,Owner,Ready_to_Move
219.0,Odisha,Cuttack,Locality_140,Property_Type,2.0,2136.0,115.93,0.05,2018.0,Unfurnished,21.0,29.0,7.0,4.0,4.0,Medium,Yes,No,"Pool, Gym, Playground",West,Owner,Ready_to_Move
220.0,Telangana,Warangal,Locality_162,Property_Type,2.0,2812.0,46.72,0.02,2003.0,Furnished,4.0,22.0,22.0,4.0,3.0,Medium,Yes,Yes,Gym,North,Builder,Under_Construction
221.0,Uttar Pradesh,Noida,Locality_278,Property_Type,5.0,3880.0,429.36,0.11,2018.0,Semi-furnished,19.0,27.0,7.0,6.0,7.0,High,Yes,No,Garden,East,Owner,Under_Construction
222.0,Tamil Nadu,Chennai,Locality_477,Property_Type,5.0,2412.0,281.53,0.12,2015.0,Unfurnished,29.0,14.0,10.0,7.0,10.0,Medium,No,Yes,"Gym, Clubhouse",West,Builder,Ready_to_Move
223.0,Tamil Nadu,Chennai,Locality_182,Property_Type,1.0,4326.0,392.2,0.09,2001.0,Unfurnished,15.0,15.0,24.0,4.0,6.0,High,No,Yes,"Pool, Gym",South,Broker,Under_Construction
224.0,Telangana,Hyderabad,Locality_181,Property_Type,1.0,3010.0,29.24,0.01,2015.0,Unfurnished,2.0,20.0,10.0,6.0,5.0,Medium,Yes,No,"Pool, Playground, Garden, Clubhouse, Gym",East,Builder,Under_Construction
225.0,Madhya Pradesh,Bhopal,Locality_243,Property_Type,4.0,4076.0,36.99,0.01,2021.0,Unfurnished,7.0,20.0,4.0,10.0,10.0,Low,Yes,Yes,"Garden, Clubhouse, Pool, Playground",North,Builder,Ready_to_Move
226.0,Telangana,Warangal,Locality_272,Property_Type,4.0,2274.0,332.11,0.15,2016.0,Semi-furnished,10.0,1.0,9.0,9.0,8.0,Medium,No,No,"Gym, Clubhouse",West,Broker,Ready_to_Move
227.0,Telangana,Hyderabad,Locality_259,Property_Type,3.0,2879.0,31.33,0.01,1998.0,Unfurnished,27.0,30.0,27.0,2.0,3.0,Medium,No,No,"Clubhouse, Pool, Gym, Playground",South,Owner,Ready_to_Move
228.0,Bihar,Patna,Locality_414,Property_Type,3.0,3235.0,354.19,0.11,2010.0,Semi-furnished,18.0,26.0,15.0,8.0,8.0,Low,Yes,No,"Pool, Clubhouse, Garden, Gym, Playground",South,Broker,Ready_to_Move
229.0,Karnataka,Mangalore,Locality_88,Property_Type,5.0,1982.0,234.86,0.12,2019.0,Unfurnished,16.0,25.0,6.0,4.0,6.0,Low,No,No,"Gym, Clubhouse, Pool, Garden",East,Broker,Ready_to_Move
230.0,Tamil Nadu,Coimbatore,Locality_243,Property_Type,3.0,3289.0,457.11,0.14,2009.0,Unfurnished,10.0,29.0,16.0,10.0,6.0,High,No,Yes,"Garden, Playground",North,Owner,Ready_to_Move
231.0,Karnataka,Bangalore,Locality_452,Property_Type,1.0,999.0,342.81,0.34,2006.0,Semi-furnished,15.0,25.0,19.0,2.0,7.0,Low,Yes,No,"Clubhouse, Garden",West,Broker,Under_Construction
232.0,Andhra Pradesh,Vijayawada,Locality_125,Property_Type,5.0,1338.0,269.41,0.2,2000.0,Unfurnished,6.0,6.0,25.0,10.0,1.0,Low,No,No,"Garden, Clubhouse, Gym",East,Owner,Ready_to_Move
233.0,Haryana,Faridabad,Locality_21,Property_Type,3.0,1319.0,147.26,0.11,2018.0,Unfurnished,16.0,22.0,7.0,5.0,6.0,Low,Yes,Yes,"Pool, Clubhouse, Gym, Playground",North,Builder,Ready_to_Move
234.0,Tamil Nadu,Chennai,Locality_21,Property_Type,2.0,702.0,107.43,0.15,1990.0,Semi-furnished,0.0,3.0,35.0,10.0,7.0,Low,Yes,No,"Clubhouse, Garden, Gym, Playground, Pool",West,Owner,Ready_to_Move
235.0,Rajasthan,Jaipur,Locality_56,Property_Type,2.0,2360.0,464.41,0.2,1997.0,Semi-furnished,27.0,4.0,28.0,5.0,4.0,Low,Yes,No,"Playground, Clubhouse",East,Broker,Ready_to_Move
236.0,Uttar Pradesh,Lucknow,Locality_201,Property_Type,1.0,2608.0,229.92,0.09,2007.0,Furnished,10.0,13.0,18.0,10.0,9.0,Medium,No,Yes,"Clubhouse, Playground, Garden, Pool, Gym",East,Builder,Ready_to_Move
237.0,Uttar Pradesh,Noida,Locality_224,Property_Type,5.0,2125.0,177.3,0.08,2001.0,Furnished,8.0,16.0,24.0,5.0,3.0,Low,No,No,"Garden, Playground, Gym, Clubhouse",West,Broker,Under_Construction
238.0,Chhattisgarh,Raipur,Locality_223,Property_Type,1.0,4058.0,186.02,0.05,2003.0,Furnished,28.0,26.0,22.0,7.0,10.0,Low,Yes,Yes,"Pool, Clubhouse, Garden, Gym, Playground",South,Owner,Ready_to_Move
239.0,Bihar,Gaya,Locality_162,Property_Type,2.0,3376.0,51.83,0.02,1993.0,Semi-furnished,12.0,21.0,32.0,1.0,1.0,Low,Yes,Yes,"Gym, Clubhouse, Garden, Playground, Pool",West,Broker,Under_Construction
240.0,West Bengal,Durgapur,Locality_234,Property_Type,3.0,4561.0,141.04,0.03,2014.0,Semi-furnished,19.0,3.0,11.0,10.0,10.0,Medium,No,Yes,"Playground, Clubhouse, Gym, Garden",East,Broker,Under_Construction
241.0,Telangana,Hyderabad,Locality_213,Property_Type,4.0,2597.0,300.43,0.12,2000.0,Furnished,24.0,7.0,25.0,10.0,10.0,Medium,No,No,"Clubhouse, Garden, Playground",South,Broker,Ready_to_Move
242.0,Gujarat,Ahmedabad,Locality_489,Property_Type,1.0,1224.0,102.77,0.08,2004.0,Unfurnished,18.0,29.0,21.0,9.0,1.0,High,Yes,No,Clubhouse,West,Broker,Ready_to_Move
243.0,Punjab,Amritsar,Locality_458,Property_Type,3.0,3925.0,229.96,0.06,1991.0,Semi-furnished,22.0,3.0,34.0,3.0,10.0,Low,No,Yes,"Garden, Gym, Playground",East,Owner,Ready_to_Move
244.0,Bihar,Patna,Locality_90,Property_Type,1.0,1066.0,383.37,0.36,1992.0,Unfurnished,6.0,21.0,33.0,3.0,10.0,High,No,Yes,"Gym, Clubhouse, Playground, Garden",South,Broker,Under_Construction
245.0,Rajasthan,Jaipur,Locality_89,Property_Type,2.0,3263.0,465.12,0.14,2016.0,Furnished,11.0,2.0,9.0,2.0,2.0,Low,No,No,"Pool, Playground, Clubhouse, Garden",East,Broker,Ready_to_Move
246.0,Delhi,Dwarka,Locality_208,Property_Type,2.0,3771.0,99.52,0.03,2021.0,Unfurnished,22.0,8.0,4.0,2.0,9.0,Medium,Yes,No,"Clubhouse, Garden, Pool, Playground, Gym",North,Owner,Under_Construction
247.0,Bihar,Gaya,Locality_385,Property_Type,4.0,4258.0,214.46,0.05,1993.0,Unfurnished,19.0,12.0,32.0,6.0,2.0,Medium,No,Yes,"Pool, Playground, Gym",North,Broker,Under_Construction
248.0,Chhattisgarh,Raipur,Locality_256,Property_Type,3.0,3090.0,311.76,0.1,1997.0,Furnished,21.0,11.0,28.0,3.0,2.0,Medium,Yes,No,"Garden, Pool",South,Owner,Ready_to_Move
249.0,Tamil Nadu,Chennai,Locality_182,Property_Type,4.0,4994.0,468.83,0.09,2018.0,Furnished,19.0,23.0,7.0,4.0,9.0,Medium,Yes,No,"Clubhouse, Garden",South,Builder,Under_Construction
250.0,Karnataka,Bangalore,Locality_89,Property_Type,2.0,1022.0,68.09,0.07,2009.0,Furnished,17.0,9.0,16.0,4.0,3.0,Low,Yes,No,"Gym, Clubhouse, Pool",South,Owner,Under_Construction
251.0,Chhattisgarh,Raipur,Locality_358,Property_Type,2.0,3384.0,42.02,0.01,2019.0,Semi-furnished,30.0,26.0,6.0,10.0,2.0,Low,No,No,"Clubhouse, Gym, Garden, Pool",West,Builder,Ready_to_Move
252.0,Maharashtra,Pune,Locality_173,Property_Type,2.0,1282.0,361.94,0.28,2003.0,Furnished,18.0,24.0,22.0,10.0,1.0,Low,Yes,No,"Gym, Pool, Playground, Garden",North,Owner,Under_Construction
253.0,Delhi,Dwarka,Locality_418,Property_Type,2.0,3425.0,208.09,0.06,1991.0,Unfurnished,26.0,7.0,34.0,4.0,6.0,Low,Yes,No,Clubhouse,South,Broker,Ready_to_Move
254.0,Rajasthan,Jodhpur,Locality_431,Property_Type,3.0,3712.0,84.81,0.02,2018.0,Semi-furnished,0.0,20.0,7.0,1.0,9.0,Low,Yes,Yes,"Gym, Playground",West,Builder,Ready_to_Move
255.0,Gujarat,Surat,Locality_34,Property_Type,2.0,676.0,216.1,0.32,1999.0,Unfurnished,23.0,15.0,26.0,10.0,1.0,Low,Yes,No,"Pool, Clubhouse",East,Builder,Under_Construction
256.0,Telangana,Hyderabad,Locality_222,Property_Type,2.0,4021.0,292.75,0.07,1997.0,Unfurnished,20.0,8.0,28.0,9.0,8.0,High,Yes,No,"Clubhouse, Garden, Gym",West,Broker,Under_Construction
257.0,Odisha,Bhubaneswar,Locality_218,Property_Type,5.0,4606.0,422.83,0.09,2021.0,Unfurnished,5.0,11.0,4.0,5.0,3.0,High,Yes,Yes,Playground,West,Owner,Ready_to_Move
258.0,Odisha,Bhubaneswar,Locality_248,Property_Type,1.0,2355.0,94.46,0.04,2010.0,Furnished,11.0,1.0,15.0,6.0,5.0,Low,No,No,"Pool, Garden, Gym, Clubhouse, Playground",West,Owner,Ready_to_Move
259.0,Uttar Pradesh,Lucknow,Locality_188,Property_Type,5.0,4969.0,321.24,0.06,2006.0,Unfurnished,13.0,15.0,19.0,4.0,5.0,High,Yes,No,"Pool, Gym, Clubhouse",West,Owner,Ready_to_Move
260.0,Andhra Pradesh,Vijayawada,Locality_377,Property_Type,1.0,2060.0,102.17,0.05,2013.0,Unfurnished,2.0,11.0,12.0,5.0,4.0,Medium,Yes,Yes,"Pool, Garden, Gym, Clubhouse, Playground",East,Broker,Under_Construction
261.0,Karnataka,Mangalore,Locality_120,Property_Type,4.0,4916.0,343.05,0.07,2019.0,Furnished,19.0,27.0,6.0,5.0,2.0,Low,Yes,Yes,"Playground, Gym, Pool, Garden",East,Owner,Ready_to_Move
262.0,Gujarat,Ahmedabad,Locality_274,Property_Type,4.0,1161.0,325.26,0.28,2015.0,Semi-furnished,30.0,14.0,10.0,1.0,7.0,Medium,Yes,Yes,"Pool, Garden, Gym",East,Broker,Under_Construction
263.0,Andhra Pradesh,Vijayawada,Locality_152,Property_Type,2.0,638.0,290.65,0.46,2008.0,Unfurnished,16.0,17.0,17.0,10.0,7.0,High,No,Yes,"Clubhouse, Playground",North,Broker,Under_Construction
264.0,Maharashtra,Pune,Locality_85,Property_Type,4.0,973.0,307.14,0.32,2008.0,Furnished,3.0,13.0,17.0,3.0,9.0,Low,Yes,No,"Playground, Gym, Pool",North,Owner,Ready_to_Move
265.0,Andhra Pradesh,Vijayawada,Locality_142,Property_Type,3.0,1985.0,147.04,0.07,2004.0,Furnished,30.0,24.0,21.0,3.0,5.0,High,Yes,Yes,"Playground, Pool, Gym, Garden",East,Broker,Under_Construction
266.0,Punjab,Ludhiana,Locality_291,Property_Type,5.0,1337.0,309.04,0.23,2003.0,Semi-furnished,25.0,3.0,22.0,5.0,10.0,Medium,Yes,Yes,"Clubhouse, Garden, Pool, Playground, Gym",South,Broker,Ready_to_Move
267.0,Bihar,Patna,Locality_209,Property_Type,4.0,4328.0,462.7,0.11,1996.0,Unfurnished,13.0,24.0,29.0,2.0,2.0,High,No,No,"Clubhouse, Playground",West,Broker,Under_Construction
268.0,Kerala,Kochi,Locality_190,Property_Type,3.0,1718.0,152.79,0.09,2020.0,Unfurnished,29.0,10.0,5.0,3.0,4.0,Low,Yes,No,"Gym, Pool, Playground, Clubhouse",South,Owner,Ready_to_Move
269.0,Telangana,Hyderabad,Locality_168,Property_Type,4.0,4975.0,266.04,0.05,1991.0,Furnished,6.0,8.0,34.0,6.0,1.0,High,Yes,No,"Clubhouse, Pool, Gym",West,Builder,Under_Construction
270.0,Chhattisgarh,Bilaspur,Locality_368,Property_Type,1.0,1844.0,193.13,0.1,2007.0,Furnished,30.0,11.0,18.0,3.0,7.0,High,No,Yes,"Garden, Pool, Clubhouse, Playground",West,Owner,Under_Construction
271.0,Odisha,Cuttack,Locality_445,Property_Type,3.0,2962.0,134.83,0.05,2005.0,Unfurnished,27.0,9.0,20.0,9.0,1.0,High,Yes,No,"Gym, Pool, Clubhouse, Garden",West,Broker,Ready_to_Move
272.0,West Bengal,Durgapur,Locality_35,Property_Type,3.0,2485.0,218.08,0.09,2002.0,Semi-furnished,8.0,1.0,23.0,5.0,9.0,High,No,No,"Clubhouse, Gym, Playground",South,Owner,Ready_to_Move
273.0,Uttar Pradesh,Lucknow,Locality_166,Property_Type,1.0,4497.0,21.01,0.0,2012.0,Semi-furnished,17.0,17.0,13.0,7.0,6.0,High,No,No,"Pool, Clubhouse, Garden, Playground",East,Owner,Ready_to_Move
274.0,Kerala,Trivandrum,Locality_305,Property_Type,2.0,846.0,135.73,0.16,2015.0,Unfurnished,28.0,13.0,10.0,5.0,8.0,Low,Yes,No,"Playground, Pool, Garden, Gym",East,Builder,Ready_to_Move
275.0,Uttar Pradesh,Lucknow,Locality_225,Property_Type,3.0,2017.0,207.36,0.1,2016.0,Furnished,2.0,22.0,9.0,3.0,10.0,Low,Yes,Yes,"Garden, Clubhouse, Playground",South,Builder,Under_Construction
276.0,Karnataka,Bangalore,Locality_21,Property_Type,4.0,4668.0,337.41,0.07,2006.0,Semi-furnished,8.0,16.0,19.0,5.0,2.0,High,Yes,Yes,"Playground, Clubhouse, Pool",West,Owner,Ready_to_Move
277.0,Jharkhand,Ranchi,Locality_232,Property_Type,5.0,734.0,165.8,0.23,2020.0,Furnished,23.0,18.0,5.0,10.0,9.0,Low,Yes,No,"Clubhouse, Pool, Garden, Playground",East,Builder,Under_Construction
278.0,Chhattisgarh,Raipur,Locality_96,Property_Type,5.0,4946.0,440.57,0.09,2008.0,Furnished,14.0,20.0,17.0,8.0,3.0,Low,No,No,"Clubhouse, Gym, Playground, Garden, Pool",South,Broker,Under_Construction
279.0,Karnataka,Mysore,Locality_397,Property_Type,2.0,3123.0,268.97,0.09,2008.0,Furnished,1.0,22.0,17.0,6.0,1.0,High,No,No,"Garden, Gym",West,Broker,Ready_to_Move
280.0,Haryana,Gurgaon,Locality_173,Property_Type,1.0,4140.0,200.24,0.05,2008.0,Semi-furnished,14.0,26.0,17.0,3.0,6.0,Low,No,Yes,"Clubhouse, Playground, Garden",East,Broker,Under_Construction
281.0,Karnataka,Mangalore,Locality_150,Property_Type,5.0,4575.0,477.33,0.1,2020.0,Unfurnished,8.0,15.0,5.0,2.0,2.0,Low,No,No,"Gym, Pool, Garden, Clubhouse",North,Builder,Under_Construction
282.0,Karnataka,Bangalore,Locality_26,Property_Type,3.0,4562.0,100.33,0.02,2019.0,Semi-furnished,7.0,20.0,6.0,5.0,2.0,Low,No,No,"Playground, Gym, Garden, Pool",South,Broker,Under_Construction
283.0,Jharkhand,Ranchi,Locality_274,Property_Type,4.0,2380.0,154.67,0.06,2011.0,Furnished,30.0,1.0,14.0,7.0,10.0,High,Yes,No,"Gym, Pool",South,Builder,Under_Construction
284.0,Odisha,Bhubaneswar,Locality_301,Property_Type,1.0,3575.0,144.08,0.04,2023.0,Unfurnished,10.0,22.0,2.0,8.0,1.0,Medium,No,No,"Clubhouse, Gym, Playground, Pool",West,Owner,Ready_to_Move
285.0,Assam,Guwahati,Locality_241,Property_Type,1.0,1383.0,208.74,0.15,1991.0,Semi-furnished,10.0,1.0,34.0,9.0,5.0,Medium,No,Yes,"Clubhouse, Playground, Garden",North,Broker,Ready_to_Move
286.0,Assam,Silchar,Locality_96,Property_Type,4.0,1831.0,266.41,0.15,2016.0,Furnished,13.0,22.0,9.0,8.0,9.0,Medium,Yes,Yes,"Pool, Clubhouse",East,Broker,Ready_to_Move
287.0,Gujarat,Ahmedabad,Locality_358,Property_Type,5.0,3536.0,33.76,0.01,1991.0,Unfurnished,28.0,14.0,34.0,3.0,7.0,Low,Yes,Yes,Clubhouse,West,Builder,Ready_to_Move
288.0,Karnataka,Bangalore,Locality_158,Property_Type,4.0,3519.0,117.88,0.03,2018.0,Furnished,4.0,15.0,7.0,10.0,9.0,Low,Yes,Yes,"Gym, Clubhouse",North,Broker,Ready_to_Move
289.0,Assam,Silchar,Locality_125,Property_Type,3.0,3134.0,302.44,0.1,2018.0,Semi-furnished,13.0,7.0,7.0,6.0,7.0,Low,Yes,No,Playground,East,Owner,Ready_to_Move
290.0,Delhi,Dwarka,Locality_398,Property_Type,4.0,4744.0,238.36,0.05,1991.0,Unfurnished,17.0,3.0,34.0,5.0,9.0,Medium,Yes,Yes,"Garden, Gym, Playground, Pool, Clubhouse",West,Builder,Under_Construction
291.0,Gujarat,Ahmedabad,Locality_462,Property_Type,1.0,1460.0,359.62,0.25,1995.0,Furnished,29.0,9.0,30.0,5.0,2.0,Low,Yes,Yes,"Gym, Clubhouse, Pool",North,Owner,Ready_to_Move
292.0,Delhi,New Delhi,Locality_320,Property_Type,4.0,4198.0,61.51,0.01,1999.0,Semi-furnished,26.0,19.0,26.0,3.0,10.0,High,Yes,Yes,"Garden, Clubhouse, Playground, Gym, Pool",West,Broker,Under_Construction
293.0,Uttarakhand,Dehradun,Locality_88,Property_Type,1.0,4451.0,181.13,0.04,1995.0,Semi-furnished,29.0,30.0,30.0,8.0,5.0,Low,Yes,Yes,"Clubhouse, Garden",North,Builder,Ready_to_Move
294.0,Delhi,Dwarka,Locality_239,Property_Type,2.0,4172.0,379.08,0.09,2020.0,Semi-furnished,13.0,11.0,5.0,10.0,4.0,High,Yes,No,"Playground, Garden",East,Broker,Under_Construction
295.0,Rajasthan,Jaipur,Locality_447,Property_Type,4.0,2053.0,34.07,0.02,1997.0,Unfurnished,3.0,15.0,28.0,5.0,2.0,Medium,No,No,"Pool, Garden",West,Broker,Ready_to_Move
296.0,Andhra Pradesh,Vijayawada,Locality_473,Property_Type,3.0,3412.0,74.94,0.02,1995.0,Semi-furnished,27.0,13.0,30.0,8.0,8.0,Medium,Yes,No,"Playground, Gym, Pool, Clubhouse, Garden",South,Builder,Ready_to_Move
297.0,Tamil Nadu,Chennai,Locality_128,Property_Type,1.0,2214.0,315.94,0.14,2018.0,Semi-furnished,22.0,11.0,7.0,5.0,6.0,Low,Yes,Yes,"Pool, Gym, Clubhouse, Playground, Garden",North,Builder,Ready_to_Move
298.0,Jharkhand,Ranchi,Locality_175,Property_Type,3.0,1165.0,379.04,0.33,2004.0,Furnished,7.0,11.0,21.0,3.0,3.0,High,No,Yes,"Playground, Gym",South,Builder,Under_Construction
299.0,Rajasthan,Jaipur,Locality_281,Property_Type,3.0,764.0,405.39,0.53,2004.0,Furnished,27.0,22.0,21.0,6.0,1.0,Medium,Yes,No,"Clubhouse, Gym, Playground, Garden",North,Builder,Ready_to_Move
300.0,Jharkhand,Jamshedpur,Locality_190,Property_Type,4.0,4098.0,478.95,0.12,2013.0,Furnished,4.0,1.0,12.0,7.0,8.0,Medium,Yes,Yes,"Playground, Gym, Clubhouse, Pool, Garden",East,Broker,Under_Construction
301.0,Uttarakhand,Haridwar,Locality_390,Property_Type,1.0,939.0,407.29,0.43,2005.0,Furnished,7.0,28.0,20.0,7.0,1.0,Low,No,Yes,"Gym, Pool, Garden, Clubhouse",South,Owner,Under_Construction
302.0,Karnataka,Mangalore,Locality_455,Property_Type,4.0,999.0,80.69,0.08,2003.0,Unfurnished,2.0,21.0,22.0,6.0,10.0,Low,Yes,Yes,"Playground, Clubhouse, Gym",East,Owner,Under_Construction
303.0,Uttarakhand,Dehradun,Locality_461,Property_Type,1.0,2523.0,453.23,0.18,1995.0,Semi-furnished,7.0,5.0,30.0,4.0,5.0,Low,No,No,"Pool, Clubhouse",East,Broker,Ready_to_Move
304.0,Delhi,Dwarka,Locality_141,Property_Type,2.0,3283.0,265.39,0.08,2008.0,Semi-furnished,16.0,4.0,17.0,4.0,10.0,Medium,Yes,No,"Gym, Garden, Clubhouse, Pool",West,Broker,Ready_to_Move
305.0,Telangana,Warangal,Locality_103,Property_Type,1.0,4286.0,301.88,0.07,2005.0,Semi-furnished,19.0,25.0,20.0,3.0,5.0,High,No,No,"Gym, Garden, Playground",East,Broker,Ready_to_Move
306.0,Jharkhand,Jamshedpur,Locality_382,Property_Type,3.0,2482.0,409.13,0.16,2020.0,Furnished,15.0,27.0,5.0,5.0,9.0,High,Yes,Yes,"Gym, Pool, Garden, Playground",North,Broker,Under_Construction
307.0,Jharkhand,Jamshedpur,Locality_135,Property_Type,1.0,1198.0,412.54,0.34,2011.0,Unfurnished,11.0,16.0,14.0,10.0,6.0,Medium,No,Yes,"Gym, Playground, Garden, Clubhouse",South,Owner,Under_Construction
308.0,Assam,Silchar,Locality_134,Property_Type,3.0,531.0,267.51,0.5,1998.0,Furnished,25.0,16.0,27.0,9.0,9.0,High,No,Yes,Clubhouse,South,Owner,Ready_to_Move
309.0,Haryana,Faridabad,Locality_266,Property_Type,3.0,3745.0,383.88,0.1,2008.0,Unfurnished,30.0,26.0,17.0,1.0,6.0,High,Yes,Yes,"Garden, Pool",North,Builder,Ready_to_Move
310.0,Punjab,Ludhiana,Locality_488,Property_Type,4.0,1560.0,221.12,0.14,2021.0,Unfurnished,16.0,19.0,4.0,10.0,3.0,Low,No,No,"Playground, Gym, Clubhouse",East,Builder,Ready_to_Move
311.0,Uttar Pradesh,Noida,Locality_393,Property_Type,2.0,1478.0,150.8,0.1,2007.0,Unfurnished,17.0,16.0,18.0,1.0,4.0,High,Yes,No,"Pool, Clubhouse, Garden, Gym",West,Builder,Ready_to_Move
312.0,Haryana,Faridabad,Locality_77,Property_Type,4.0,2678.0,179.65,0.07,2011.0,Furnished,5.0,22.0,14.0,10.0,6.0,Low,Yes,No,"Playground, Clubhouse, Pool, Garden, Gym",East,Owner,Ready_to_Move
313.0,Rajasthan,Jodhpur,Locality_152,Property_Type,5.0,3435.0,155.37,0.05,2014.0,Semi-furnished,27.0,30.0,11.0,3.0,3.0,Low,No,Yes,"Pool, Playground",West,Owner,Ready_to_Move
314.0,Punjab,Ludhiana,Locality_484,Property_Type,5.0,2537.0,433.49,0.17,1998.0,Unfurnished,13.0,5.0,27.0,9.0,4.0,High,No,No,Gym,South,Owner,Ready_to_Move
315.0,Andhra Pradesh,Vishakhapatnam,Locality_283,Property_Type,1.0,3595.0,391.0,0.11,1999.0,Unfurnished,3.0,28.0,26.0,5.0,2.0,Low,Yes,Yes,"Playground, Clubhouse, Gym",South,Builder,Ready_to_Move
316.0,West Bengal,Durgapur,Locality_337,Property_Type,3.0,1051.0,34.7,0.03,2023.0,Unfurnished,18.0,26.0,2.0,10.0,5.0,Low,No,Yes,Pool,East,Owner,Under_Construction
317.0,Kerala,Kochi,Locality_332,Property_Type,1.0,3650.0,349.92,0.1,2001.0,Unfurnished,10.0,14.0,24.0,3.0,8.0,High,No,Yes,"Playground, Garden",West,Owner,Under_Construction
318.0,Bihar,Gaya,Locality_278,Property_Type,5.0,4075.0,301.18,0.07,2003.0,Unfurnished,5.0,17.0,22.0,5.0,6.0,Low,Yes,Yes,"Pool, Garden, Gym, Clubhouse, Playground",North,Builder,Ready_to_Move
319.0,Haryana,Faridabad,Locality_81,Property_Type,5.0,883.0,354.53,0.4,2021.0,Unfurnished,9.0,1.0,4.0,3.0,10.0,Medium,Yes,No,"Garden, Pool, Gym, Playground",West,Owner,Under_Construction
320.0,Delhi,New Delhi,Locality_351,Property_Type,4.0,1864.0,45.58,0.02,1998.0,Unfurnished,4.0,23.0,27.0,6.0,9.0,High,Yes,No,"Playground, Gym, Clubhouse, Garden, Pool",East,Broker,Ready_to_Move
321.0,Maharashtra,Nagpur,Locality_41,Property_Type,3.0,2773.0,31.28,0.01,1991.0,Unfurnished,10.0,30.0,34.0,8.0,1.0,Low,No,Yes,"Clubhouse, Pool",South,Owner,Under_Construction
322.0,Bihar,Patna,Locality_423,Property_Type,2.0,4302.0,435.59,0.1,2008.0,Unfurnished,11.0,14.0,17.0,10.0,9.0,Low,Yes,No,"Playground, Pool, Clubhouse, Gym, Garden",East,Broker,Ready_to_Move
323.0,Uttarakhand,Haridwar,Locality_330,Property_Type,3.0,1799.0,306.39,0.17,2006.0,Furnished,6.0,11.0,19.0,4.0,1.0,Low,No,No,Garden,North,Builder,Ready_to_Move
324.0,Jharkhand,Ranchi,Locality_4,Property_Type,2.0,3182.0,439.69,0.14,2003.0,Semi-furnished,27.0,3.0,22.0,6.0,5.0,High,Yes,No,"Gym, Pool",West,Builder,Under_Construction
325.0,Tamil Nadu,Coimbatore,Locality_404,Property_Type,4.0,3362.0,26.23,0.01,2006.0,Unfurnished,10.0,22.0,19.0,8.0,3.0,Medium,No,No,"Clubhouse, Gym, Garden, Playground",North,Owner,Under_Construction
326.0,Delhi,Dwarka,Locality_249,Property_Type,5.0,3677.0,278.64,0.08,2018.0,Furnished,28.0,12.0,7.0,7.0,9.0,High,Yes,Yes,"Playground, Gym, Clubhouse, Garden",North,Owner,Ready_to_Move
327.0,Chhattisgarh,Raipur,Locality_350,Property_Type,1.0,1563.0,198.42,0.13,2015.0,Furnished,9.0,16.0,10.0,4.0,7.0,Low,No,No,"Gym, Playground, Garden, Pool, Clubhouse",East,Broker,Under_Construction
328.0,Uttar Pradesh,Noida,Locality_350,Property_Type,2.0,1619.0,312.34,0.19,1992.0,Furnished,0.0,14.0,33.0,6.0,7.0,Medium,No,Yes,"Pool, Clubhouse",South,Broker,Under_Construction
329.0,Assam,Silchar,Locality_177,Property_Type,1.0,887.0,423.57,0.48,2011.0,Semi-furnished,7.0,1.0,14.0,3.0,8.0,Medium,No,No,"Gym, Playground, Clubhouse",East,Broker,Under_Construction
330.0,Punjab,Amritsar,Locality_40,Property_Type,3.0,2538.0,307.69,0.12,2008.0,Semi-furnished,27.0,19.0,17.0,10.0,2.0,High,No,No,"Garden, Gym",North,Owner,Ready_to_Move
331.0,West Bengal,Durgapur,Locality_489,Property_Type,4.0,2987.0,384.28,0.13,2003.0,Furnished,10.0,12.0,22.0,9.0,7.0,High,No,Yes,"Clubhouse, Garden, Playground",North,Owner,Under_Construction
332.0,Madhya Pradesh,Indore,Locality_225,Property_Type,1.0,2251.0,421.33,0.19,1994.0,Furnished,10.0,5.0,31.0,9.0,2.0,Low,Yes,Yes,"Playground, Garden",East,Broker,Ready_to_Move
333.0,Delhi,Dwarka,Locality_392,Property_Type,2.0,4335.0,65.48,0.02,2003.0,Furnished,13.0,8.0,22.0,5.0,10.0,High,No,Yes,"Gym, Garden",West,Broker,Under_Construction
334.0,Rajasthan,Jodhpur,Locality_374,Property_Type,5.0,813.0,434.79,0.53,2021.0,Unfurnished,4.0,17.0,4.0,6.0,8.0,Low,Yes,No,Garden,West,Broker,Ready_to_Move
335.0,Madhya Pradesh,Bhopal,Locality_43,Property_Type,4.0,4803.0,421.32,0.09,1992.0,Unfurnished,20.0,17.0,33.0,8.0,9.0,Low,Yes,No,"Clubhouse, Pool, Garden, Playground, Gym",South,Builder,Under_Construction
336.0,Kerala,Kochi,Locality_17,Property_Type,2.0,2028.0,174.15,0.09,1992.0,Furnished,11.0,10.0,33.0,3.0,7.0,High,Yes,Yes,"Gym, Garden, Playground",East,Broker,Ready_to_Move
337.0,Gujarat,Ahmedabad,Locality_464,Property_Type,2.0,1043.0,321.37,0.31,2020.0,Semi-furnished,25.0,13.0,5.0,3.0,1.0,Low,No,No,Gym,South,Broker,Under_Construction
338.0,Bihar,Patna,Locality_43,Property_Type,2.0,654.0,207.15,0.32,1999.0,Furnished,19.0,4.0,26.0,8.0,10.0,High,No,Yes,"Garden, Pool, Gym, Clubhouse",North,Builder,Ready_to_Move
339.0,Chhattisgarh,Bilaspur,Locality_13,Property_Type,3.0,645.0,217.57,0.34,1991.0,Semi-furnished,9.0,1.0,34.0,6.0,1.0,Medium,No,No,Playground,North,Owner,Under_Construction
340.0,Kerala,Kochi,Locality_5,Property_Type,3.0,4770.0,92.56,0.02,2016.0,Furnished,12.0,9.0,9.0,4.0,5.0,Low,No,No,"Garden, Playground, Pool",East,Builder,Ready_to_Move
341.0,Uttarakhand,Haridwar,Locality_148,Property_Type,5.0,3885.0,128.59,0.03,2023.0,Furnished,10.0,18.0,2.0,8.0,8.0,High,Yes,Yes,"Gym, Garden, Clubhouse, Playground, Pool",West,Owner,Under_Construction
342.0,Assam,Guwahati,Locality_59,Property_Type,1.0,4462.0,423.74,0.09,2021.0,Unfurnished,12.0,16.0,4.0,4.0,8.0,Low,Yes,Yes,"Playground, Pool, Gym, Clubhouse, Garden",South,Owner,Ready_to_Move
343.0,Maharashtra,Pune,Locality_206,Property_Type,4.0,4066.0,20.58,0.01,2019.0,Furnished,7.0,20.0,6.0,10.0,8.0,Low,No,Yes,"Clubhouse, Gym, Garden",East,Owner,Ready_to_Move
344.0,Chhattisgarh,Raipur,Locality_399,Property_Type,1.0,3822.0,227.25,0.06,2018.0,Unfurnished,27.0,10.0,7.0,4.0,5.0,High,No,No,"Garden, Gym, Clubhouse",West,Builder,Ready_to_Move
345.0,Kerala,Kochi,Locality_159,Property_Type,1.0,2583.0,455.24,0.18,1990.0,Unfurnished,24.0,10.0,35.0,5.0,5.0,Low,No,Yes,"Clubhouse, Garden, Playground",East,Broker,Ready_to_Move
346.0,Tamil Nadu,Coimbatore,Locality_379,Property_Type,2.0,2331.0,104.02,0.04,2017.0,Semi-furnished,12.0,1.0,8.0,2.0,3.0,Medium,Yes,No,"Gym, Garden, Clubhouse, Pool",South,Builder,Ready_to_Move
347.0,West Bengal,Kolkata,Locality_293,Property_Type,1.0,3288.0,411.4,0.13,2016.0,Furnished,24.0,20.0,9.0,9.0,8.0,High,No,No,"Gym, Pool",West,Builder,Under_Construction
348.0,Punjab,Ludhiana,Locality_464,Property_Type,1.0,2216.0,220.38,0.1,2017.0,Furnished,4.0,25.0,8.0,8.0,4.0,Medium,No,No,"Pool, Garden",East,Owner,Under_Construction
349.0,Tamil Nadu,Coimbatore,Locality_488,Property_Type,1.0,3085.0,69.86,0.02,2016.0,Semi-furnished,12.0,6.0,9.0,4.0,4.0,High,Yes,Yes,"Gym, Pool, Garden, Clubhouse, Playground",North,Broker,Ready_to_Move
350.0,Tamil Nadu,Chennai,Locality_125,Property_Type,1.0,1066.0,345.96,0.32,2015.0,Unfurnished,27.0,15.0,10.0,4.0,1.0,High,No,No,"Pool, Clubhouse",North,Owner,Under_Construction
351.0,Chhattisgarh,Raipur,Locality_241,Property_Type,1.0,3700.0,488.83,0.13,2017.0,Unfurnished,30.0,22.0,8.0,1.0,7.0,Low,Yes,Yes,"Pool, Gym, Playground, Garden",East,Owner,Under_Construction
352.0,West Bengal,Kolkata,Locality_149,Property_Type,3.0,1980.0,312.49,0.16,2014.0,Furnished,17.0,13.0,11.0,3.0,6.0,Low,No,Yes,"Garden, Gym, Clubhouse",North,Owner,Ready_to_Move
353.0,Punjab,Amritsar,Locality_157,Property_Type,3.0,2014.0,371.17,0.18,2007.0,Semi-furnished,1.0,19.0,18.0,10.0,6.0,Low,No,No,Playground,South,Broker,Ready_to_Move
354.0,Kerala,Trivandrum,Locality_270,Property_Type,5.0,2913.0,447.68,0.15,2008.0,Semi-furnished,25.0,14.0,17.0,1.0,1.0,Low,Yes,No,"Playground, Pool, Clubhouse, Gym",North,Broker,Under_Construction
355.0,Uttarakhand,Haridwar,Locality_153,Property_Type,2.0,3354.0,49.45,0.01,2017.0,Semi-furnished,20.0,1.0,8.0,4.0,7.0,Medium,No,Yes,"Gym, Pool, Garden, Clubhouse",North,Builder,Ready_to_Move
356.0,Uttar Pradesh,Lucknow,Locality_391,Property_Type,1.0,3916.0,394.83,0.1,1998.0,Furnished,12.0,28.0,27.0,6.0,7.0,Low,No,Yes,"Playground, Gym, Pool, Garden",North,Builder,Under_Construction
357.0,Haryana,Gurgaon,Locality_42,Property_Type,3.0,3498.0,12.8,0.0,2000.0,Unfurnished,5.0,30.0,25.0,5.0,3.0,Medium,No,Yes,Garden,West,Owner,Under_Construction
358.0,Uttar Pradesh,Noida,Locality_196,Property_Type,1.0,1270.0,344.77,0.27,2017.0,Furnished,12.0,26.0,8.0,8.0,1.0,Low,Yes,No,"Playground, Gym, Garden, Pool, Clubhouse",South,Broker,Under_Construction
359.0,Punjab,Amritsar,Locality_96,Property_Type,2.0,2916.0,309.77,0.11,1993.0,Unfurnished,17.0,22.0,32.0,2.0,6.0,Low,Yes,Yes,Clubhouse,West,Owner,Ready_to_Move
360.0,Assam,Guwahati,Locality_37,Property_Type,3.0,1586.0,367.74,0.23,2003.0,Unfurnished,9.0,29.0,22.0,3.0,6.0,Medium,Yes,No,"Playground, Clubhouse, Garden, Gym, Pool",South,Owner,Under_Construction
361.0,Odisha,Cuttack,Locality_304,Property_Type,4.0,2151.0,229.93,0.11,2015.0,Unfurnished,2.0,24.0,10.0,5.0,7.0,Low,Yes,No,"Pool, Gym",East,Owner,Ready_to_Move
362.0,Punjab,Amritsar,Locality_110,Property_Type,1.0,3585.0,40.98,0.01,1995.0,Furnished,5.0,7.0,30.0,7.0,3.0,High,Yes,No,"Garden, Playground",North,Builder,Ready_to_Move
363.0,Karnataka,Mysore,Locality_440,Property_Type,3.0,1216.0,325.69,0.27,2002.0,Semi-furnished,20.0,12.0,23.0,1.0,4.0,Medium,Yes,No,"Pool, Gym, Clubhouse, Garden",East,Owner,Ready_to_Move
364.0,Delhi,Dwarka,Locality_171,Property_Type,1.0,3249.0,71.04,0.02,2012.0,Semi-furnished,2.0,16.0,13.0,1.0,3.0,Low,Yes,Yes,"Garden, Playground, Pool, Gym, Clubhouse",South,Owner,Ready_to_Move
365.0,Telangana,Warangal,Locality_409,Property_Type,1.0,1736.0,483.5,0.28,1992.0,Semi-furnished,1.0,19.0,33.0,6.0,4.0,Medium,No,No,"Playground, Garden",South,Builder,Under_Construction
366.0,Punjab,Amritsar,Locality_191,Property_Type,2.0,2752.0,272.14,0.1,1994.0,Furnished,9.0,8.0,31.0,8.0,10.0,High,No,No,"Gym, Pool, Clubhouse, Garden, Playground",East,Builder,Ready_to_Move
367.0,Karnataka,Bangalore,Locality_333,Property_Type,1.0,4304.0,248.76,0.06,1992.0,Furnished,28.0,22.0,33.0,1.0,7.0,Medium,Yes,No,"Playground, Garden",South,Owner,Under_Construction
368.0,Maharashtra,Nagpur,Locality_446,Property_Type,1.0,4333.0,343.42,0.08,1996.0,Semi-furnished,3.0,3.0,29.0,1.0,1.0,High,No,Yes,"Gym, Garden, Playground, Clubhouse",West,Owner,Under_Construction
369.0,Haryana,Gurgaon,Locality_437,Property_Type,3.0,515.0,110.93,0.22,2008.0,Unfurnished,29.0,14.0,17.0,4.0,9.0,High,No,No,"Playground, Pool",North,Owner,Ready_to_Move
370.0,West Bengal,Kolkata,Locality_18,Property_Type,4.0,3265.0,246.01,0.08,1999.0,Semi-furnished,3.0,27.0,26.0,6.0,7.0,High,No,No,"Gym, Garden",North,Owner,Ready_to_Move
371.0,Punjab,Amritsar,Locality_423,Property_Type,3.0,4838.0,493.61,0.1,1991.0,Furnished,29.0,27.0,34.0,6.0,8.0,Medium,No,Yes,"Garden, Playground, Gym, Clubhouse",West,Owner,Ready_to_Move
372.0,Gujarat,Ahmedabad,Locality_232,Property_Type,2.0,1746.0,80.97,0.05,2010.0,Semi-furnished,0.0,23.0,15.0,7.0,3.0,Medium,No,Yes,"Pool, Playground, Gym, Clubhouse",West,Broker,Ready_to_Move
373.0,Bihar,Patna,Locality_174,Property_Type,5.0,2283.0,497.6,0.22,2021.0,Semi-furnished,18.0,3.0,4.0,5.0,4.0,High,Yes,Yes,"Playground, Gym, Pool",South,Broker,Under_Construction
374.0,Chhattisgarh,Raipur,Locality_319,Property_Type,3.0,585.0,135.57,0.23,2020.0,Semi-furnished,8.0,7.0,5.0,5.0,7.0,High,Yes,No,"Garden, Pool, Gym",East,Owner,Under_Construction
375.0,Telangana,Warangal,Locality_108,Property_Type,4.0,4185.0,229.19,0.05,1994.0,Semi-furnished,29.0,14.0,31.0,9.0,2.0,High,Yes,Yes,"Clubhouse, Playground",East,Builder,Ready_to_Move
376.0,Chhattisgarh,Raipur,Locality_359,Property_Type,4.0,3983.0,36.09,0.01,2018.0,Unfurnished,27.0,6.0,7.0,6.0,9.0,High,No,Yes,"Gym, Garden, Clubhouse, Playground",East,Broker,Under_Construction
377.0,Maharashtra,Mumbai,Locality_132,Property_Type,5.0,1144.0,372.99,0.33,2003.0,Unfurnished,20.0,9.0,22.0,6.0,2.0,High,No,No,"Pool, Gym, Playground, Garden",South,Broker,Ready_to_Move
378.0,Tamil Nadu,Coimbatore,Locality_184,Property_Type,5.0,2267.0,224.63,0.1,1995.0,Unfurnished,14.0,21.0,30.0,9.0,8.0,Medium,Yes,Yes,Playground,East,Builder,Ready_to_Move
379.0,Delhi,New Delhi,Locality_498,Property_Type,3.0,3011.0,368.71,0.12,2023.0,Unfurnished,13.0,7.0,2.0,9.0,7.0,Low,No,No,"Garden, Playground, Pool, Clubhouse, Gym",North,Broker,Ready_to_Move
380.0,West Bengal,Durgapur,Locality_266,Property_Type,2.0,917.0,404.74,0.44,1997.0,Unfurnished,30.0,12.0,28.0,10.0,9.0,High,No,No,Playground,North,Owner,Under_Construction
381.0,Chhattisgarh,Raipur,Locality_16,Property_Type,3.0,3087.0,337.53,0.11,1999.0,Furnished,16.0,19.0,26.0,6.0,6.0,Low,No,No,Pool,East,Owner,Under_Construction
382.0,Karnataka,Mangalore,Locality_30,Property_Type,1.0,2125.0,260.61,0.12,2004.0,Unfurnished,25.0,14.0,21.0,7.0,2.0,Low,Yes,Yes,"Pool, Clubhouse, Gym, Garden",South,Owner,Ready_to_Move
383.0,Madhya Pradesh,Indore,Locality_183,Property_Type,2.0,3964.0,470.39,0.12,2014.0,Unfurnished,20.0,16.0,11.0,7.0,4.0,Low,Yes,No,"Pool, Garden, Playground, Clubhouse",South,Owner,Under_Construction
384.0,Jharkhand,Ranchi,Locality_183,Property_Type,5.0,3251.0,201.54,0.06,1993.0,Furnished,6.0,28.0,32.0,1.0,3.0,High,No,Yes,Garden,West,Broker,Under_Construction
385.0,Chhattisgarh,Raipur,Locality_288,Property_Type,4.0,2975.0,134.19,0.05,1994.0,Semi-furnished,15.0,10.0,31.0,2.0,8.0,Medium,Yes,No,"Pool, Playground",South,Broker,Ready_to_Move
386.0,West Bengal,Durgapur,Locality_437,Property_Type,3.0,4084.0,398.9,0.1,1997.0,Furnished,28.0,27.0,28.0,5.0,3.0,High,No,No,"Clubhouse, Gym, Garden, Playground, Pool",North,Broker,Ready_to_Move
387.0,Telangana,Hyderabad,Locality_83,Property_Type,2.0,1381.0,353.92,0.26,2020.0,Furnished,16.0,10.0,5.0,6.0,2.0,Low,No,No,"Garden, Pool, Gym",South,Owner,Ready_to_Move
388.0,West Bengal,Durgapur,Locality_304,Property_Type,2.0,4775.0,18.34,0.0,2013.0,Semi-furnished,0.0,2.0,12.0,4.0,2.0,Medium,Yes,Yes,"Clubhouse, Gym",West,Builder,Ready_to_Move
389.0,Karnataka,Mysore,Locality_382,Property_Type,3.0,4955.0,249.58,0.05,1991.0,Unfurnished,0.0,24.0,34.0,1.0,9.0,High,No,Yes,"Garden, Clubhouse",West,Owner,Under_Construction
390.0,Kerala,Kochi,Locality_129,Property_Type,3.0,3332.0,453.76,0.14,2000.0,Unfurnished,15.0,14.0,25.0,3.0,8.0,Low,No,Yes,"Garden, Clubhouse, Playground, Gym, Pool",North,Owner,Under_Construction
391.0,Madhya Pradesh,Indore,Locality_130,Property_Type,1.0,3967.0,325.06,0.08,2023.0,Furnished,28.0,27.0,2.0,1.0,1.0,High,No,No,Gym,North,Broker,Ready_to_Move
392.0,Karnataka,Mangalore,Locality_392,Property_Type,5.0,4337.0,153.29,0.04,2012.0,Unfurnished,2.0,29.0,13.0,2.0,10.0,Low,No,No,Playground,South,Broker,Under_Construction
393.0,Madhya Pradesh,Bhopal,Locality_265,Property_Type,5.0,4108.0,117.1,0.03,2015.0,Unfurnished,1.0,13.0,10.0,9.0,4.0,Low,No,Yes,Gym,South,Broker,Ready_to_Move
394.0,Uttar Pradesh,Lucknow,Locality_55,Property_Type,5.0,3850.0,415.23,0.11,2006.0,Semi-furnished,24.0,14.0,19.0,7.0,4.0,Medium,Yes,Yes,"Garden, Gym, Clubhouse",East,Broker,Ready_to_Move
395.0,Rajasthan,Jodhpur,Locality_108,Property_Type,5.0,3511.0,313.44,0.09,1996.0,Furnished,16.0,24.0,29.0,7.0,4.0,Low,Yes,No,"Clubhouse, Garden",East,Builder,Under_Construction
396.0,Tamil Nadu,Chennai,Locality_85,Property_Type,4.0,3230.0,29.27,0.01,2023.0,Unfurnished,12.0,6.0,2.0,3.0,2.0,Low,Yes,No,"Playground, Garden, Pool, Clubhouse",West,Owner,Ready_to_Move
397.0,Madhya Pradesh,Bhopal,Locality_314,Property_Type,3.0,4321.0,79.74,0.02,1999.0,Furnished,14.0,28.0,26.0,7.0,7.0,High,Yes,No,"Clubhouse, Gym, Playground",West,Broker,Ready_to_Move
398.0,Chhattisgarh,Bilaspur,Locality_120,Property_Type,1.0,1049.0,126.76,0.12,2022.0,Furnished,0.0,29.0,3.0,4.0,3.0,Low,No,No,"Gym, Clubhouse, Pool, Garden, Playground",East,Broker,Ready_to_Move
399.0,Telangana,Hyderabad,Locality_476,Property_Type,2.0,1401.0,269.51,0.19,1992.0,Unfurnished,10.0,19.0,33.0,2.0,5.0,Low,Yes,No,"Clubhouse, Gym",North,Builder,Under_Construction
400.0,Uttarakhand,Haridwar,Locality_442,Property_Type,5.0,3625.0,282.8,0.08,1991.0,Semi-furnished,19.0,2.0,34.0,1.0,10.0,Low,Yes,Yes,Gym,North,Owner,Under_Construction
401.0,West Bengal,Durgapur,Locality_493,Property_Type,5.0,1741.0,336.69,0.19,2014.0,Furnished,14.0,24.0,11.0,2.0,3.0,High,Yes,No,"Clubhouse, Playground, Garden, Gym, Pool",North,Broker,Under_Construction
402.0,Rajasthan,Jodhpur,Locality_14,Property_Type,2.0,1942.0,44.41,0.02,2015.0,Semi-furnished,16.0,28.0,10.0,3.0,5.0,Medium,No,No,Gym,North,Owner,Under_Construction
403.0,Gujarat,Surat,Locality_63,Property_Type,3.0,927.0,120.21,0.13,2012.0,Semi-furnished,10.0,13.0,13.0,7.0,5.0,High,Yes,Yes,"Gym, Pool",West,Broker,Under_Construction
404.0,Gujarat,Surat,Locality_244,Property_Type,4.0,2842.0,73.8,0.03,2007.0,Furnished,14.0,17.0,18.0,1.0,5.0,Medium,No,No,Playground,East,Owner,Ready_to_Move
405.0,Telangana,Warangal,Locality_191,Property_Type,4.0,4189.0,244.95,0.06,2012.0,Unfurnished,16.0,27.0,13.0,8.0,6.0,Medium,Yes,No,"Pool, Clubhouse, Garden, Playground, Gym",South,Builder,Under_Construction
406.0,Maharashtra,Pune,Locality_154,Property_Type,1.0,2358.0,228.5,0.1,1990.0,Furnished,14.0,8.0,35.0,9.0,7.0,Low,Yes,No,"Pool, Garden, Clubhouse, Playground, Gym",West,Builder,Ready_to_Move
407.0,Gujarat,Ahmedabad,Locality_81,Property_Type,2.0,2163.0,325.44,0.15,2002.0,Furnished,20.0,6.0,23.0,3.0,4.0,Low,No,No,Gym,West,Builder,Under_Construction
408.0,Haryana,Gurgaon,Locality_48,Property_Type,3.0,3765.0,80.42,0.02,2003.0,Semi-furnished,29.0,17.0,22.0,8.0,5.0,Low,No,No,"Pool, Gym",East,Owner,Ready_to_Move
409.0,Telangana,Hyderabad,Locality_19,Property_Type,2.0,1809.0,63.61,0.04,2009.0,Furnished,15.0,5.0,16.0,10.0,6.0,Low,No,No,Gym,North,Owner,Ready_to_Move
410.0,Rajasthan,Jaipur,Locality_58,Property_Type,4.0,2944.0,346.75,0.12,2007.0,Semi-furnished,24.0,24.0,18.0,9.0,5.0,High,Yes,No,"Clubhouse, Gym",West,Broker,Ready_to_Move
411.0,Punjab,Ludhiana,Locality_15,Property_Type,5.0,4058.0,437.43,0.11,2017.0,Unfurnished,0.0,20.0,8.0,7.0,4.0,High,Yes,Yes,Clubhouse,East,Broker,Under_Construction
412.0,Gujarat,Surat,Locality_319,Property_Type,4.0,3817.0,420.76,0.11,2014.0,Unfurnished,30.0,15.0,11.0,2.0,9.0,Low,Yes,No,"Playground, Gym",North,Owner,Under_Construction
413.0,Tamil Nadu,Chennai,Locality_86,Property_Type,5.0,4086.0,208.77,0.05,2006.0,Furnished,5.0,14.0,19.0,4.0,3.0,Low,Yes,No,"Gym, Clubhouse, Playground, Pool, Garden",North,Owner,Ready_to_Move
414.0,Andhra Pradesh,Vijayawada,Locality_343,Property_Type,4.0,2529.0,183.07,0.07,2010.0,Semi-furnished,30.0,20.0,15.0,3.0,7.0,Medium,Yes,Yes,"Clubhouse, Playground, Pool",East,Broker,Under_Construction
415.0,Karnataka,Mangalore,Locality_262,Property_Type,1.0,3219.0,349.77,0.11,2019.0,Semi-furnished,9.0,18.0,6.0,3.0,10.0,High,No,Yes,"Gym, Clubhouse, Playground, Pool",East,Broker,Ready_to_Move
416.0,Odisha,Cuttack,Locality_376,Property_Type,5.0,4335.0,221.42,0.05,2000.0,Semi-furnished,27.0,27.0,25.0,9.0,6.0,Medium,Yes,No,"Gym, Playground, Pool",North,Owner,Under_Construction
417.0,Rajasthan,Jaipur,Locality_183,Property_Type,3.0,2151.0,192.47,0.09,1990.0,Semi-furnished,12.0,23.0,35.0,4.0,1.0,High,No,No,"Clubhouse, Gym, Pool, Playground, Garden",East,Broker,Ready_to_Move
418.0,Uttar Pradesh,Lucknow,Locality_477,Property_Type,1.0,1679.0,268.99,0.16,1995.0,Furnished,1.0,30.0,30.0,2.0,6.0,High,Yes,Yes,"Playground, Garden, Gym, Clubhouse, Pool",North,Broker,Ready_to_Move
419.0,Bihar,Patna,Locality_33,Property_Type,5.0,4422.0,456.81,0.1,2000.0,Semi-furnished,6.0,3.0,25.0,7.0,2.0,Medium,No,No,"Garden, Clubhouse, Gym, Playground, Pool",North,Owner,Under_Construction
420.0,Madhya Pradesh,Bhopal,Locality_497,Property_Type,2.0,1572.0,97.11,0.06,2011.0,Semi-furnished,21.0,17.0,14.0,10.0,8.0,Low,Yes,No,"Gym, Playground, Garden, Pool",South,Builder,Under_Construction
421.0,Kerala,Trivandrum,Locality_234,Property_Type,3.0,4473.0,229.6,0.05,2013.0,Unfurnished,18.0,15.0,12.0,1.0,3.0,High,No,No,"Pool, Playground",West,Owner,Ready_to_Move
422.0,Rajasthan,Jodhpur,Locality_381,Property_Type,4.0,3867.0,113.23,0.03,1990.0,Semi-furnished,3.0,16.0,35.0,9.0,2.0,High,No,No,"Playground, Garden",East,Broker,Ready_to_Move
423.0,Rajasthan,Jaipur,Locality_257,Property_Type,4.0,1660.0,357.57,0.22,2020.0,Unfurnished,2.0,7.0,5.0,3.0,3.0,High,No,No,Garden,North,Broker,Ready_to_Move
424.0,Maharashtra,Pune,Locality_141,Property_Type,2.0,1243.0,38.08,0.03,2015.0,Semi-furnished,0.0,21.0,10.0,3.0,1.0,Low,No,No,"Garden, Playground, Clubhouse, Gym, Pool",East,Builder,Under_Construction
425.0,Uttar Pradesh,Noida,Locality_11,Property_Type,4.0,3888.0,298.52,0.08,1991.0,Semi-furnished,16.0,23.0,34.0,4.0,5.0,Medium,No,Yes,"Gym, Playground, Clubhouse, Garden",North,Owner,Under_Construction
426.0,Andhra Pradesh,Vishakhapatnam,Locality_39,Property_Type,4.0,4537.0,400.69,0.09,2010.0,Semi-furnished,4.0,27.0,15.0,4.0,5.0,Medium,No,Yes,"Pool, Garden, Playground, Gym, Clubhouse",North,Owner,Under_Construction
427.0,Haryana,Faridabad,Locality_489,Property_Type,4.0,1965.0,337.64,0.17,2020.0,Semi-furnished,6.0,26.0,5.0,3.0,3.0,High,No,No,"Gym, Garden",West,Builder,Under_Construction
428.0,Punjab,Amritsar,Locality_153,Property_Type,3.0,3526.0,271.94,0.08,2023.0,Semi-furnished,0.0,12.0,2.0,5.0,2.0,High,Yes,No,Playground,South,Broker,Under_Construction
429.0,Delhi,New Delhi,Locality_21,Property_Type,5.0,4957.0,357.12,0.07,2011.0,Unfurnished,26.0,23.0,14.0,9.0,6.0,Medium,Yes,No,"Pool, Gym, Garden",East,Broker,Under_Construction
430.0,Punjab,Ludhiana,Locality_141,Property_Type,5.0,2897.0,70.59,0.02,2002.0,Furnished,26.0,29.0,23.0,7.0,7.0,Low,Yes,Yes,"Clubhouse, Gym, Playground, Garden, Pool",South,Broker,Ready_to_Move
431.0,Madhya Pradesh,Indore,Locality_139,Property_Type,1.0,3448.0,329.39,0.1,1990.0,Furnished,28.0,16.0,35.0,4.0,10.0,High,No,Yes,"Clubhouse, Gym, Pool, Garden",North,Broker,Ready_to_Move
432.0,Assam,Silchar,Locality_493,Property_Type,4.0,4447.0,158.54,0.04,2012.0,Semi-furnished,30.0,3.0,13.0,9.0,10.0,Medium,No,Yes,"Gym, Playground, Garden",North,Builder,Under_Construction
433.0,Andhra Pradesh,Vijayawada,Locality_118,Property_Type,1.0,3601.0,156.82,0.04,2002.0,Unfurnished,13.0,25.0,23.0,10.0,4.0,Low,Yes,No,"Pool, Gym, Garden, Clubhouse",South,Broker,Ready_to_Move
434.0,Chhattisgarh,Bilaspur,Locality_285,Property_Type,2.0,2219.0,382.16,0.17,2019.0,Unfurnished,13.0,3.0,6.0,9.0,3.0,Low,No,Yes,"Pool, Gym, Playground",South,Broker,Ready_to_Move
435.0,Haryana,Faridabad,Locality_10,Property_Type,4.0,1456.0,263.07,0.18,2015.0,Unfurnished,17.0,29.0,10.0,7.0,3.0,Medium,Yes,No,"Clubhouse, Pool, Gym, Playground, Garden",North,Builder,Ready_to_Move
436.0,Maharashtra,Nagpur,Locality_400,Property_Type,1.0,1012.0,422.78,0.42,2023.0,Furnished,8.0,11.0,2.0,8.0,7.0,Medium,Yes,Yes,Garden,South,Owner,Under_Construction
437.0,Tamil Nadu,Chennai,Locality_228,Property_Type,1.0,1045.0,369.13,0.35,1994.0,Unfurnished,30.0,28.0,31.0,3.0,8.0,Low,Yes,No,"Playground, Garden, Clubhouse",North,Owner,Under_Construction
438.0,Punjab,Amritsar,Locality_341,Property_Type,1.0,4884.0,78.22,0.02,1996.0,Semi-furnished,8.0,19.0,29.0,4.0,4.0,Low,No,Yes,"Playground, Clubhouse, Garden, Gym",East,Owner,Under_Construction
439.0,Gujarat,Ahmedabad,Locality_496,Property_Type,2.0,4653.0,52.9,0.01,2005.0,Unfurnished,0.0,25.0,20.0,3.0,10.0,High,No,No,"Pool, Garden, Gym, Playground, Clubhouse",North,Builder,Under_Construction
440.0,Jharkhand,Jamshedpur,Locality_475,Property_Type,1.0,2544.0,16.97,0.01,2001.0,Unfurnished,15.0,1.0,24.0,9.0,9.0,Low,No,No,"Pool, Gym, Clubhouse, Garden, Playground",South,Builder,Ready_to_Move
441.0,Punjab,Ludhiana,Locality_273,Property_Type,2.0,2421.0,340.68,0.14,1997.0,Furnished,8.0,14.0,28.0,7.0,7.0,Low,Yes,No,"Clubhouse, Playground",South,Builder,Under_Construction
442.0,Karnataka,Mangalore,Locality_317,Property_Type,1.0,768.0,37.6,0.05,2000.0,Semi-furnished,15.0,13.0,25.0,8.0,9.0,High,No,No,Gym,West,Broker,Under_Construction
443.0,Tamil Nadu,Coimbatore,Locality_358,Property_Type,2.0,1905.0,384.51,0.2,1994.0,Semi-furnished,28.0,29.0,31.0,4.0,3.0,Medium,No,Yes,"Garden, Pool, Clubhouse, Gym, Playground",West,Builder,Under_Construction
444.0,Uttarakhand,Dehradun,Locality_73,Property_Type,1.0,3081.0,474.23,0.15,2016.0,Unfurnished,10.0,6.0,9.0,1.0,3.0,Low,Yes,Yes,"Playground, Gym, Clubhouse, Pool",West,Owner,Under_Construction
445.0,Telangana,Warangal,Locality_473,Property_Type,4.0,4204.0,87.32,0.02,1994.0,Semi-furnished,19.0,6.0,31.0,7.0,2.0,Medium,Yes,No,Pool,West,Broker,Under_Construction
446.0,Madhya Pradesh,Indore,Locality_115,Property_Type,5.0,2651.0,424.75,0.16,2007.0,Semi-furnished,13.0,16.0,18.0,2.0,2.0,Medium,Yes,No,"Playground, Garden",South,Owner,Under_Construction
447.0,Haryana,Faridabad,Locality_425,Property_Type,2.0,4963.0,359.35,0.07,2012.0,Furnished,19.0,28.0,13.0,6.0,6.0,High,No,Yes,"Pool, Clubhouse",North,Builder,Ready_to_Move
448.0,Telangana,Warangal,Locality_485,Property_Type,3.0,4366.0,270.63,0.06,2004.0,Furnished,18.0,1.0,21.0,2.0,9.0,High,No,No,"Playground, Clubhouse, Pool, Gym, Garden",South,Broker,Under_Construction
449.0,Uttarakhand,Haridwar,Locality_346,Property_Type,4.0,2130.0,489.33,0.23,1997.0,Furnished,25.0,16.0,28.0,7.0,8.0,High,Yes,Yes,"Clubhouse, Gym, Garden, Pool",West,Owner,Under_Construction
450.0,Assam,Silchar,Locality_458,Property_Type,3.0,1854.0,315.32,0.17,2022.0,Semi-furnished,2.0,12.0,3.0,5.0,1.0,Medium,No,No,Pool,East,Owner,Ready_to_Move
451.0,Tamil Nadu,Chennai,Locality_66,Property_Type,4.0,3492.0,371.89,0.11,2009.0,Semi-furnished,24.0,1.0,16.0,4.0,3.0,Medium,Yes,Yes,"Pool, Clubhouse, Garden, Gym",West,Owner,Under_Construction
452.0,Andhra Pradesh,Vishakhapatnam,Locality_488,Property_Type,3.0,4240.0,342.26,0.08,2014.0,Semi-furnished,29.0,25.0,11.0,3.0,3.0,Medium,No,No,Pool,East,Owner,Under_Construction
453.0,Jharkhand,Ranchi,Locality_282,Property_Type,2.0,2583.0,496.99,0.19,2023.0,Unfurnished,8.0,3.0,2.0,3.0,10.0,High,No,Yes,"Pool, Garden, Gym, Playground, Clubhouse",West,Owner,Ready_to_Move
454.0,Uttar Pradesh,Noida,Locality_340,Property_Type,5.0,563.0,33.19,0.06,1999.0,Furnished,23.0,19.0,26.0,6.0,10.0,Low,Yes,No,"Clubhouse, Gym, Playground",North,Builder,Under_Construction
455.0,Punjab,Ludhiana,Locality_305,Property_Type,4.0,950.0,151.1,0.16,1997.0,Furnished,19.0,11.0,28.0,7.0,1.0,Medium,No,Yes,"Pool, Playground",West,Broker,Ready_to_Move
456.0,Karnataka,Bangalore,Locality_471,Property_Type,2.0,964.0,96.13,0.1,2006.0,Semi-furnished,7.0,18.0,19.0,1.0,9.0,High,No,No,"Gym, Clubhouse, Pool, Garden",West,Owner,Under_Construction
457.0,Telangana,Warangal,Locality_317,Property_Type,3.0,3091.0,24.83,0.01,2013.0,Semi-furnished,9.0,28.0,12.0,10.0,3.0,High,No,Yes,Pool,North,Broker,Under_Construction
458.0,Maharashtra,Pune,Locality_495,Property_Type,4.0,1735.0,259.76,0.15,2010.0,Unfurnished,9.0,2.0,15.0,3.0,8.0,Low,No,No,"Clubhouse, Pool, Gym, Garden",North,Owner,Ready_to_Move
459.0,Assam,Guwahati,Locality_333,Property_Type,3.0,4119.0,191.2,0.05,2003.0,Semi-furnished,3.0,11.0,22.0,2.0,2.0,High,No,No,"Clubhouse, Playground",North,Broker,Under_Construction
460.0,Chhattisgarh,Raipur,Locality_194,Property_Type,3.0,1151.0,322.16,0.28,2020.0,Semi-furnished,11.0,26.0,5.0,2.0,3.0,Low,Yes,No,Garden,West,Owner,Under_Construction
461.0,Uttar Pradesh,Lucknow,Locality_409,Property_Type,5.0,3154.0,414.18,0.13,2023.0,Furnished,0.0,18.0,2.0,3.0,8.0,Medium,Yes,No,Pool,South,Builder,Under_Construction
462.0,Madhya Pradesh,Indore,Locality_107,Property_Type,3.0,4183.0,366.44,0.09,2023.0,Semi-furnished,24.0,1.0,2.0,9.0,7.0,Medium,No,Yes,"Gym, Clubhouse",North,Builder,Under_Construction
463.0,Telangana,Warangal,Locality_400,Property_Type,2.0,1904.0,300.43,0.16,2006.0,Unfurnished,9.0,8.0,19.0,7.0,3.0,Low,Yes,No,"Playground, Pool, Garden",West,Broker,Ready_to_Move
464.0,Delhi,Dwarka,Locality_17,Property_Type,3.0,1618.0,409.58,0.25,2000.0,Furnished,18.0,10.0,25.0,10.0,8.0,Low,No,Yes,"Garden, Clubhouse",South,Builder,Under_Construction
465.0,Haryana,Gurgaon,Locality_53,Property_Type,3.0,2344.0,227.8,0.1,1996.0,Furnished,2.0,26.0,29.0,3.0,6.0,Medium,No,Yes,"Clubhouse, Gym, Playground, Pool",North,Broker,Under_Construction
466.0,Uttarakhand,Haridwar,Locality_376,Property_Type,1.0,3692.0,63.71,0.02,2020.0,Unfurnished,4.0,2.0,5.0,6.0,8.0,High,No,Yes,"Garden, Clubhouse, Playground, Gym",East,Broker,Ready_to_Move
467.0,Haryana,Gurgaon,Locality_135,Property_Type,4.0,1466.0,129.67,0.09,1992.0,Semi-furnished,4.0,13.0,33.0,5.0,1.0,Low,No,No,"Playground, Garden",South,Owner,Under_Construction
468.0,Tamil Nadu,Coimbatore,Locality_482,Property_Type,4.0,3969.0,108.38,0.03,2003.0,Furnished,27.0,15.0,22.0,1.0,5.0,Low,Yes,No,"Playground, Gym, Garden",West,Owner,Ready_to_Move
469.0,Kerala,Kochi,Locality_205,Property_Type,4.0,1128.0,67.74,0.06,2002.0,Furnished,25.0,24.0,23.0,1.0,4.0,Low,No,No,"Playground, Gym",West,Builder,Ready_to_Move
470.0,Assam,Guwahati,Locality_489,Property_Type,4.0,2258.0,192.36,0.09,2006.0,Semi-furnished,12.0,9.0,19.0,2.0,10.0,High,No,No,Pool,South,Owner,Under_Construction
471.0,Kerala,Kochi,Locality_219,Property_Type,3.0,1366.0,382.27,0.28,2000.0,Unfurnished,26.0,4.0,25.0,3.0,9.0,Medium,Yes,Yes,"Garden, Pool, Gym, Playground",North,Owner,Ready_to_Move
472.0,Telangana,Warangal,Locality_145,Property_Type,4.0,2931.0,476.99,0.16,2021.0,Furnished,19.0,26.0,4.0,6.0,7.0,Low,Yes,Yes,"Garden, Clubhouse, Gym",South,Builder,Ready_to_Move
473.0,Haryana,Faridabad,Locality_360,Property_Type,2.0,4353.0,68.51,0.02,2011.0,Furnished,10.0,14.0,14.0,7.0,5.0,Medium,No,Yes,Playground,East,Builder,Under_Construction
474.0,Andhra Pradesh,Vishakhapatnam,Locality_68,Property_Type,3.0,4477.0,23.26,0.01,2021.0,Unfurnished,12.0,10.0,4.0,4.0,3.0,High,No,Yes,"Pool, Clubhouse, Playground, Garden, Gym",North,Builder,Ready_to_Move
475.0,Kerala,Trivandrum,Locality_406,Property_Type,5.0,1965.0,230.95,0.12,2003.0,Unfurnished,30.0,2.0,22.0,8.0,4.0,High,No,No,"Gym, Clubhouse, Pool, Playground, Garden",South,Builder,Ready_to_Move
476.0,Chhattisgarh,Raipur,Locality_305,Property_Type,1.0,4688.0,396.63,0.08,2002.0,Semi-furnished,23.0,27.0,23.0,5.0,5.0,Medium,Yes,No,"Clubhouse, Gym, Playground",South,Owner,Ready_to_Move
477.0,West Bengal,Durgapur,Locality_141,Property_Type,1.0,4791.0,470.52,0.1,1994.0,Unfurnished,26.0,19.0,31.0,4.0,1.0,Low,Yes,Yes,"Pool, Clubhouse, Playground",South,Builder,Ready_to_Move
478.0,Uttar Pradesh,Noida,Locality_479,Property_Type,1.0,1897.0,347.56,0.18,1994.0,Semi-furnished,22.0,12.0,31.0,2.0,5.0,Low,No,Yes,"Gym, Clubhouse",North,Owner,Under_Construction
479.0,Telangana,Warangal,Locality_5,Property_Type,3.0,3171.0,175.46,0.06,2014.0,Unfurnished,21.0,15.0,11.0,9.0,3.0,Low,Yes,Yes,Pool,East,Owner,Under_Construction
480.0,Andhra Pradesh,Vijayawada,Locality_295,Property_Type,1.0,3496.0,402.15,0.12,2000.0,Semi-furnished,2.0,22.0,25.0,8.0,10.0,Low,Yes,Yes,"Clubhouse, Playground, Gym, Pool, Garden",North,Builder,Under_Construction
481.0,Gujarat,Surat,Locality_339,Property_Type,5.0,2195.0,376.78,0.17,2001.0,Unfurnished,27.0,20.0,24.0,6.0,9.0,High,Yes,No,"Clubhouse, Pool",East,Builder,Ready_to_Move
482.0,Uttarakhand,Haridwar,Locality_41,Property_Type,4.0,1514.0,192.5,0.13,2008.0,Unfurnished,13.0,24.0,17.0,10.0,7.0,Low,No,Yes,"Playground, Clubhouse, Gym, Garden, Pool",North,Broker,Under_Construction
483.0,Jharkhand,Jamshedpur,Locality_59,Property_Type,5.0,4777.0,125.96,0.03,2020.0,Furnished,25.0,2.0,5.0,1.0,9.0,Medium,Yes,Yes,"Gym, Pool",South,Owner,Ready_to_Move
484.0,Kerala,Trivandrum,Locality_45,Property_Type,4.0,1617.0,169.38,0.1,2006.0,Furnished,10.0,13.0,19.0,6.0,5.0,Medium,Yes,Yes,"Playground, Gym",West,Owner,Ready_to_Move
485.0,Andhra Pradesh,Vijayawada,Locality_70,Property_Type,1.0,1235.0,430.36,0.35,2018.0,Unfurnished,24.0,17.0,7.0,10.0,3.0,High,No,No,"Garden, Gym, Playground, Pool",North,Broker,Under_Construction
486.0,Chhattisgarh,Raipur,Locality_25,Property_Type,2.0,1538.0,444.82,0.29,2022.0,Semi-furnished,1.0,16.0,3.0,6.0,9.0,High,Yes,Yes,Pool,West,Builder,Under_Construction
487.0,Maharashtra,Mumbai,Locality_276,Property_Type,1.0,1815.0,31.27,0.02,2005.0,Semi-furnished,24.0,24.0,20.0,7.0,7.0,Low,Yes,No,Garden,North,Builder,Ready_to_Move
488.0,Kerala,Kochi,Locality_206,Property_Type,5.0,4481.0,68.36,0.02,2002.0,Furnished,15.0,1.0,23.0,4.0,10.0,Low,Yes,Yes,"Playground, Gym, Pool, Clubhouse, Garden",West,Broker,Ready_to_Move
489.0,Kerala,Kochi,Locality_357,Property_Type,5.0,1100.0,293.21,0.27,2004.0,Unfurnished,28.0,11.0,21.0,10.0,6.0,Low,Yes,No,"Gym, Pool",North,Owner,Under_Construction
490.0,Uttar Pradesh,Lucknow,Locality_182,Property_Type,4.0,1705.0,465.76,0.27,2002.0,Furnished,1.0,14.0,23.0,7.0,8.0,High,Yes,No,"Garden, Gym, Clubhouse, Playground, Pool",East,Owner,Ready_to_Move
491.0,Telangana,Hyderabad,Locality_92,Property_Type,5.0,2883.0,410.48,0.14,2000.0,Unfurnished,14.0,9.0,25.0,4.0,1.0,High,Yes,No,"Playground, Gym, Clubhouse, Pool, Garden",North,Builder,Ready_to_Move
492.0,Jharkhand,Ranchi,Locality_195,Property_Type,2.0,2502.0,276.49,0.11,1998.0,Unfurnished,29.0,10.0,27.0,4.0,1.0,Medium,Yes,No,"Gym, Garden",South,Builder,Under_Construction
493.0,Uttarakhand,Dehradun,Locality_451,Property_Type,3.0,1281.0,421.37,0.33,1995.0,Semi-furnished,7.0,7.0,30.0,6.0,6.0,Medium,Yes,No,"Garden, Pool, Playground",North,Owner,Under_Construction
494.0,Haryana,Gurgaon,Locality_409,Property_Type,1.0,3605.0,296.96,0.08,1997.0,Furnished,24.0,5.0,28.0,9.0,7.0,Low,No,Yes,"Pool, Garden, Playground",North,Builder,Under_Construction
495.0,Bihar,Patna,Locality_390,Property_Type,4.0,2022.0,332.83,0.16,2004.0,Unfurnished,0.0,1.0,21.0,5.0,6.0,Low,No,No,Playground,North,Owner,Ready_to_Move
496.0,Bihar,Gaya,Locality_31,Property_Type,5.0,3434.0,124.92,0.04,2004.0,Unfurnished,15.0,7.0,21.0,1.0,4.0,High,No,No,"Clubhouse, Garden",East,Owner,Under_Construction
497.0,Bihar,Patna,Locality_115,Property_Type,5.0,4073.0,210.6,0.05,1992.0,Unfurnished,1.0,9.0,33.0,2.0,2.0,High,No,No,Pool,South,Broker,Under_Construction
498.0,Uttar Pradesh,Lucknow,Locality_67,Property_Type,2.0,4496.0,399.51,0.09,2018.0,Furnished,30.0,25.0,7.0,8.0,3.0,High,Yes,Yes,Pool,West,Builder,Ready_to_Move
499.0,Assam,Silchar,Locality_364,Property_Type,2.0,3237.0,270.4,0.08,2004.0,Semi-furnished,6.0,16.0,21.0,2.0,6.0,Low,Yes,No,"Clubhouse, Playground, Garden",North,Owner,Under_Construction
500.0,Odisha,Cuttack,Locality_49,Property_Type,2.0,2848.0,330.19,0.12,1995.0,Semi-furnished,29.0,27.0,30.0,9.0,9.0,Low,No,No,"Clubhouse, Garden, Gym, Playground",South,Builder,Under_Construction
501.0,Gujarat,Ahmedabad,Locality_163,Property_Type,2.0,3878.0,446.67,0.12,2018.0,Semi-furnished,18.0,19.0,7.0,6.0,1.0,High,No,No,"Playground, Pool",East,Builder,Ready_to_Move
502.0,Delhi,Dwarka,Locality_499,Property_Type,4.0,3619.0,227.12,0.06,2020.0,Furnished,23.0,8.0,5.0,4.0,4.0,Low,Yes,Yes,Gym,North,Broker,Ready_to_Move
503.0,Kerala,Kochi,Locality_208,Property_Type,1.0,2937.0,133.4,0.05,2001.0,Semi-furnished,6.0,5.0,24.0,6.0,2.0,Low,No,Yes,"Pool, Clubhouse, Gym, Playground, Garden",West,Broker,Ready_to_Move
504.0,Assam,Guwahati,Locality_144,Property_Type,4.0,4201.0,179.43,0.04,2008.0,Unfurnished,20.0,3.0,17.0,1.0,1.0,Medium,Yes,No,Clubhouse,East,Owner,Under_Construction
505.0,Uttarakhand,Haridwar,Locality_78,Property_Type,3.0,2306.0,231.42,0.1,2011.0,Semi-furnished,1.0,16.0,14.0,6.0,2.0,Low,Yes,No,"Garden, Gym",West,Builder,Ready_to_Move
506.0,Haryana,Gurgaon,Locality_352,Property_Type,4.0,2527.0,388.45,0.15,2019.0,Unfurnished,20.0,14.0,6.0,6.0,1.0,Medium,No,No,Pool,East,Broker,Under_Construction
507.0,Delhi,Dwarka,Locality_63,Property_Type,5.0,693.0,306.46,0.44,1997.0,Furnished,20.0,25.0,28.0,10.0,8.0,Medium,No,No,"Clubhouse, Gym",East,Broker,Ready_to_Move
508.0,Rajasthan,Jaipur,Locality_439,Property_Type,1.0,2736.0,445.96,0.16,2019.0,Semi-furnished,0.0,10.0,6.0,9.0,7.0,High,No,No,"Clubhouse, Pool, Playground",East,Broker,Under_Construction
509.0,Kerala,Kochi,Locality_284,Property_Type,2.0,636.0,319.08,0.5,2007.0,Furnished,4.0,8.0,18.0,5.0,7.0,High,Yes,No,"Playground, Pool",West,Owner,Under_Construction
510.0,Rajasthan,Jaipur,Locality_457,Property_Type,1.0,1870.0,343.18,0.18,2000.0,Unfurnished,30.0,24.0,25.0,5.0,1.0,Low,Yes,Yes,"Gym, Garden, Pool, Clubhouse, Playground",West,Broker,Ready_to_Move
511.0,Uttar Pradesh,Lucknow,Locality_101,Property_Type,3.0,565.0,300.53,0.53,1991.0,Semi-furnished,17.0,16.0,34.0,10.0,7.0,High,No,No,"Clubhouse, Playground, Pool, Gym, Garden",East,Broker,Ready_to_Move
512.0,West Bengal,Durgapur,Locality_279,Property_Type,1.0,2237.0,485.45,0.22,1998.0,Furnished,20.0,12.0,27.0,9.0,6.0,High,Yes,No,"Pool, Clubhouse, Garden",South,Builder,Under_Construction
513.0,Maharashtra,Nagpur,Locality_176,Property_Type,1.0,1514.0,71.73,0.05,2001.0,Furnished,6.0,12.0,24.0,10.0,6.0,Medium,No,No,"Garden, Pool",West,Owner,Ready_to_Move
514.0,Karnataka,Mysore,Locality_87,Property_Type,5.0,1356.0,460.58,0.34,2009.0,Furnished,15.0,7.0,16.0,3.0,4.0,High,Yes,No,"Pool, Playground, Garden",East,Broker,Ready_to_Move
515.0,Rajasthan,Jaipur,Locality_376,Property_Type,2.0,2998.0,287.42,0.1,2022.0,Furnished,0.0,6.0,3.0,10.0,9.0,High,No,Yes,"Gym, Garden, Playground, Pool",North,Broker,Under_Construction
516.0,Odisha,Bhubaneswar,Locality_30,Property_Type,5.0,3590.0,248.72,0.07,2003.0,Furnished,18.0,30.0,22.0,3.0,10.0,Low,No,Yes,"Gym, Clubhouse, Garden",North,Owner,Ready_to_Move
517.0,Uttarakhand,Haridwar,Locality_318,Property_Type,3.0,1240.0,413.14,0.33,2005.0,Semi-furnished,13.0,3.0,20.0,1.0,10.0,Low,Yes,No,"Pool, Gym, Garden, Playground",West,Owner,Ready_to_Move
518.0,Delhi,New Delhi,Locality_20,Property_Type,1.0,514.0,332.84,0.65,2013.0,Semi-furnished,3.0,19.0,12.0,9.0,9.0,Medium,No,No,"Garden, Playground, Clubhouse, Gym",North,Broker,Ready_to_Move
519.0,Bihar,Patna,Locality_80,Property_Type,1.0,1316.0,120.97,0.09,2003.0,Unfurnished,16.0,30.0,22.0,1.0,5.0,High,Yes,No,"Gym, Pool, Garden",South,Owner,Under_Construction
520.0,Telangana,Warangal,Locality_4,Property_Type,4.0,1114.0,363.58,0.33,2000.0,Furnished,4.0,11.0,25.0,5.0,1.0,Medium,Yes,No,"Garden, Pool",North,Owner,Ready_to_Move
521.0,Jharkhand,Ranchi,Locality_238,Property_Type,4.0,2395.0,66.29,0.03,1999.0,Furnished,5.0,29.0,26.0,2.0,7.0,Medium,Yes,No,"Garden, Clubhouse, Gym, Playground, Pool",West,Broker,Under_Construction
522.0,Uttar Pradesh,Lucknow,Locality_246,Property_Type,4.0,2363.0,371.74,0.16,1993.0,Furnished,27.0,14.0,32.0,1.0,2.0,Low,Yes,No,Playground,South,Owner,Ready_to_Move
523.0,Andhra Pradesh,Vijayawada,Locality_468,Property_Type,5.0,4747.0,113.83,0.02,2016.0,Furnished,23.0,18.0,9.0,1.0,1.0,High,No,Yes,"Pool, Garden, Gym, Playground, Clubhouse",South,Broker,Under_Construction
524.0,Odisha,Cuttack,Locality_148,Property_Type,2.0,949.0,115.96,0.12,2010.0,Furnished,3.0,22.0,15.0,1.0,4.0,Medium,No,Yes,"Clubhouse, Pool, Gym",East,Broker,Ready_to_Move
525.0,Andhra Pradesh,Vishakhapatnam,Locality_168,Property_Type,3.0,2354.0,362.58,0.15,2003.0,Unfurnished,10.0,4.0,22.0,3.0,3.0,Low,No,No,"Clubhouse, Gym, Garden, Pool, Playground",North,Owner,Under_Construction
526.0,Rajasthan,Jodhpur,Locality_168,Property_Type,3.0,1770.0,278.47,0.16,2022.0,Semi-furnished,21.0,7.0,3.0,8.0,3.0,Medium,No,No,"Garden, Clubhouse",West,Builder,Ready_to_Move
527.0,West Bengal,Kolkata,Locality_339,Property_Type,1.0,1376.0,173.92,0.13,1990.0,Furnished,8.0,14.0,35.0,1.0,8.0,Medium,Yes,Yes,"Pool, Gym, Garden",South,Builder,Under_Construction
528.0,Maharashtra,Pune,Locality_346,Property_Type,2.0,3807.0,91.84,0.02,1993.0,Furnished,6.0,19.0,32.0,3.0,5.0,Low,No,Yes,"Garden, Playground, Gym, Pool, Clubhouse",West,Builder,Ready_to_Move
529.0,Tamil Nadu,Coimbatore,Locality_201,Property_Type,2.0,2064.0,100.7,0.05,2014.0,Semi-furnished,8.0,22.0,11.0,10.0,4.0,Medium,Yes,No,"Garden, Clubhouse",South,Builder,Ready_to_Move
530.0,Telangana,Hyderabad,Locality_205,Property_Type,4.0,3112.0,495.64,0.16,2005.0,Semi-furnished,12.0,10.0,20.0,1.0,10.0,High,Yes,No,"Clubhouse, Pool, Gym, Playground",West,Owner,Under_Construction
531.0,Rajasthan,Jaipur,Locality_472,Property_Type,3.0,4270.0,55.82,0.01,1999.0,Semi-furnished,10.0,13.0,26.0,1.0,1.0,High,No,No,Playground,South,Broker,Ready_to_Move
532.0,Gujarat,Ahmedabad,Locality_365,Property_Type,5.0,3749.0,306.62,0.08,1993.0,Semi-furnished,25.0,15.0,32.0,7.0,6.0,Low,Yes,No,"Playground, Pool, Gym, Clubhouse, Garden",East,Owner,Ready_to_Move
533.0,Assam,Guwahati,Locality_312,Property_Type,2.0,4857.0,392.58,0.08,2013.0,Unfurnished,21.0,29.0,12.0,1.0,8.0,Medium,No,Yes,"Clubhouse, Gym, Pool, Garden, Playground",North,Owner,Ready_to_Move
534.0,Bihar,Gaya,Locality_133,Property_Type,3.0,4815.0,158.29,0.03,2008.0,Unfurnished,17.0,9.0,17.0,8.0,7.0,Medium,Yes,No,"Pool, Gym, Playground, Garden, Clubhouse",South,Owner,Ready_to_Move
535.0,Karnataka,Bangalore,Locality_375,Property_Type,5.0,3828.0,264.56,0.07,1993.0,Semi-furnished,7.0,6.0,32.0,1.0,8.0,Medium,Yes,No,"Pool, Playground, Gym",North,Broker,Under_Construction
536.0,Chhattisgarh,Bilaspur,Locality_455,Property_Type,2.0,2126.0,229.09,0.11,1990.0,Furnished,8.0,13.0,35.0,6.0,2.0,Low,Yes,No,"Playground, Clubhouse, Gym, Pool, Garden",West,Broker,Ready_to_Move
537.0,Rajasthan,Jodhpur,Locality_179,Property_Type,4.0,1398.0,421.29,0.3,1993.0,Furnished,24.0,17.0,32.0,10.0,8.0,Medium,No,Yes,"Pool, Gym",South,Owner,Ready_to_Move
538.0,Tamil Nadu,Coimbatore,Locality_22,Property_Type,5.0,2168.0,392.19,0.18,1994.0,Furnished,26.0,30.0,31.0,1.0,9.0,Medium,Yes,Yes,"Playground, Pool, Gym, Garden, Clubhouse",South,Owner,Under_Construction
539.0,Bihar,Patna,Locality_26,Property_Type,2.0,1473.0,96.79,0.07,2008.0,Semi-furnished,18.0,26.0,17.0,7.0,4.0,Low,No,Yes,"Clubhouse, Gym, Pool, Playground",East,Builder,Ready_to_Move
540.0,West Bengal,Durgapur,Locality_168,Property_Type,4.0,4292.0,480.87,0.11,1991.0,Unfurnished,12.0,11.0,34.0,5.0,7.0,Low,No,Yes,"Clubhouse, Garden",East,Broker,Under_Construction
541.0,Bihar,Patna,Locality_407,Property_Type,2.0,3750.0,466.31,0.12,2018.0,Furnished,28.0,18.0,7.0,9.0,8.0,Medium,No,No,"Garden, Clubhouse, Gym, Pool, Playground",North,Builder,Under_Construction
542.0,Assam,Guwahati,Locality_132,Property_Type,5.0,1685.0,62.35,0.04,2002.0,Furnished,23.0,17.0,23.0,3.0,1.0,Medium,Yes,No,Gym,East,Broker,Ready_to_Move
543.0,Chhattisgarh,Bilaspur,Locality_223,Property_Type,3.0,905.0,97.03,0.11,2017.0,Unfurnished,18.0,20.0,8.0,5.0,8.0,Medium,No,No,Clubhouse,South,Broker,Under_Construction
544.0,Uttarakhand,Haridwar,Locality_452,Property_Type,5.0,4956.0,378.75,0.08,2023.0,Semi-furnished,23.0,6.0,2.0,2.0,1.0,Medium,No,No,"Garden, Clubhouse, Playground, Pool",South,Builder,Under_Construction
545.0,Haryana,Faridabad,Locality_193,Property_Type,1.0,2060.0,181.58,0.09,2013.0,Semi-furnished,0.0,13.0,12.0,10.0,6.0,Low,Yes,No,"Garden, Clubhouse",West,Builder,Under_Construction
546.0,Bihar,Patna,Locality_443,Property_Type,4.0,2453.0,27.5,0.01,2019.0,Furnished,25.0,30.0,6.0,8.0,3.0,High,No,Yes,Clubhouse,North,Builder,Under_Construction
547.0,Uttarakhand,Haridwar,Locality_484,Property_Type,1.0,920.0,112.77,0.12,2005.0,Semi-furnished,25.0,11.0,20.0,8.0,7.0,Low,Yes,Yes,"Garden, Playground, Clubhouse",South,Owner,Under_Construction
548.0,Assam,Silchar,Locality_241,Property_Type,1.0,3346.0,434.28,0.13,2020.0,Unfurnished,8.0,7.0,5.0,8.0,5.0,Low,No,No,"Playground, Pool, Garden, Gym, Clubhouse",South,Builder,Ready_to_Move
549.0,Telangana,Warangal,Locality_368,Property_Type,5.0,2451.0,279.21,0.11,2012.0,Unfurnished,2.0,24.0,13.0,5.0,10.0,Medium,No,Yes,Clubhouse,South,Broker,Ready_to_Move
550.0,Chhattisgarh,Raipur,Locality_172,Property_Type,4.0,2023.0,402.66,0.2,1998.0,Unfurnished,23.0,23.0,27.0,10.0,1.0,Low,No,No,Garden,West,Owner,Ready_to_Move
551.0,Bihar,Gaya,Locality_107,Property_Type,4.0,1690.0,416.39,0.25,2010.0,Unfurnished,14.0,18.0,15.0,3.0,3.0,High,No,No,"Garden, Pool, Gym, Playground",East,Broker,Under_Construction
552.0,Gujarat,Ahmedabad,Locality_47,Property_Type,2.0,3438.0,15.67,0.0,1997.0,Semi-furnished,12.0,12.0,28.0,9.0,9.0,High,No,Yes,"Playground, Pool, Garden, Clubhouse, Gym",West,Broker,Ready_to_Move
553.0,Odisha,Bhubaneswar,Locality_161,Property_Type,2.0,794.0,109.16,0.14,2022.0,Furnished,8.0,18.0,3.0,1.0,2.0,Medium,Yes,No,"Clubhouse, Playground",South,Broker,Ready_to_Move
554.0,Bihar,Patna,Locality_187,Property_Type,2.0,784.0,211.48,0.27,2011.0,Furnished,7.0,17.0,14.0,1.0,4.0,Medium,Yes,Yes,"Clubhouse, Gym, Pool",East,Builder,Ready_to_Move
555.0,Punjab,Ludhiana,Locality_312,Property_Type,4.0,2881.0,442.42,0.15,2003.0,Semi-furnished,6.0,11.0,22.0,3.0,3.0,Low,Yes,Yes,"Clubhouse, Garden, Gym, Pool, Playground",West,Broker,Ready_to_Move
556.0,Rajasthan,Jodhpur,Locality_348,Property_Type,3.0,2008.0,454.3,0.23,1994.0,Semi-furnished,18.0,7.0,31.0,2.0,7.0,Low,Yes,No,Clubhouse,South,Owner,Under_Construction
557.0,Punjab,Ludhiana,Locality_90,Property_Type,5.0,1288.0,156.88,0.12,2004.0,Semi-furnished,13.0,7.0,21.0,10.0,7.0,High,No,No,"Pool, Garden, Clubhouse",South,Builder,Ready_to_Move
558.0,Assam,Guwahati,Locality_426,Property_Type,3.0,4834.0,55.89,0.01,2002.0,Furnished,29.0,12.0,23.0,10.0,5.0,Medium,Yes,No,"Gym, Clubhouse, Pool, Playground",East,Builder,Ready_to_Move
559.0,Odisha,Cuttack,Locality_45,Property_Type,1.0,547.0,78.08,0.14,2006.0,Unfurnished,3.0,20.0,19.0,4.0,2.0,Low,No,Yes,"Clubhouse, Garden, Pool",East,Owner,Ready_to_Move
560.0,Rajasthan,Jaipur,Locality_29,Property_Type,4.0,4339.0,198.0,0.05,2019.0,Furnished,14.0,5.0,6.0,7.0,1.0,High,No,Yes,Pool,East,Builder,Under_Construction
561.0,Punjab,Ludhiana,Locality_399,Property_Type,1.0,4995.0,101.67,0.02,2016.0,Unfurnished,15.0,13.0,9.0,2.0,5.0,Medium,No,No,Pool,East,Broker,Under_Construction
562.0,Bihar,Patna,Locality_438,Property_Type,2.0,3174.0,52.2,0.02,2016.0,Semi-furnished,19.0,9.0,9.0,9.0,1.0,High,Yes,No,Playground,East,Broker,Ready_to_Move
563.0,Delhi,New Delhi,Locality_494,Property_Type,1.0,939.0,136.51,0.15,2023.0,Semi-furnished,7.0,11.0,2.0,10.0,4.0,High,Yes,No,"Pool, Garden",South,Builder,Under_Construction
564.0,Kerala,Trivandrum,Locality_392,Property_Type,3.0,2621.0,129.15,0.05,1994.0,Furnished,16.0,15.0,31.0,7.0,1.0,High,Yes,No,"Gym, Playground",East,Broker,Ready_to_Move
565.0,Rajasthan,Jaipur,Locality_296,Property_Type,2.0,4137.0,334.67,0.08,1994.0,Unfurnished,5.0,19.0,31.0,10.0,4.0,Medium,No,No,"Playground, Pool, Garden, Gym",East,Builder,Under_Construction
566.0,Punjab,Ludhiana,Locality_420,Property_Type,1.0,4829.0,350.56,0.07,1998.0,Furnished,18.0,19.0,27.0,5.0,5.0,Low,No,Yes,"Gym, Playground, Garden, Pool, Clubhouse",South,Broker,Ready_to_Move
567.0,Haryana,Gurgaon,Locality_339,Property_Type,4.0,1307.0,406.24,0.31,2022.0,Unfurnished,11.0,11.0,3.0,4.0,1.0,Low,No,No,Clubhouse,North,Owner,Under_Construction
568.0,Haryana,Gurgaon,Locality_6,Property_Type,2.0,1509.0,438.09,0.29,2007.0,Unfurnished,29.0,23.0,18.0,1.0,9.0,High,Yes,Yes,"Gym, Pool, Clubhouse, Garden, Playground",East,Owner,Ready_to_Move
569.0,Chhattisgarh,Raipur,Locality_422,Property_Type,2.0,3802.0,150.89,0.04,2017.0,Furnished,28.0,15.0,8.0,9.0,8.0,High,Yes,No,"Gym, Garden, Playground, Clubhouse",South,Owner,Under_Construction
570.0,Delhi,New Delhi,Locality_254,Property_Type,2.0,1752.0,494.32,0.28,2001.0,Unfurnished,6.0,10.0,24.0,3.0,1.0,High,Yes,No,"Gym, Clubhouse, Playground, Pool, Garden",South,Owner,Ready_to_Move
571.0,West Bengal,Durgapur,Locality_183,Property_Type,1.0,2946.0,431.84,0.15,2004.0,Furnished,6.0,5.0,21.0,10.0,4.0,High,Yes,Yes,"Playground, Garden",West,Owner,Under_Construction
572.0,West Bengal,Kolkata,Locality_16,Property_Type,5.0,2114.0,413.54,0.2,1998.0,Semi-furnished,2.0,26.0,27.0,1.0,3.0,High,Yes,No,"Playground, Garden, Pool, Clubhouse, Gym",West,Broker,Under_Construction
573.0,Rajasthan,Jodhpur,Locality_464,Property_Type,4.0,1270.0,127.7,0.1,1993.0,Semi-furnished,27.0,28.0,32.0,6.0,9.0,Medium,No,Yes,"Garden, Pool, Playground, Clubhouse, Gym",South,Owner,Ready_to_Move
574.0,Andhra Pradesh,Vijayawada,Locality_139,Property_Type,5.0,1776.0,169.77,0.1,2002.0,Unfurnished,15.0,9.0,23.0,7.0,4.0,High,Yes,No,"Pool, Clubhouse",West,Owner,Under_Construction
575.0,West Bengal,Kolkata,Locality_28,Property_Type,2.0,3467.0,335.02,0.1,2019.0,Furnished,6.0,25.0,6.0,8.0,10.0,Medium,Yes,No,"Clubhouse, Playground, Gym, Garden",North,Broker,Under_Construction
576.0,Uttar Pradesh,Noida,Locality_82,Property_Type,3.0,2084.0,164.46,0.08,1996.0,Furnished,22.0,20.0,29.0,8.0,7.0,Low,No,Yes,"Garden, Playground, Pool, Clubhouse, Gym",West,Owner,Under_Construction
577.0,Delhi,Dwarka,Locality_15,Property_Type,4.0,2433.0,56.7,0.02,2020.0,Semi-furnished,13.0,26.0,5.0,6.0,1.0,Low,No,Yes,Gym,East,Broker,Ready_to_Move
578.0,Telangana,Hyderabad,Locality_297,Property_Type,5.0,4412.0,198.83,0.05,2023.0,Unfurnished,9.0,4.0,2.0,8.0,3.0,Low,No,Yes,"Clubhouse, Playground, Gym, Garden",West,Builder,Ready_to_Move
579.0,Telangana,Hyderabad,Locality_244,Property_Type,5.0,4535.0,377.08,0.08,1992.0,Unfurnished,6.0,9.0,33.0,9.0,10.0,Low,No,No,"Pool, Clubhouse",South,Broker,Ready_to_Move
580.0,Haryana,Gurgaon,Locality_401,Property_Type,5.0,4933.0,289.54,0.06,2001.0,Unfurnished,22.0,24.0,24.0,9.0,5.0,High,No,Yes,"Clubhouse, Garden, Pool",West,Builder,Ready_to_Move
581.0,Chhattisgarh,Raipur,Locality_316,Property_Type,3.0,1491.0,22.9,0.02,2018.0,Semi-furnished,19.0,22.0,7.0,2.0,9.0,Low,Yes,No,"Playground, Gym, Garden, Pool",East,Owner,Under_Construction
582.0,Bihar,Gaya,Locality_109,Property_Type,5.0,4095.0,395.76,0.1,1995.0,Unfurnished,29.0,30.0,30.0,5.0,6.0,High,No,No,"Playground, Pool, Gym, Garden, Clubhouse",West,Broker,Ready_to_Move
583.0,Telangana,Warangal,Locality_231,Property_Type,4.0,2098.0,389.45,0.19,2007.0,Unfurnished,15.0,8.0,18.0,5.0,5.0,Medium,No,Yes,Gym,East,Owner,Under_Construction
584.0,Karnataka,Bangalore,Locality_155,Property_Type,3.0,1894.0,213.43,0.11,2019.0,Unfurnished,17.0,22.0,6.0,9.0,6.0,Medium,Yes,Yes,"Playground, Gym, Garden",West,Broker,Ready_to_Move
585.0,Uttar Pradesh,Lucknow,Locality_481,Property_Type,5.0,3061.0,180.93,0.06,2022.0,Semi-furnished,30.0,29.0,3.0,2.0,5.0,Low,Yes,Yes,"Garden, Clubhouse",East,Owner,Under_Construction
586.0,Telangana,Hyderabad,Locality_376,Property_Type,4.0,1758.0,455.02,0.26,2023.0,Furnished,6.0,12.0,2.0,4.0,8.0,High,Yes,No,"Clubhouse, Pool, Playground, Gym, Garden",East,Broker,Ready_to_Move
587.0,Andhra Pradesh,Vijayawada,Locality_102,Property_Type,3.0,3766.0,400.38,0.11,2010.0,Unfurnished,28.0,15.0,15.0,9.0,7.0,High,No,No,"Playground, Gym",North,Broker,Ready_to_Move
588.0,Jharkhand,Jamshedpur,Locality_386,Property_Type,5.0,2186.0,426.59,0.2,2019.0,Furnished,0.0,13.0,6.0,5.0,4.0,High,Yes,Yes,"Pool, Playground, Clubhouse, Gym",West,Owner,Ready_to_Move
589.0,Maharashtra,Mumbai,Locality_289,Property_Type,3.0,4945.0,210.14,0.04,2019.0,Semi-furnished,10.0,6.0,6.0,5.0,5.0,Medium,No,Yes,"Clubhouse, Playground, Gym, Garden",North,Broker,Under_Construction
590.0,Jharkhand,Ranchi,Locality_113,Property_Type,1.0,2351.0,26.63,0.01,1993.0,Semi-furnished,28.0,15.0,32.0,6.0,3.0,Medium,No,No,Pool,North,Owner,Ready_to_Move
591.0,Andhra Pradesh,Vishakhapatnam,Locality_406,Property_Type,3.0,711.0,70.12,0.1,1997.0,Semi-furnished,13.0,2.0,28.0,1.0,5.0,Medium,Yes,Yes,Gym,East,Builder,Ready_to_Move
592.0,Odisha,Bhubaneswar,Locality_492,Property_Type,1.0,1980.0,225.15,0.11,2007.0,Semi-furnished,20.0,1.0,18.0,4.0,6.0,Medium,Yes,No,Pool,South,Builder,Under_Construction
593.0,Maharashtra,Pune,Locality_238,Property_Type,4.0,4651.0,203.7,0.04,2011.0,Furnished,28.0,22.0,14.0,8.0,4.0,High,No,Yes,"Gym, Playground",West,Builder,Under_Construction
594.0,Madhya Pradesh,Indore,Locality_24,Property_Type,1.0,4367.0,72.22,0.02,2018.0,Furnished,18.0,11.0,7.0,10.0,2.0,Low,No,No,"Gym, Playground, Pool",East,Builder,Ready_to_Move
595.0,Kerala,Trivandrum,Locality_161,Property_Type,4.0,2103.0,425.6,0.2,1996.0,Semi-furnished,16.0,21.0,29.0,9.0,2.0,Low,Yes,No,"Gym, Playground, Garden, Pool",North,Builder,Ready_to_Move
596.0,Andhra Pradesh,Vishakhapatnam,Locality_370,Property_Type,2.0,4603.0,113.88,0.02,2020.0,Semi-furnished,16.0,14.0,5.0,6.0,10.0,High,No,Yes,"Pool, Garden, Gym, Playground",South,Broker,Under_Construction
597.0,Telangana,Hyderabad,Locality_20,Property_Type,5.0,4453.0,18.89,0.0,2003.0,Semi-furnished,5.0,5.0,22.0,8.0,9.0,High,No,No,"Playground, Garden, Gym, Clubhouse",North,Builder,Under_Construction
598.0,Chhattisgarh,Bilaspur,Locality_152,Property_Type,3.0,4844.0,223.38,0.05,1996.0,Unfurnished,28.0,20.0,29.0,2.0,7.0,Low,Yes,No,"Pool, Playground, Gym, Clubhouse, Garden",East,Owner,Ready_to_Move
599.0,Chhattisgarh,Raipur,Locality_131,Property_Type,3.0,3604.0,187.19,0.05,1998.0,Unfurnished,24.0,30.0,27.0,5.0,8.0,Low,No,No,"Clubhouse, Playground, Pool, Gym",North,Broker,Ready_to_Move
600.0,Uttarakhand,Dehradun,Locality_292,Property_Type,4.0,1614.0,74.04,0.05,2021.0,Furnished,28.0,25.0,4.0,5.0,10.0,Low,Yes,No,"Gym, Pool, Clubhouse, Playground",East,Builder,Ready_to_Move
601.0,Rajasthan,Jaipur,Locality_362,Property_Type,3.0,956.0,266.13,0.28,2006.0,Semi-furnished,8.0,29.0,19.0,1.0,3.0,Medium,Yes,No,Clubhouse,East,Owner,Under_Construction
602.0,Odisha,Bhubaneswar,Locality_155,Property_Type,5.0,2572.0,276.27,0.11,2003.0,Unfurnished,3.0,24.0,22.0,7.0,3.0,Medium,Yes,No,"Clubhouse, Garden, Gym, Playground, Pool",East,Builder,Ready_to_Move
603.0,Rajasthan,Jaipur,Locality_137,Property_Type,5.0,714.0,95.86,0.13,2000.0,Furnished,29.0,15.0,25.0,2.0,10.0,Medium,No,Yes,"Gym, Clubhouse, Garden",West,Owner,Ready_to_Move
604.0,Punjab,Amritsar,Locality_418,Property_Type,3.0,4518.0,181.22,0.04,2002.0,Unfurnished,21.0,17.0,23.0,4.0,4.0,Low,No,No,"Pool, Garden, Playground",East,Broker,Under_Construction
605.0,Telangana,Warangal,Locality_436,Property_Type,1.0,1065.0,211.92,0.2,1990.0,Unfurnished,10.0,21.0,35.0,4.0,3.0,Medium,Yes,No,"Playground, Gym, Pool",West,Builder,Under_Construction
606.0,Odisha,Cuttack,Locality_380,Property_Type,5.0,1802.0,261.84,0.15,2013.0,Unfurnished,18.0,24.0,12.0,1.0,8.0,High,No,No,Clubhouse,East,Builder,Ready_to_Move
607.0,Maharashtra,Nagpur,Locality_261,Property_Type,1.0,3171.0,403.0,0.13,1998.0,Furnished,24.0,5.0,27.0,2.0,5.0,Medium,No,No,"Playground, Gym, Clubhouse",West,Owner,Ready_to_Move
608.0,Andhra Pradesh,Vijayawada,Locality_330,Property_Type,5.0,1763.0,49.12,0.03,2022.0,Unfurnished,10.0,9.0,3.0,10.0,6.0,High,No,Yes,"Clubhouse, Garden",South,Broker,Under_Construction
609.0,Haryana,Gurgaon,Locality_421,Property_Type,5.0,3438.0,17.27,0.01,2019.0,Unfurnished,12.0,11.0,6.0,6.0,2.0,High,Yes,No,"Gym, Playground, Pool",North,Broker,Ready_to_Move
610.0,Andhra Pradesh,Vishakhapatnam,Locality_378,Property_Type,5.0,1073.0,233.3,0.22,1999.0,Semi-furnished,6.0,6.0,26.0,1.0,3.0,Low,No,Yes,"Pool, Playground, Gym",East,Builder,Under_Construction
611.0,Gujarat,Ahmedabad,Locality_398,Property_Type,5.0,4654.0,317.99,0.07,1999.0,Furnished,19.0,24.0,26.0,5.0,4.0,Medium,Yes,No,Garden,South,Owner,Under_Construction
612.0,Bihar,Patna,Locality_197,Property_Type,5.0,3791.0,100.16,0.03,1995.0,Furnished,4.0,18.0,30.0,10.0,3.0,High,No,Yes,"Gym, Garden, Pool",East,Broker,Under_Construction
613.0,West Bengal,Durgapur,Locality_357,Property_Type,4.0,777.0,387.53,0.5,1993.0,Unfurnished,7.0,20.0,32.0,4.0,6.0,Medium,No,No,"Clubhouse, Pool, Garden",East,Builder,Ready_to_Move
614.0,Uttarakhand,Dehradun,Locality_383,Property_Type,1.0,3874.0,261.64,0.07,1991.0,Furnished,18.0,1.0,34.0,2.0,9.0,Medium,Yes,Yes,"Playground, Garden, Clubhouse, Gym, Pool",West,Builder,Ready_to_Move
615.0,Chhattisgarh,Bilaspur,Locality_472,Property_Type,1.0,4718.0,325.57,0.07,2012.0,Furnished,16.0,5.0,13.0,1.0,3.0,Low,No,Yes,"Playground, Garden, Gym",East,Owner,Ready_to_Move
616.0,Maharashtra,Nagpur,Locality_301,Property_Type,3.0,2972.0,425.41,0.14,2015.0,Furnished,28.0,6.0,10.0,1.0,8.0,Medium,Yes,No,"Playground, Garden, Gym",West,Builder,Under_Construction
617.0,Andhra Pradesh,Vijayawada,Locality_327,Property_Type,4.0,3467.0,399.84,0.12,2021.0,Unfurnished,23.0,28.0,4.0,10.0,10.0,High,Yes,No,Garden,South,Builder,Under_Construction
618.0,Jharkhand,Jamshedpur,Locality_459,Property_Type,2.0,4272.0,100.28,0.02,2007.0,Semi-furnished,21.0,25.0,18.0,10.0,2.0,Low,Yes,Yes,"Playground, Clubhouse",West,Owner,Ready_to_Move
619.0,Jharkhand,Jamshedpur,Locality_7,Property_Type,2.0,683.0,423.31,0.62,2002.0,Semi-furnished,2.0,24.0,23.0,9.0,1.0,Medium,Yes,Yes,"Gym, Playground, Pool, Clubhouse, Garden",North,Broker,Ready_to_Move
620.0,Maharashtra,Mumbai,Locality_334,Property_Type,1.0,1167.0,220.74,0.19,2011.0,Unfurnished,16.0,28.0,14.0,3.0,6.0,Medium,No,Yes,"Playground, Pool, Clubhouse, Garden",East,Owner,Ready_to_Move
621.0,Delhi,New Delhi,Locality_365,Property_Type,1.0,2552.0,406.23,0.16,2018.0,Semi-furnished,17.0,10.0,7.0,4.0,1.0,Medium,No,No,"Playground, Pool, Garden, Gym, Clubhouse",North,Builder,Ready_to_Move
622.0,Telangana,Hyderabad,Locality_106,Property_Type,4.0,2629.0,354.91,0.13,1994.0,Furnished,7.0,7.0,31.0,8.0,6.0,High,No,Yes,"Clubhouse, Garden",West,Owner,Under_Construction
623.0,West Bengal,Kolkata,Locality_143,Property_Type,1.0,2465.0,254.39,0.1,2004.0,Furnished,22.0,27.0,21.0,2.0,9.0,Low,Yes,Yes,"Garden, Clubhouse",North,Broker,Ready_to_Move
624.0,Bihar,Gaya,Locality_133,Property_Type,1.0,868.0,260.97,0.3,2018.0,Semi-furnished,1.0,24.0,7.0,3.0,8.0,High,Yes,No,"Gym, Playground, Pool, Garden",East,Broker,Ready_to_Move
625.0,Gujarat,Surat,Locality_177,Property_Type,3.0,4295.0,71.73,0.02,2012.0,Furnished,30.0,9.0,13.0,4.0,8.0,Medium,Yes,Yes,Gym,West,Owner,Ready_to_Move
626.0,Karnataka,Mangalore,Locality_102,Property_Type,5.0,4366.0,309.59,0.07,2015.0,Unfurnished,7.0,23.0,10.0,3.0,3.0,Medium,No,Yes,Gym,South,Broker,Ready_to_Move
627.0,Punjab,Amritsar,Locality_442,Property_Type,4.0,4897.0,410.45,0.08,2022.0,Semi-furnished,25.0,24.0,3.0,1.0,4.0,Low,No,No,"Pool, Playground",South,Builder,Under_Construction
628.0,Andhra Pradesh,Vijayawada,Locality_186,Property_Type,1.0,2637.0,384.15,0.15,1991.0,Furnished,26.0,6.0,34.0,3.0,1.0,Low,Yes,No,"Garden, Playground, Gym, Clubhouse",North,Broker,Under_Construction
629.0,Haryana,Faridabad,Locality_478,Property_Type,1.0,3119.0,143.16,0.05,2013.0,Furnished,18.0,1.0,12.0,4.0,9.0,Medium,Yes,Yes,"Pool, Gym, Garden",East,Builder,Under_Construction
630.0,Uttar Pradesh,Noida,Locality_261,Property_Type,5.0,4163.0,264.53,0.06,1993.0,Unfurnished,27.0,20.0,32.0,3.0,10.0,Medium,No,Yes,"Garden, Gym, Pool",East,Broker,Under_Construction
631.0,Bihar,Patna,Locality_325,Property_Type,5.0,732.0,394.52,0.54,1992.0,Semi-furnished,3.0,1.0,33.0,8.0,5.0,Low,Yes,No,"Garden, Playground, Pool",East,Owner,Ready_to_Move
632.0,Haryana,Gurgaon,Locality_118,Property_Type,3.0,3115.0,356.57,0.11,2006.0,Semi-furnished,6.0,27.0,19.0,6.0,9.0,Low,No,Yes,"Garden, Gym",North,Builder,Under_Construction
633.0,Haryana,Faridabad,Locality_203,Property_Type,4.0,4060.0,133.75,0.03,2001.0,Unfurnished,19.0,3.0,24.0,10.0,8.0,Low,Yes,No,"Playground, Pool",East,Owner,Under_Construction
634.0,Andhra Pradesh,Vishakhapatnam,Locality_401,Property_Type,2.0,2679.0,326.03,0.12,2008.0,Furnished,9.0,15.0,17.0,2.0,10.0,Low,No,No,"Clubhouse, Garden, Gym",West,Broker,Ready_to_Move
635.0,Punjab,Amritsar,Locality_449,Property_Type,5.0,1463.0,257.78,0.18,2019.0,Semi-furnished,19.0,9.0,6.0,5.0,7.0,High,No,No,"Garden, Playground, Pool, Gym, Clubhouse",North,Owner,Under_Construction
636.0,Telangana,Hyderabad,Locality_262,Property_Type,1.0,1959.0,102.17,0.05,2021.0,Semi-furnished,2.0,20.0,4.0,3.0,1.0,Medium,Yes,No,Garden,West,Builder,Ready_to_Move
637.0,Punjab,Amritsar,Locality_25,Property_Type,4.0,3321.0,160.6,0.05,2000.0,Semi-furnished,22.0,14.0,25.0,7.0,10.0,Medium,Yes,Yes,"Clubhouse, Gym, Playground, Garden, Pool",West,Owner,Ready_to_Move
638.0,Delhi,Dwarka,Locality_30,Property_Type,1.0,2310.0,234.67,0.1,2020.0,Semi-furnished,0.0,12.0,5.0,1.0,7.0,High,Yes,Yes,"Pool, Gym, Clubhouse, Garden, Playground",North,Broker,Under_Construction
639.0,Odisha,Cuttack,Locality_262,Property_Type,3.0,1641.0,67.35,0.04,1992.0,Unfurnished,5.0,11.0,33.0,9.0,10.0,Medium,No,No,Gym,North,Builder,Ready_to_Move
640.0,Maharashtra,Nagpur,Locality_233,Property_Type,5.0,2262.0,156.16,0.07,2011.0,Semi-furnished,29.0,8.0,14.0,5.0,10.0,Medium,Yes,No,"Gym, Pool, Playground, Garden, Clubhouse",East,Owner,Under_Construction
641.0,Chhattisgarh,Bilaspur,Locality_348,Property_Type,5.0,1815.0,78.2,0.04,2018.0,Furnished,0.0,9.0,7.0,9.0,5.0,Low,Yes,Yes,"Playground, Clubhouse, Garden",North,Builder,Ready_to_Move
642.0,Karnataka,Mysore,Locality_86,Property_Type,3.0,1218.0,100.15,0.08,1998.0,Furnished,13.0,3.0,27.0,5.0,1.0,Low,Yes,No,Clubhouse,East,Broker,Ready_to_Move
643.0,Madhya Pradesh,Bhopal,Locality_338,Property_Type,2.0,3158.0,113.0,0.04,2015.0,Semi-furnished,15.0,8.0,10.0,8.0,8.0,Low,Yes,No,"Playground, Garden, Gym, Clubhouse",East,Builder,Ready_to_Move
644.0,Rajasthan,Jaipur,Locality_236,Property_Type,5.0,675.0,139.11,0.21,2011.0,Furnished,17.0,21.0,14.0,6.0,3.0,Medium,No,Yes,"Pool, Gym",West,Broker,Under_Construction
645.0,Delhi,Dwarka,Locality_133,Property_Type,1.0,1076.0,254.14,0.24,1993.0,Unfurnished,10.0,15.0,32.0,9.0,3.0,High,No,No,Gym,North,Owner,Under_Construction
646.0,Karnataka,Bangalore,Locality_446,Property_Type,2.0,2363.0,312.84,0.13,2008.0,Furnished,9.0,19.0,17.0,9.0,1.0,Low,Yes,Yes,"Pool, Gym, Playground, Garden",East,Builder,Under_Construction
647.0,Maharashtra,Mumbai,Locality_291,Property_Type,2.0,2271.0,326.97,0.14,2018.0,Unfurnished,12.0,30.0,7.0,7.0,4.0,Low,No,Yes,"Pool, Garden, Gym, Clubhouse",South,Owner,Ready_to_Move
648.0,Rajasthan,Jaipur,Locality_491,Property_Type,2.0,1992.0,124.28,0.06,2020.0,Furnished,5.0,26.0,5.0,2.0,1.0,High,No,No,"Clubhouse, Gym, Pool, Garden",South,Owner,Ready_to_Move
649.0,Uttar Pradesh,Noida,Locality_197,Property_Type,2.0,3162.0,170.34,0.05,1996.0,Semi-furnished,29.0,3.0,29.0,1.0,10.0,Medium,Yes,Yes,"Clubhouse, Gym, Garden, Playground, Pool",South,Owner,Under_Construction
650.0,Maharashtra,Pune,Locality_422,Property_Type,5.0,3369.0,183.98,0.05,2007.0,Furnished,21.0,8.0,18.0,7.0,1.0,Low,Yes,No,"Pool, Garden, Gym",North,Broker,Ready_to_Move
651.0,Uttarakhand,Dehradun,Locality_234,Property_Type,2.0,1974.0,441.82,0.22,2023.0,Unfurnished,25.0,27.0,2.0,3.0,9.0,High,No,No,Clubhouse,West,Builder,Under_Construction
652.0,West Bengal,Durgapur,Locality_229,Property_Type,3.0,3640.0,187.18,0.05,2000.0,Unfurnished,17.0,4.0,25.0,6.0,9.0,Low,Yes,No,"Pool, Garden, Gym, Playground",East,Builder,Under_Construction
653.0,Rajasthan,Jodhpur,Locality_120,Property_Type,5.0,4256.0,313.3,0.07,2007.0,Furnished,4.0,7.0,18.0,1.0,8.0,Low,No,Yes,"Garden, Gym, Playground",West,Owner,Ready_to_Move
654.0,West Bengal,Durgapur,Locality_239,Property_Type,5.0,2191.0,360.78,0.16,2001.0,Semi-furnished,20.0,26.0,24.0,9.0,1.0,Medium,Yes,Yes,"Playground, Garden, Clubhouse, Gym, Pool",East,Owner,Under_Construction
655.0,Odisha,Bhubaneswar,Locality_170,Property_Type,4.0,4479.0,14.73,0.0,2023.0,Semi-furnished,19.0,25.0,2.0,2.0,6.0,Medium,No,Yes,"Clubhouse, Pool",East,Owner,Under_Construction
656.0,Tamil Nadu,Coimbatore,Locality_212,Property_Type,3.0,4046.0,384.89,0.1,2011.0,Unfurnished,19.0,6.0,14.0,5.0,8.0,Medium,Yes,Yes,Playground,South,Builder,Ready_to_Move
657.0,Jharkhand,Ranchi,Locality_203,Property_Type,1.0,4273.0,230.44,0.05,2016.0,Furnished,30.0,8.0,9.0,6.0,9.0,High,No,Yes,"Garden, Clubhouse",South,Broker,Under_Construction
658.0,Uttar Pradesh,Noida,Locality_207,Property_Type,2.0,1931.0,88.0,0.05,2007.0,Unfurnished,22.0,26.0,18.0,2.0,4.0,Medium,Yes,Yes,"Gym, Playground",West,Owner,Under_Construction
659.0,Bihar,Patna,Locality_224,Property_Type,1.0,4104.0,364.43,0.09,1995.0,Furnished,19.0,11.0,30.0,5.0,3.0,High,No,Yes,Garden,South,Builder,Ready_to_Move
660.0,Punjab,Amritsar,Locality_219,Property_Type,2.0,3789.0,377.45,0.1,1996.0,Unfurnished,6.0,8.0,29.0,2.0,10.0,Medium,Yes,Yes,"Playground, Pool",South,Broker,Ready_to_Move
661.0,Madhya Pradesh,Bhopal,Locality_245,Property_Type,3.0,3862.0,342.68,0.09,2006.0,Furnished,24.0,27.0,19.0,5.0,2.0,Medium,Yes,No,"Playground, Pool",East,Owner,Under_Construction
662.0,Gujarat,Surat,Locality_11,Property_Type,2.0,2117.0,367.72,0.17,2014.0,Semi-furnished,5.0,17.0,11.0,4.0,2.0,Low,Yes,Yes,"Clubhouse, Garden, Pool, Gym",West,Broker,Ready_to_Move
663.0,Uttarakhand,Dehradun,Locality_132,Property_Type,5.0,4684.0,240.85,0.05,2018.0,Semi-furnished,24.0,30.0,7.0,8.0,3.0,High,No,No,"Garden, Playground, Pool",North,Owner,Ready_to_Move
664.0,Uttarakhand,Dehradun,Locality_388,Property_Type,1.0,2314.0,256.3,0.11,2023.0,Unfurnished,5.0,10.0,2.0,2.0,8.0,High,Yes,No,"Pool, Gym, Playground, Garden",East,Owner,Ready_to_Move
665.0,Tamil Nadu,Coimbatore,Locality_64,Property_Type,2.0,4524.0,363.55,0.08,2023.0,Unfurnished,6.0,25.0,2.0,3.0,7.0,Low,No,No,Clubhouse,East,Owner,Under_Construction
666.0,Gujarat,Surat,Locality_474,Property_Type,1.0,872.0,15.92,0.02,2012.0,Semi-furnished,19.0,19.0,13.0,1.0,6.0,Low,Yes,No,"Garden, Playground, Gym, Pool, Clubhouse",East,Builder,Under_Construction
667.0,Kerala,Kochi,Locality_221,Property_Type,4.0,3908.0,116.44,0.03,2020.0,Semi-furnished,3.0,28.0,5.0,7.0,8.0,Low,No,Yes,"Playground, Garden, Clubhouse, Gym",South,Owner,Ready_to_Move
668.0,Tamil Nadu,Coimbatore,Locality_200,Property_Type,5.0,2213.0,381.31,0.17,2012.0,Semi-furnished,27.0,20.0,13.0,7.0,1.0,Medium,No,Yes,"Clubhouse, Playground, Pool",West,Builder,Ready_to_Move
669.0,Jharkhand,Ranchi,Locality_51,Property_Type,3.0,1569.0,45.63,0.03,1990.0,Semi-furnished,6.0,12.0,35.0,7.0,2.0,Medium,No,No,"Clubhouse, Pool, Gym, Garden",South,Broker,Ready_to_Move
670.0,Maharashtra,Mumbai,Locality_462,Property_Type,2.0,1020.0,253.97,0.25,2019.0,Furnished,2.0,30.0,6.0,10.0,2.0,Low,Yes,No,"Playground, Gym, Garden, Clubhouse, Pool",South,Owner,Under_Construction
671.0,Kerala,Trivandrum,Locality_178,Property_Type,2.0,3547.0,217.37,0.06,1990.0,Furnished,26.0,3.0,35.0,9.0,2.0,Medium,Yes,No,"Playground, Garden, Clubhouse, Gym, Pool",East,Builder,Ready_to_Move
672.0,Jharkhand,Jamshedpur,Locality_300,Property_Type,5.0,2834.0,63.06,0.02,2004.0,Semi-furnished,0.0,2.0,21.0,2.0,5.0,Medium,Yes,No,"Pool, Garden, Playground",North,Broker,Under_Construction
673.0,Andhra Pradesh,Vijayawada,Locality_301,Property_Type,1.0,1320.0,375.68,0.28,1993.0,Semi-furnished,27.0,19.0,32.0,6.0,1.0,High,No,Yes,"Garden, Pool, Gym, Playground",North,Owner,Under_Construction
674.0,Andhra Pradesh,Vijayawada,Locality_159,Property_Type,2.0,2004.0,462.88,0.23,2003.0,Semi-furnished,27.0,25.0,22.0,6.0,9.0,Low,Yes,Yes,"Garden, Gym, Pool",East,Builder,Ready_to_Move
675.0,Uttar Pradesh,Noida,Locality_177,Property_Type,5.0,1820.0,475.06,0.26,1998.0,Furnished,17.0,8.0,27.0,3.0,8.0,Medium,No,Yes,"Clubhouse, Playground, Gym, Pool, Garden",South,Owner,Ready_to_Move
676.0,Delhi,Dwarka,Locality_133,Property_Type,1.0,3074.0,444.84,0.14,1997.0,Furnished,1.0,23.0,28.0,2.0,5.0,High,No,No,"Clubhouse, Gym, Pool",North,Owner,Ready_to_Move
677.0,Jharkhand,Ranchi,Locality_239,Property_Type,3.0,4990.0,181.69,0.04,2003.0,Semi-furnished,28.0,25.0,22.0,3.0,10.0,Low,No,Yes,"Clubhouse, Gym, Garden",West,Broker,Ready_to_Move
678.0,Rajasthan,Jodhpur,Locality_328,Property_Type,5.0,3266.0,273.3,0.08,1997.0,Unfurnished,12.0,6.0,28.0,8.0,7.0,Medium,Yes,Yes,"Playground, Clubhouse, Gym",South,Builder,Ready_to_Move
679.0,Tamil Nadu,Chennai,Locality_272,Property_Type,5.0,1684.0,200.5,0.12,2008.0,Unfurnished,10.0,14.0,17.0,6.0,10.0,Medium,No,No,"Garden, Gym, Clubhouse, Playground",West,Owner,Ready_to_Move
680.0,Kerala,Kochi,Locality_443,Property_Type,1.0,4109.0,45.14,0.01,2012.0,Unfurnished,26.0,1.0,13.0,8.0,9.0,High,Yes,Yes,"Gym, Garden, Pool, Clubhouse",North,Owner,Ready_to_Move
681.0,Uttarakhand,Haridwar,Locality_242,Property_Type,3.0,4209.0,474.55,0.11,2005.0,Semi-furnished,14.0,11.0,20.0,10.0,1.0,Medium,No,Yes,"Clubhouse, Gym",South,Broker,Under_Construction
682.0,Tamil Nadu,Coimbatore,Locality_410,Property_Type,5.0,2180.0,56.31,0.03,1995.0,Unfurnished,27.0,7.0,30.0,1.0,4.0,Medium,Yes,Yes,"Clubhouse, Playground, Garden",North,Owner,Under_Construction
683.0,Jharkhand,Jamshedpur,Locality_319,Property_Type,4.0,1477.0,444.2,0.3,1999.0,Unfurnished,19.0,27.0,26.0,10.0,9.0,Medium,Yes,Yes,"Clubhouse, Playground",West,Owner,Under_Construction
684.0,Karnataka,Mysore,Locality_392,Property_Type,2.0,726.0,128.54,0.18,2015.0,Semi-furnished,1.0,7.0,10.0,6.0,8.0,Low,No,Yes,"Pool, Garden, Gym",North,Builder,Ready_to_Move
685.0,Madhya Pradesh,Indore,Locality_454,Property_Type,1.0,1143.0,282.84,0.25,1991.0,Furnished,12.0,29.0,34.0,1.0,4.0,Low,No,No,Gym,North,Owner,Under_Construction
686.0,Chhattisgarh,Bilaspur,Locality_209,Property_Type,1.0,2657.0,419.53,0.16,2019.0,Furnished,2.0,17.0,6.0,2.0,5.0,Medium,Yes,Yes,"Gym, Clubhouse, Garden",South,Builder,Ready_to_Move
687.0,Telangana,Hyderabad,Locality_96,Property_Type,2.0,3433.0,115.62,0.03,2020.0,Furnished,6.0,26.0,5.0,5.0,3.0,Medium,Yes,No,"Pool, Garden",North,Owner,Ready_to_Move
688.0,Madhya Pradesh,Bhopal,Locality_196,Property_Type,2.0,1779.0,158.34,0.09,2002.0,Furnished,13.0,16.0,23.0,8.0,8.0,Medium,Yes,No,"Pool, Playground, Garden, Gym",South,Builder,Under_Construction
689.0,Delhi,Dwarka,Locality_205,Property_Type,4.0,4165.0,418.1,0.1,1992.0,Unfurnished,24.0,16.0,33.0,4.0,8.0,Low,No,Yes,"Playground, Gym, Garden, Clubhouse",East,Owner,Under_Construction
690.0,Assam,Silchar,Locality_261,Property_Type,2.0,4898.0,108.59,0.02,1996.0,Unfurnished,13.0,18.0,29.0,5.0,8.0,Low,Yes,No,Playground,North,Broker,Under_Construction
691.0,Haryana,Faridabad,Locality_409,Property_Type,4.0,3893.0,379.88,0.1,2016.0,Semi-furnished,16.0,27.0,9.0,10.0,9.0,Low,No,No,"Clubhouse, Garden, Gym, Pool",East,Broker,Ready_to_Move
692.0,Maharashtra,Nagpur,Locality_325,Property_Type,3.0,3296.0,363.65,0.11,2021.0,Semi-furnished,22.0,17.0,4.0,1.0,5.0,High,No,Yes,Gym,North,Broker,Under_Construction
693.0,Telangana,Warangal,Locality_345,Property_Type,4.0,3176.0,422.41,0.13,2006.0,Semi-furnished,4.0,13.0,19.0,9.0,7.0,Low,No,Yes,"Clubhouse, Garden",East,Owner,Ready_to_Move
694.0,Odisha,Bhubaneswar,Locality_420,Property_Type,1.0,4193.0,204.44,0.05,1990.0,Furnished,21.0,27.0,35.0,4.0,4.0,Low,No,No,"Playground, Pool, Gym",East,Owner,Under_Construction
695.0,Tamil Nadu,Coimbatore,Locality_163,Property_Type,5.0,824.0,464.32,0.56,2004.0,Unfurnished,18.0,13.0,21.0,5.0,5.0,Low,No,No,"Clubhouse, Pool, Playground",East,Broker,Ready_to_Move
696.0,Telangana,Warangal,Locality_165,Property_Type,1.0,2634.0,165.55,0.06,2015.0,Semi-furnished,29.0,15.0,10.0,3.0,8.0,High,No,No,"Pool, Playground, Clubhouse, Garden, Gym",East,Builder,Ready_to_Move
697.0,Madhya Pradesh,Indore,Locality_375,Property_Type,5.0,540.0,355.65,0.66,2016.0,Semi-furnished,14.0,5.0,9.0,1.0,6.0,Low,Yes,No,Pool,South,Builder,Ready_to_Move
698.0,Bihar,Patna,Locality_178,Property_Type,4.0,3542.0,310.41,0.09,2012.0,Semi-furnished,0.0,11.0,13.0,1.0,4.0,Medium,No,No,"Pool, Playground",South,Owner,Ready_to_Move
699.0,West Bengal,Kolkata,Locality_92,Property_Type,2.0,4365.0,243.4,0.06,2002.0,Semi-furnished,12.0,8.0,23.0,5.0,10.0,Low,No,No,"Playground, Clubhouse",North,Builder,Ready_to_Move
700.0,Telangana,Warangal,Locality_351,Property_Type,5.0,3985.0,219.7,0.06,1994.0,Semi-furnished,12.0,14.0,31.0,1.0,9.0,Low,Yes,Yes,"Pool, Gym, Clubhouse",East,Owner,Under_Construction
701.0,Gujarat,Ahmedabad,Locality_277,Property_Type,5.0,3352.0,185.3,0.06,2021.0,Semi-furnished,29.0,21.0,4.0,4.0,10.0,Medium,No,No,"Playground, Gym, Pool",South,Builder,Under_Construction
702.0,Assam,Guwahati,Locality_435,Property_Type,4.0,4872.0,474.45,0.1,1990.0,Unfurnished,16.0,21.0,35.0,4.0,4.0,High,No,No,"Garden, Gym, Clubhouse, Pool",South,Broker,Ready_to_Move
703.0,Punjab,Amritsar,Locality_265,Property_Type,5.0,626.0,210.49,0.34,2018.0,Semi-furnished,3.0,3.0,7.0,9.0,2.0,Medium,Yes,No,Garden,East,Owner,Under_Construction
704.0,Uttarakhand,Dehradun,Locality_154,Property_Type,4.0,1564.0,166.3,0.11,1997.0,Semi-furnished,1.0,5.0,28.0,9.0,3.0,Low,No,No,"Garden, Clubhouse, Pool, Gym",West,Broker,Ready_to_Move
705.0,Chhattisgarh,Bilaspur,Locality_440,Property_Type,4.0,917.0,210.98,0.23,2005.0,Semi-furnished,26.0,20.0,20.0,4.0,6.0,High,No,No,"Gym, Clubhouse, Playground",East,Builder,Under_Construction
706.0,Odisha,Bhubaneswar,Locality_63,Property_Type,2.0,611.0,359.75,0.59,1991.0,Furnished,28.0,1.0,34.0,3.0,5.0,Medium,Yes,No,"Playground, Pool",West,Owner,Ready_to_Move
707.0,Bihar,Patna,Locality_166,Property_Type,4.0,718.0,387.03,0.54,1996.0,Furnished,15.0,25.0,29.0,6.0,8.0,Low,No,No,"Pool, Clubhouse, Garden, Gym, Playground",East,Owner,Ready_to_Move
708.0,Telangana,Warangal,Locality_351,Property_Type,3.0,789.0,494.11,0.63,2021.0,Furnished,15.0,8.0,4.0,10.0,10.0,Low,Yes,Yes,"Playground, Gym",East,Broker,Under_Construction
709.0,Jharkhand,Ranchi,Locality_236,Property_Type,1.0,3612.0,405.64,0.11,2023.0,Semi-furnished,6.0,20.0,2.0,5.0,8.0,Medium,Yes,Yes,"Playground, Clubhouse, Garden",West,Owner,Under_Construction
710.0,Punjab,Amritsar,Locality_47,Property_Type,2.0,1338.0,366.62,0.27,2020.0,Unfurnished,29.0,22.0,5.0,8.0,8.0,Low,Yes,No,"Pool, Playground, Garden, Clubhouse",South,Broker,Under_Construction
711.0,Haryana,Faridabad,Locality_426,Property_Type,3.0,4721.0,158.07,0.03,2000.0,Furnished,14.0,30.0,25.0,7.0,9.0,Medium,Yes,No,"Clubhouse, Pool, Gym",North,Owner,Under_Construction
712.0,Rajasthan,Jaipur,Locality_343,Property_Type,5.0,792.0,213.49,0.27,2018.0,Unfurnished,18.0,21.0,7.0,6.0,4.0,Low,Yes,Yes,"Pool, Clubhouse, Playground, Gym",South,Owner,Ready_to_Move
713.0,Delhi,Dwarka,Locality_440,Property_Type,5.0,3685.0,130.38,0.04,2005.0,Unfurnished,8.0,5.0,20.0,8.0,6.0,Low,Yes,No,"Pool, Gym, Garden",West,Broker,Under_Construction
714.0,Punjab,Ludhiana,Locality_5,Property_Type,5.0,4359.0,493.63,0.11,2016.0,Furnished,20.0,19.0,9.0,7.0,3.0,High,No,Yes,"Clubhouse, Gym, Garden, Playground",West,Builder,Ready_to_Move
715.0,Bihar,Gaya,Locality_68,Property_Type,4.0,4013.0,204.34,0.05,1997.0,Furnished,11.0,14.0,28.0,3.0,3.0,High,No,No,"Garden, Playground",South,Owner,Ready_to_Move
716.0,Rajasthan,Jaipur,Locality_293,Property_Type,3.0,768.0,12.95,0.02,2009.0,Furnished,13.0,19.0,16.0,7.0,1.0,High,No,Yes,"Pool, Clubhouse, Playground, Garden",East,Broker,Under_Construction
717.0,Bihar,Patna,Locality_177,Property_Type,2.0,1534.0,370.55,0.24,2014.0,Semi-furnished,27.0,2.0,11.0,4.0,8.0,Low,No,No,"Pool, Playground, Garden, Clubhouse, Gym",West,Owner,Under_Construction
718.0,Jharkhand,Jamshedpur,Locality_11,Property_Type,4.0,4490.0,150.61,0.03,1991.0,Unfurnished,23.0,4.0,34.0,7.0,10.0,Low,Yes,No,"Gym, Playground",West,Broker,Ready_to_Move
719.0,Uttarakhand,Dehradun,Locality_46,Property_Type,5.0,4580.0,212.83,0.05,2008.0,Furnished,7.0,4.0,17.0,9.0,1.0,High,No,No,"Garden, Gym",North,Owner,Under_Construction
720.0,Andhra Pradesh,Vishakhapatnam,Locality_416,Property_Type,2.0,825.0,256.47,0.31,2020.0,Semi-furnished,8.0,23.0,5.0,2.0,9.0,Low,No,Yes,"Pool, Gym, Clubhouse, Garden",West,Owner,Under_Construction
721.0,Haryana,Faridabad,Locality_27,Property_Type,2.0,4041.0,251.42,0.06,2010.0,Semi-furnished,16.0,30.0,15.0,7.0,3.0,Low,No,No,"Gym, Pool, Garden, Clubhouse, Playground",West,Broker,Under_Construction
722.0,Maharashtra,Pune,Locality_140,Property_Type,3.0,2027.0,248.55,0.12,1998.0,Semi-furnished,18.0,10.0,27.0,5.0,8.0,Medium,No,No,"Playground, Gym, Garden",West,Builder,Under_Construction
723.0,Odisha,Bhubaneswar,Locality_71,Property_Type,2.0,4853.0,169.67,0.03,2007.0,Furnished,7.0,17.0,18.0,8.0,8.0,Low,Yes,Yes,Clubhouse,North,Owner,Ready_to_Move
724.0,Haryana,Gurgaon,Locality_254,Property_Type,1.0,3993.0,123.78,0.03,2012.0,Furnished,14.0,5.0,13.0,1.0,10.0,Low,Yes,No,"Clubhouse, Garden, Pool",South,Builder,Under_Construction
725.0,Gujarat,Ahmedabad,Locality_92,Property_Type,3.0,4969.0,214.87,0.04,2022.0,Semi-furnished,16.0,25.0,3.0,6.0,10.0,High,Yes,Yes,"Pool, Playground, Clubhouse",West,Owner,Under_Construction
726.0,Odisha,Cuttack,Locality_329,Property_Type,3.0,4887.0,264.07,0.05,2016.0,Semi-furnished,8.0,28.0,9.0,3.0,10.0,Medium,Yes,No,Garden,North,Owner,Ready_to_Move
727.0,Uttar Pradesh,Noida,Locality_141,Property_Type,2.0,4365.0,234.85,0.05,2017.0,Unfurnished,22.0,6.0,8.0,3.0,7.0,Low,Yes,No,Gym,West,Builder,Ready_to_Move
728.0,Madhya Pradesh,Bhopal,Locality_379,Property_Type,3.0,4417.0,369.7,0.08,1997.0,Unfurnished,18.0,24.0,28.0,9.0,1.0,High,No,No,"Playground, Gym, Pool",South,Builder,Ready_to_Move
729.0,Punjab,Amritsar,Locality_134,Property_Type,5.0,1177.0,498.47,0.42,2017.0,Unfurnished,7.0,23.0,8.0,9.0,2.0,High,Yes,No,Gym,South,Builder,Under_Construction
730.0,Haryana,Faridabad,Locality_292,Property_Type,4.0,3437.0,409.3,0.12,2005.0,Furnished,28.0,15.0,20.0,1.0,9.0,Low,No,No,"Playground, Gym",West,Owner,Under_Construction
731.0,Punjab,Ludhiana,Locality_194,Property_Type,5.0,4546.0,426.48,0.09,2003.0,Furnished,20.0,3.0,22.0,4.0,1.0,High,Yes,No,"Gym, Pool, Garden, Playground",South,Broker,Under_Construction
732.0,Uttarakhand,Haridwar,Locality_182,Property_Type,4.0,3379.0,101.86,0.03,2012.0,Furnished,1.0,22.0,13.0,1.0,2.0,High,No,No,"Clubhouse, Garden",North,Owner,Ready_to_Move
733.0,Punjab,Ludhiana,Locality_465,Property_Type,4.0,2857.0,437.74,0.15,2022.0,Unfurnished,29.0,14.0,3.0,2.0,3.0,Low,Yes,Yes,Garden,East,Builder,Under_Construction
734.0,Chhattisgarh,Raipur,Locality_290,Property_Type,2.0,4321.0,436.5,0.1,1996.0,Semi-furnished,13.0,6.0,29.0,7.0,6.0,Medium,No,Yes,"Pool, Garden",South,Owner,Ready_to_Move
735.0,Maharashtra,Nagpur,Locality_328,Property_Type,4.0,3657.0,176.91,0.05,2009.0,Furnished,29.0,22.0,16.0,7.0,2.0,Low,No,Yes,"Playground, Gym, Garden, Clubhouse",South,Broker,Under_Construction
736.0,Assam,Guwahati,Locality_376,Property_Type,5.0,1889.0,382.73,0.2,2013.0,Furnished,2.0,13.0,12.0,2.0,2.0,Medium,Yes,Yes,"Playground, Pool",North,Owner,Ready_to_Move
737.0,Uttar Pradesh,Lucknow,Locality_104,Property_Type,1.0,986.0,356.61,0.36,2007.0,Unfurnished,25.0,29.0,18.0,3.0,4.0,Low,Yes,No,"Pool, Clubhouse, Playground, Gym",East,Owner,Ready_to_Move
738.0,Delhi,Dwarka,Locality_85,Property_Type,1.0,1702.0,265.09,0.16,1999.0,Semi-furnished,18.0,22.0,26.0,2.0,10.0,High,Yes,Yes,"Garden, Gym, Pool, Clubhouse",North,Builder,Ready_to_Move
739.0,Rajasthan,Jaipur,Locality_209,Property_Type,4.0,3733.0,456.37,0.12,2014.0,Unfurnished,6.0,20.0,11.0,1.0,1.0,Medium,Yes,Yes,"Pool, Playground, Gym, Clubhouse, Garden",West,Builder,Ready_to_Move
740.0,Telangana,Warangal,Locality_365,Property_Type,3.0,4605.0,460.32,0.1,2023.0,Unfurnished,4.0,11.0,2.0,8.0,5.0,Low,Yes,Yes,"Clubhouse, Pool, Playground, Gym, Garden",West,Broker,Ready_to_Move
741.0,Odisha,Cuttack,Locality_292,Property_Type,1.0,1271.0,365.81,0.29,2004.0,Semi-furnished,30.0,15.0,21.0,10.0,1.0,Medium,No,Yes,"Playground, Garden",South,Builder,Ready_to_Move
742.0,Chhattisgarh,Bilaspur,Locality_116,Property_Type,2.0,760.0,439.2,0.58,2002.0,Unfurnished,27.0,3.0,23.0,2.0,2.0,Medium,No,Yes,"Playground, Clubhouse, Pool",West,Owner,Ready_to_Move
743.0,Rajasthan,Jaipur,Locality_365,Property_Type,5.0,3453.0,188.46,0.05,2015.0,Furnished,0.0,4.0,10.0,2.0,4.0,Medium,No,No,"Gym, Clubhouse, Garden",East,Builder,Under_Construction
744.0,Odisha,Cuttack,Locality_455,Property_Type,2.0,1200.0,437.03,0.36,2022.0,Semi-furnished,14.0,14.0,3.0,1.0,9.0,High,No,No,Garden,West,Owner,Under_Construction
745.0,Odisha,Bhubaneswar,Locality_476,Property_Type,2.0,1839.0,450.94,0.25,2010.0,Furnished,5.0,1.0,15.0,1.0,2.0,Low,Yes,No,"Gym, Clubhouse",East,Owner,Ready_to_Move
746.0,Bihar,Patna,Locality_25,Property_Type,5.0,1652.0,54.3,0.03,2023.0,Semi-furnished,28.0,6.0,2.0,4.0,2.0,High,No,No,"Garden, Pool",South,Builder,Ready_to_Move
747.0,Maharashtra,Nagpur,Locality_295,Property_Type,1.0,1341.0,453.07,0.34,1990.0,Furnished,27.0,3.0,35.0,9.0,8.0,Medium,Yes,No,Playground,South,Builder,Under_Construction
748.0,Delhi,Dwarka,Locality_70,Property_Type,4.0,1302.0,449.87,0.35,2012.0,Furnished,12.0,3.0,13.0,3.0,8.0,Medium,No,Yes,"Clubhouse, Gym, Pool, Garden",West,Owner,Under_Construction
749.0,Kerala,Kochi,Locality_334,Property_Type,3.0,2180.0,152.17,0.07,2007.0,Unfurnished,7.0,17.0,18.0,2.0,7.0,Medium,No,Yes,"Garden, Clubhouse",South,Builder,Ready_to_Move
750.0,Rajasthan,Jaipur,Locality_63,Property_Type,4.0,1531.0,181.48,0.12,2015.0,Semi-furnished,19.0,23.0,10.0,4.0,10.0,High,No,Yes,"Pool, Gym, Clubhouse",East,Owner,Under_Construction
751.0,Andhra Pradesh,Vishakhapatnam,Locality_192,Property_Type,2.0,2028.0,467.68,0.23,2008.0,Unfurnished,6.0,28.0,17.0,9.0,5.0,Low,Yes,No,"Playground, Gym, Pool, Clubhouse, Garden",South,Builder,Under_Construction
752.0,Rajasthan,Jaipur,Locality_173,Property_Type,4.0,2510.0,279.8,0.11,2017.0,Semi-furnished,28.0,29.0,8.0,10.0,4.0,Medium,No,Yes,"Clubhouse, Playground, Garden, Gym, Pool",West,Builder,Under_Construction
753.0,Kerala,Trivandrum,Locality_444,Property_Type,3.0,3650.0,399.31,0.11,2014.0,Furnished,26.0,28.0,11.0,3.0,10.0,High,Yes,Yes,"Playground, Garden, Clubhouse",North,Builder,Under_Construction
754.0,Jharkhand,Jamshedpur,Locality_65,Property_Type,3.0,3982.0,183.37,0.05,2007.0,Semi-furnished,27.0,17.0,18.0,9.0,9.0,Low,No,No,"Playground, Garden, Pool, Clubhouse, Gym",South,Builder,Under_Construction
755.0,Madhya Pradesh,Bhopal,Locality_133,Property_Type,5.0,2490.0,177.3,0.07,2013.0,Unfurnished,23.0,22.0,12.0,4.0,4.0,High,Yes,Yes,"Garden, Playground",West,Broker,Under_Construction
756.0,Odisha,Cuttack,Locality_491,Property_Type,4.0,1354.0,51.21,0.04,2012.0,Unfurnished,1.0,28.0,13.0,1.0,4.0,High,Yes,Yes,"Playground, Gym",East,Owner,Under_Construction
757.0,Chhattisgarh,Bilaspur,Locality_438,Property_Type,2.0,4419.0,334.06,0.08,2019.0,Semi-furnished,3.0,8.0,6.0,6.0,5.0,High,Yes,No,"Garden, Pool, Gym, Clubhouse",North,Owner,Ready_to_Move
758.0,Assam,Silchar,Locality_241,Property_Type,4.0,2326.0,101.7,0.04,1993.0,Semi-furnished,30.0,4.0,32.0,2.0,3.0,Low,No,Yes,"Clubhouse, Pool, Garden, Gym, Playground",South,Owner,Ready_to_Move
759.0,Madhya Pradesh,Bhopal,Locality_175,Property_Type,4.0,2300.0,229.11,0.1,2012.0,Unfurnished,16.0,15.0,13.0,7.0,4.0,Low,Yes,Yes,"Playground, Clubhouse, Gym",North,Owner,Under_Construction
760.0,Telangana,Hyderabad,Locality_129,Property_Type,3.0,2143.0,139.7,0.07,2021.0,Furnished,8.0,13.0,4.0,6.0,8.0,Low,No,Yes,"Playground, Garden, Pool, Gym, Clubhouse",South,Builder,Ready_to_Move
761.0,Chhattisgarh,Raipur,Locality_386,Property_Type,4.0,1742.0,380.49,0.22,2010.0,Unfurnished,13.0,23.0,15.0,3.0,2.0,Medium,No,No,"Pool, Garden, Playground",East,Broker,Ready_to_Move
762.0,Haryana,Gurgaon,Locality_448,Property_Type,4.0,3412.0,38.66,0.01,1996.0,Unfurnished,28.0,29.0,29.0,3.0,8.0,High,No,Yes,"Pool, Playground",South,Broker,Under_Construction
763.0,Madhya Pradesh,Bhopal,Locality_193,Property_Type,2.0,1928.0,152.42,0.08,2002.0,Unfurnished,15.0,27.0,23.0,5.0,4.0,Low,No,Yes,"Pool, Garden",North,Builder,Under_Construction
764.0,Bihar,Patna,Locality_451,Property_Type,2.0,2826.0,495.42,0.18,1993.0,Semi-furnished,12.0,21.0,32.0,1.0,1.0,High,No,No,"Playground, Garden",South,Builder,Ready_to_Move
765.0,Punjab,Amritsar,Locality_421,Property_Type,1.0,4922.0,236.53,0.05,2006.0,Furnished,3.0,29.0,19.0,6.0,3.0,Low,Yes,Yes,"Pool, Clubhouse, Garden",East,Builder,Under_Construction
766.0,Kerala,Trivandrum,Locality_249,Property_Type,4.0,2327.0,302.15,0.13,2017.0,Semi-furnished,0.0,15.0,8.0,4.0,2.0,Low,Yes,Yes,"Clubhouse, Pool, Gym",South,Broker,Under_Construction
767.0,Punjab,Amritsar,Locality_342,Property_Type,5.0,2600.0,490.67,0.19,2013.0,Furnished,11.0,9.0,12.0,8.0,6.0,High,Yes,No,"Clubhouse, Gym",West,Builder,Under_Construction
768.0,Rajasthan,Jaipur,Locality_300,Property_Type,3.0,3455.0,213.63,0.06,2003.0,Unfurnished,7.0,17.0,22.0,3.0,3.0,Medium,Yes,Yes,"Clubhouse, Gym",East,Builder,Under_Construction
769.0,Tamil Nadu,Chennai,Locality_283,Property_Type,1.0,2835.0,132.82,0.05,1994.0,Semi-furnished,11.0,2.0,31.0,5.0,3.0,Medium,Yes,No,"Garden, Pool, Playground",North,Broker,Ready_to_Move
770.0,Uttar Pradesh,Noida,Locality_80,Property_Type,3.0,832.0,231.36,0.28,1991.0,Furnished,26.0,13.0,34.0,8.0,10.0,High,Yes,No,"Pool, Playground, Garden, Gym",North,Owner,Ready_to_Move
771.0,Haryana,Faridabad,Locality_38,Property_Type,2.0,3410.0,393.99,0.12,2001.0,Semi-furnished,8.0,21.0,24.0,8.0,2.0,Low,No,Yes,"Garden, Pool, Gym, Playground, Clubhouse",East,Builder,Under_Construction
772.0,Tamil Nadu,Coimbatore,Locality_59,Property_Type,5.0,2398.0,191.36,0.08,2023.0,Semi-furnished,9.0,14.0,2.0,8.0,7.0,Low,No,No,"Clubhouse, Pool, Garden, Playground",North,Owner,Under_Construction
773.0,Chhattisgarh,Raipur,Locality_190,Property_Type,3.0,3733.0,40.58,0.01,2020.0,Furnished,10.0,14.0,5.0,9.0,7.0,High,No,No,Garden,North,Broker,Under_Construction
774.0,Gujarat,Ahmedabad,Locality_426,Property_Type,3.0,2663.0,463.5,0.17,2010.0,Unfurnished,20.0,2.0,15.0,4.0,9.0,Low,Yes,Yes,"Playground, Clubhouse, Gym, Pool, Garden",North,Owner,Under_Construction
775.0,Uttar Pradesh,Noida,Locality_305,Property_Type,5.0,2719.0,291.49,0.11,2020.0,Unfurnished,29.0,8.0,5.0,10.0,1.0,Low,No,Yes,"Gym, Playground, Clubhouse",West,Owner,Ready_to_Move
776.0,Uttar Pradesh,Noida,Locality_139,Property_Type,1.0,4183.0,422.09,0.1,1997.0,Unfurnished,20.0,17.0,28.0,9.0,6.0,Medium,Yes,Yes,Garden,East,Owner,Under_Construction
777.0,Odisha,Bhubaneswar,Locality_304,Property_Type,4.0,4000.0,75.25,0.02,2004.0,Unfurnished,8.0,21.0,21.0,6.0,6.0,Medium,Yes,No,"Clubhouse, Playground, Gym",North,Builder,Ready_to_Move
778.0,Punjab,Ludhiana,Locality_316,Property_Type,3.0,2214.0,81.75,0.04,2012.0,Unfurnished,26.0,27.0,13.0,8.0,5.0,High,No,No,"Garden, Playground",South,Owner,Ready_to_Move
779.0,Jharkhand,Jamshedpur,Locality_346,Property_Type,5.0,4401.0,293.96,0.07,1991.0,Semi-furnished,25.0,14.0,34.0,9.0,2.0,Medium,No,No,"Gym, Garden, Pool, Playground, Clubhouse",South,Broker,Under_Construction
780.0,Assam,Guwahati,Locality_183,Property_Type,5.0,3929.0,193.66,0.05,1999.0,Furnished,25.0,30.0,26.0,4.0,6.0,High,Yes,No,"Playground, Garden",South,Broker,Under_Construction
781.0,Uttarakhand,Dehradun,Locality_444,Property_Type,2.0,3901.0,21.15,0.01,2007.0,Semi-furnished,19.0,23.0,18.0,3.0,3.0,Low,Yes,No,"Clubhouse, Gym, Garden, Playground",South,Broker,Ready_to_Move
782.0,Kerala,Kochi,Locality_224,Property_Type,3.0,3713.0,34.24,0.01,2007.0,Furnished,23.0,7.0,18.0,8.0,3.0,Medium,No,Yes,"Garden, Clubhouse, Pool",West,Owner,Ready_to_Move
783.0,Tamil Nadu,Chennai,Locality_46,Property_Type,2.0,1656.0,289.51,0.17,2012.0,Semi-furnished,4.0,2.0,13.0,8.0,8.0,High,No,No,"Gym, Playground, Garden, Pool",East,Broker,Under_Construction
784.0,Uttar Pradesh,Lucknow,Locality_104,Property_Type,3.0,1887.0,242.26,0.13,2013.0,Unfurnished,30.0,7.0,12.0,1.0,3.0,Low,No,Yes,"Gym, Clubhouse, Playground, Garden, Pool",West,Owner,Ready_to_Move
785.0,Kerala,Kochi,Locality_31,Property_Type,4.0,3790.0,444.57,0.12,1998.0,Semi-furnished,7.0,28.0,27.0,7.0,4.0,Low,No,No,"Gym, Playground, Garden",North,Broker,Under_Construction
786.0,Rajasthan,Jodhpur,Locality_159,Property_Type,3.0,2685.0,459.54,0.17,2022.0,Furnished,1.0,15.0,3.0,4.0,3.0,Low,Yes,Yes,"Clubhouse, Playground",East,Owner,Ready_to_Move
787.0,Madhya Pradesh,Indore,Locality_315,Property_Type,5.0,1070.0,129.9,0.12,1996.0,Unfurnished,18.0,22.0,29.0,8.0,3.0,Low,No,Yes,"Garden, Clubhouse, Pool, Gym, Playground",North,Broker,Ready_to_Move
788.0,Gujarat,Ahmedabad,Locality_463,Property_Type,2.0,1483.0,39.7,0.03,2000.0,Semi-furnished,25.0,5.0,25.0,7.0,9.0,Low,No,Yes,"Garden, Gym",North,Builder,Under_Construction
789.0,Kerala,Trivandrum,Locality_373,Property_Type,1.0,4603.0,141.14,0.03,2008.0,Unfurnished,0.0,14.0,17.0,10.0,3.0,Low,No,Yes,Playground,North,Owner,Under_Construction
790.0,Maharashtra,Nagpur,Locality_368,Property_Type,5.0,3050.0,415.7,0.14,2017.0,Semi-furnished,13.0,21.0,8.0,3.0,1.0,High,No,Yes,"Pool, Garden",North,Builder,Ready_to_Move
791.0,Chhattisgarh,Bilaspur,Locality_186,Property_Type,4.0,1069.0,117.26,0.11,2014.0,Furnished,9.0,20.0,11.0,1.0,7.0,Low,Yes,No,"Clubhouse, Gym, Playground, Garden, Pool",South,Broker,Under_Construction
792.0,West Bengal,Kolkata,Locality_377,Property_Type,2.0,1748.0,132.32,0.08,2002.0,Furnished,6.0,7.0,23.0,8.0,5.0,Medium,No,No,"Garden, Gym, Pool",North,Builder,Under_Construction
793.0,Punjab,Ludhiana,Locality_400,Property_Type,3.0,3547.0,134.56,0.04,2013.0,Unfurnished,11.0,17.0,12.0,1.0,1.0,Low,Yes,Yes,"Clubhouse, Gym, Garden, Playground",South,Builder,Ready_to_Move
794.0,Karnataka,Mangalore,Locality_261,Property_Type,1.0,4953.0,122.14,0.02,1998.0,Semi-furnished,0.0,14.0,27.0,6.0,2.0,Medium,Yes,Yes,"Gym, Playground",East,Owner,Under_Construction
795.0,Karnataka,Bangalore,Locality_174,Property_Type,3.0,2716.0,99.46,0.04,2004.0,Furnished,7.0,7.0,21.0,3.0,8.0,Low,Yes,Yes,"Gym, Garden, Clubhouse, Playground, Pool",East,Owner,Ready_to_Move
796.0,Chhattisgarh,Raipur,Locality_139,Property_Type,5.0,735.0,414.46,0.56,2018.0,Semi-furnished,29.0,14.0,7.0,2.0,4.0,High,No,Yes,Pool,South,Broker,Under_Construction
797.0,Kerala,Trivandrum,Locality_498,Property_Type,1.0,1857.0,353.55,0.19,2012.0,Semi-furnished,15.0,25.0,13.0,5.0,10.0,Low,No,No,"Gym, Clubhouse",East,Builder,Ready_to_Move
798.0,West Bengal,Durgapur,Locality_230,Property_Type,3.0,1030.0,24.68,0.02,1990.0,Semi-furnished,2.0,3.0,35.0,1.0,4.0,High,Yes,Yes,"Garden, Clubhouse",South,Builder,Ready_to_Move
799.0,Odisha,Cuttack,Locality_224,Property_Type,1.0,1046.0,32.34,0.03,2015.0,Furnished,13.0,13.0,10.0,5.0,3.0,Low,No,Yes,"Garden, Playground, Gym, Clubhouse, Pool",East,Owner,Under_Construction
800.0,Tamil Nadu,Chennai,Locality_491,Property_Type,5.0,1384.0,496.66,0.36,2001.0,Furnished,27.0,18.0,24.0,3.0,3.0,Low,Yes,Yes,"Playground, Gym, Garden",South,Builder,Under_Construction
801.0,Maharashtra,Pune,Locality_158,Property_Type,4.0,2404.0,155.19,0.06,2004.0,Semi-furnished,13.0,5.0,21.0,1.0,4.0,Medium,No,Yes,"Playground, Garden, Pool, Clubhouse, Gym",East,Broker,Under_Construction
802.0,Jharkhand,Ranchi,Locality_182,Property_Type,4.0,2186.0,151.97,0.07,2012.0,Unfurnished,2.0,20.0,13.0,6.0,1.0,High,No,No,"Garden, Playground",East,Owner,Under_Construction
803.0,Kerala,Trivandrum,Locality_9,Property_Type,3.0,3073.0,307.43,0.1,2023.0,Semi-furnished,11.0,12.0,2.0,7.0,8.0,High,No,No,"Garden, Pool, Gym, Clubhouse, Playground",South,Builder,Under_Construction
804.0,Odisha,Bhubaneswar,Locality_64,Property_Type,2.0,2089.0,499.52,0.24,2021.0,Semi-furnished,4.0,6.0,4.0,3.0,10.0,High,Yes,No,"Playground, Gym, Pool, Garden, Clubhouse",West,Owner,Under_Construction
805.0,Odisha,Bhubaneswar,Locality_498,Property_Type,3.0,4949.0,192.85,0.04,2022.0,Unfurnished,0.0,13.0,3.0,10.0,2.0,Medium,Yes,No,"Clubhouse, Pool, Gym, Playground, Garden",South,Builder,Ready_to_Move
806.0,Bihar,Gaya,Locality_151,Property_Type,1.0,1060.0,427.46,0.4,2013.0,Semi-furnished,23.0,6.0,12.0,3.0,2.0,Medium,No,No,"Gym, Clubhouse, Garden, Pool",West,Owner,Under_Construction
807.0,Haryana,Gurgaon,Locality_334,Property_Type,2.0,4634.0,114.31,0.02,2006.0,Furnished,6.0,4.0,19.0,3.0,10.0,Low,Yes,No,"Pool, Gym, Playground",East,Builder,Under_Construction
808.0,Gujarat,Ahmedabad,Locality_230,Property_Type,2.0,4495.0,167.94,0.04,2001.0,Furnished,26.0,11.0,24.0,5.0,7.0,Low,Yes,Yes,"Gym, Pool, Clubhouse, Playground, Garden",East,Builder,Ready_to_Move
809.0,Karnataka,Mangalore,Locality_238,Property_Type,1.0,3491.0,251.42,0.07,2006.0,Unfurnished,14.0,2.0,19.0,4.0,5.0,High,No,No,"Pool, Gym",North,Builder,Under_Construction
810.0,Punjab,Ludhiana,Locality_341,Property_Type,5.0,4395.0,390.65,0.09,1993.0,Semi-furnished,16.0,6.0,32.0,1.0,6.0,Medium,No,No,"Garden, Gym, Clubhouse, Playground, Pool",North,Owner,Ready_to_Move
811.0,Odisha,Bhubaneswar,Locality_356,Property_Type,4.0,1798.0,314.68,0.18,1993.0,Furnished,11.0,4.0,32.0,10.0,7.0,High,Yes,No,Pool,North,Broker,Under_Construction
812.0,Tamil Nadu,Coimbatore,Locality_193,Property_Type,3.0,4595.0,321.07,0.07,2002.0,Furnished,21.0,22.0,23.0,7.0,2.0,High,No,Yes,"Gym, Pool",North,Builder,Ready_to_Move
813.0,Delhi,Dwarka,Locality_100,Property_Type,4.0,4204.0,315.29,0.07,2001.0,Unfurnished,0.0,10.0,24.0,4.0,8.0,High,Yes,Yes,"Garden, Pool, Clubhouse",West,Builder,Under_Construction
814.0,Andhra Pradesh,Vijayawada,Locality_362,Property_Type,1.0,1183.0,485.34,0.41,2010.0,Furnished,29.0,11.0,15.0,2.0,2.0,High,Yes,Yes,Playground,East,Broker,Under_Construction
815.0,Odisha,Bhubaneswar,Locality_172,Property_Type,4.0,4878.0,465.48,0.1,2023.0,Unfurnished,12.0,7.0,2.0,4.0,4.0,Low,No,No,Garden,South,Builder,Ready_to_Move
816.0,Delhi,New Delhi,Locality_453,Property_Type,5.0,4796.0,498.85,0.1,2006.0,Unfurnished,2.0,10.0,19.0,1.0,3.0,High,No,Yes,"Clubhouse, Garden, Playground",East,Builder,Ready_to_Move
817.0,Jharkhand,Ranchi,Locality_198,Property_Type,3.0,1112.0,267.26,0.24,1991.0,Semi-furnished,2.0,20.0,34.0,3.0,4.0,Low,No,Yes,"Garden, Pool, Playground, Gym",North,Builder,Under_Construction
818.0,Karnataka,Bangalore,Locality_194,Property_Type,1.0,4942.0,30.14,0.01,2011.0,Unfurnished,8.0,24.0,14.0,8.0,5.0,Medium,Yes,No,"Playground, Gym",East,Owner,Ready_to_Move
819.0,West Bengal,Kolkata,Locality_373,Property_Type,5.0,4990.0,469.66,0.09,2020.0,Semi-furnished,3.0,16.0,5.0,9.0,6.0,Low,No,Yes,"Clubhouse, Gym, Playground, Garden, Pool",North,Builder,Under_Construction
820.0,West Bengal,Kolkata,Locality_325,Property_Type,1.0,3602.0,18.76,0.01,1991.0,Semi-furnished,5.0,22.0,34.0,2.0,2.0,Medium,Yes,No,Clubhouse,West,Owner,Under_Construction
821.0,Jharkhand,Ranchi,Locality_304,Property_Type,2.0,2807.0,415.39,0.15,2018.0,Semi-furnished,23.0,28.0,7.0,9.0,3.0,High,Yes,Yes,"Playground, Gym",South,Broker,Ready_to_Move
822.0,Kerala,Kochi,Locality_292,Property_Type,5.0,1400.0,490.59,0.35,2004.0,Unfurnished,15.0,20.0,21.0,3.0,1.0,Low,Yes,Yes,"Gym, Garden, Clubhouse, Pool",North,Broker,Ready_to_Move
823.0,Delhi,New Delhi,Locality_251,Property_Type,5.0,1131.0,23.33,0.02,1994.0,Unfurnished,14.0,13.0,31.0,7.0,5.0,Low,Yes,No,"Playground, Gym",North,Owner,Ready_to_Move
824.0,Rajasthan,Jodhpur,Locality_421,Property_Type,2.0,1442.0,65.96,0.05,2012.0,Furnished,24.0,1.0,13.0,9.0,1.0,High,No,Yes,"Garden, Playground",East,Owner,Under_Construction
825.0,Tamil Nadu,Coimbatore,Locality_474,Property_Type,3.0,4508.0,92.3,0.02,2000.0,Semi-furnished,6.0,21.0,25.0,8.0,7.0,Medium,Yes,No,Playground,South,Broker,Under_Construction
826.0,Chhattisgarh,Bilaspur,Locality_238,Property_Type,2.0,1990.0,475.7,0.24,2019.0,Unfurnished,30.0,8.0,6.0,10.0,7.0,Medium,No,No,"Garden, Gym, Pool, Playground, Clubhouse",West,Owner,Ready_to_Move
827.0,Telangana,Warangal,Locality_136,Property_Type,5.0,4029.0,299.62,0.07,2000.0,Semi-furnished,30.0,21.0,25.0,6.0,1.0,Medium,No,No,"Clubhouse, Pool",East,Broker,Under_Construction
828.0,Uttarakhand,Dehradun,Locality_283,Property_Type,1.0,1494.0,470.86,0.32,2009.0,Furnished,1.0,29.0,16.0,7.0,2.0,Medium,No,Yes,"Pool, Garden, Playground, Clubhouse, Gym",North,Broker,Ready_to_Move
829.0,Uttarakhand,Haridwar,Locality_256,Property_Type,5.0,1150.0,271.45,0.24,2007.0,Furnished,2.0,29.0,18.0,2.0,2.0,Low,Yes,No,"Pool, Clubhouse, Playground, Garden",South,Broker,Ready_to_Move
830.0,Uttarakhand,Haridwar,Locality_279,Property_Type,5.0,3158.0,62.77,0.02,2018.0,Unfurnished,20.0,21.0,7.0,3.0,5.0,Low,Yes,Yes,"Playground, Gym, Garden",West,Owner,Ready_to_Move
831.0,Rajasthan,Jaipur,Locality_24,Property_Type,2.0,1459.0,158.21,0.11,2012.0,Furnished,8.0,12.0,13.0,9.0,2.0,Medium,Yes,Yes,"Garden, Clubhouse",North,Broker,Under_Construction
832.0,Assam,Guwahati,Locality_29,Property_Type,5.0,2124.0,209.47,0.1,1996.0,Furnished,23.0,28.0,29.0,6.0,7.0,Medium,Yes,Yes,"Gym, Clubhouse, Pool, Garden",West,Builder,Ready_to_Move
833.0,Andhra Pradesh,Vijayawada,Locality_92,Property_Type,5.0,4753.0,137.91,0.03,2001.0,Semi-furnished,4.0,15.0,24.0,9.0,10.0,High,Yes,Yes,"Garden, Gym",East,Builder,Under_Construction
834.0,Bihar,Gaya,Locality_154,Property_Type,3.0,2888.0,317.68,0.11,1990.0,Unfurnished,5.0,26.0,35.0,4.0,5.0,High,Yes,Yes,"Garden, Pool, Clubhouse, Playground",West,Broker,Under_Construction
835.0,Bihar,Gaya,Locality_460,Property_Type,5.0,1358.0,494.21,0.36,2015.0,Furnished,21.0,3.0,10.0,9.0,9.0,High,Yes,No,"Pool, Clubhouse, Garden, Gym",South,Builder,Ready_to_Move
836.0,Kerala,Trivandrum,Locality_113,Property_Type,4.0,4912.0,64.77,0.01,1998.0,Unfurnished,6.0,8.0,27.0,2.0,9.0,High,Yes,No,"Pool, Garden, Playground, Gym, Clubhouse",West,Owner,Under_Construction
837.0,Jharkhand,Ranchi,Locality_197,Property_Type,3.0,4495.0,384.39,0.09,1990.0,Semi-furnished,10.0,25.0,35.0,10.0,2.0,High,No,No,"Playground, Pool",North,Broker,Ready_to_Move
838.0,Telangana,Hyderabad,Locality_488,Property_Type,2.0,2851.0,223.81,0.08,2012.0,Furnished,11.0,13.0,13.0,8.0,3.0,Low,No,No,"Pool, Clubhouse, Playground",South,Builder,Ready_to_Move
839.0,Kerala,Kochi,Locality_119,Property_Type,2.0,4983.0,159.56,0.03,2003.0,Furnished,24.0,23.0,22.0,9.0,6.0,High,No,Yes,"Gym, Playground, Garden, Clubhouse, Pool",East,Builder,Ready_to_Move
840.0,Jharkhand,Ranchi,Locality_133,Property_Type,5.0,4305.0,435.28,0.1,2022.0,Semi-furnished,14.0,10.0,3.0,4.0,8.0,High,No,No,"Clubhouse, Pool, Garden, Gym, Playground",North,Builder,Ready_to_Move
841.0,Uttarakhand,Haridwar,Locality_228,Property_Type,3.0,4028.0,166.64,0.04,1998.0,Furnished,14.0,26.0,27.0,2.0,5.0,Low,Yes,No,Playground,East,Broker,Under_Construction
842.0,Karnataka,Bangalore,Locality_261,Property_Type,5.0,1287.0,383.83,0.3,2019.0,Semi-furnished,8.0,12.0,6.0,1.0,9.0,Medium,Yes,Yes,Gym,East,Builder,Under_Construction
843.0,Uttarakhand,Haridwar,Locality_222,Property_Type,1.0,4245.0,487.2,0.11,2023.0,Furnished,6.0,10.0,2.0,4.0,4.0,Medium,Yes,Yes,Clubhouse,North,Owner,Under_Construction
844.0,Tamil Nadu,Coimbatore,Locality_465,Property_Type,1.0,569.0,425.43,0.75,1993.0,Semi-furnished,27.0,30.0,32.0,5.0,4.0,Medium,No,Yes,Gym,North,Broker,Under_Construction
845.0,Uttar Pradesh,Lucknow,Locality_180,Property_Type,4.0,4910.0,276.1,0.06,2016.0,Unfurnished,1.0,6.0,9.0,8.0,2.0,Medium,No,Yes,"Pool, Gym, Playground, Clubhouse",West,Builder,Under_Construction
846.0,Uttar Pradesh,Lucknow,Locality_112,Property_Type,4.0,2119.0,113.66,0.05,2014.0,Furnished,16.0,13.0,11.0,2.0,1.0,Low,Yes,Yes,"Pool, Clubhouse, Gym, Garden, Playground",East,Builder,Under_Construction
847.0,Punjab,Amritsar,Locality_495,Property_Type,1.0,2248.0,303.96,0.14,1998.0,Semi-furnished,17.0,28.0,27.0,2.0,10.0,Low,No,No,"Clubhouse, Playground",West,Broker,Ready_to_Move
848.0,Delhi,Dwarka,Locality_209,Property_Type,3.0,1110.0,471.52,0.42,2010.0,Semi-furnished,5.0,7.0,15.0,2.0,10.0,Low,Yes,No,"Garden, Playground, Clubhouse",East,Builder,Ready_to_Move
849.0,Gujarat,Ahmedabad,Locality_154,Property_Type,1.0,2350.0,56.79,0.02,2013.0,Semi-furnished,9.0,26.0,12.0,1.0,9.0,High,Yes,Yes,"Playground, Pool",East,Owner,Under_Construction
850.0,Rajasthan,Jaipur,Locality_404,Property_Type,5.0,1574.0,409.32,0.26,2010.0,Semi-furnished,1.0,27.0,15.0,5.0,1.0,Low,Yes,No,Garden,South,Broker,Under_Construction
851.0,Gujarat,Ahmedabad,Locality_217,Property_Type,2.0,1074.0,63.73,0.06,1994.0,Unfurnished,22.0,24.0,31.0,4.0,8.0,High,Yes,No,"Pool, Garden, Clubhouse, Playground",East,Broker,Under_Construction
852.0,Chhattisgarh,Bilaspur,Locality_136,Property_Type,4.0,779.0,225.97,0.29,2008.0,Furnished,15.0,7.0,17.0,5.0,8.0,High,No,Yes,"Pool, Garden",North,Broker,Ready_to_Move
853.0,Delhi,Dwarka,Locality_306,Property_Type,5.0,2450.0,384.0,0.16,2012.0,Unfurnished,5.0,11.0,13.0,4.0,4.0,Low,Yes,No,"Pool, Gym, Garden, Clubhouse",West,Broker,Under_Construction
854.0,Gujarat,Ahmedabad,Locality_189,Property_Type,2.0,1104.0,25.1,0.02,2017.0,Furnished,8.0,29.0,8.0,2.0,8.0,Medium,No,Yes,"Pool, Gym",South,Builder,Ready_to_Move
855.0,Maharashtra,Pune,Locality_220,Property_Type,1.0,2216.0,276.06,0.12,2002.0,Semi-furnished,30.0,14.0,23.0,3.0,7.0,Low,Yes,Yes,"Gym, Garden, Clubhouse, Playground",West,Broker,Ready_to_Move
856.0,Telangana,Warangal,Locality_411,Property_Type,4.0,2551.0,426.65,0.17,1995.0,Unfurnished,24.0,15.0,30.0,2.0,6.0,High,Yes,Yes,"Garden, Pool, Clubhouse, Playground, Gym",West,Builder,Ready_to_Move
857.0,Bihar,Gaya,Locality_155,Property_Type,2.0,3801.0,38.46,0.01,2004.0,Furnished,30.0,17.0,21.0,5.0,8.0,Medium,Yes,No,Garden,North,Builder,Under_Construction
858.0,Uttarakhand,Haridwar,Locality_131,Property_Type,1.0,5000.0,145.98,0.03,2015.0,Semi-furnished,25.0,3.0,10.0,5.0,10.0,Low,No,Yes,"Gym, Pool",South,Owner,Ready_to_Move
859.0,Odisha,Cuttack,Locality_126,Property_Type,1.0,733.0,184.78,0.25,2020.0,Semi-furnished,0.0,26.0,5.0,9.0,4.0,Low,No,No,"Pool, Playground, Clubhouse",North,Broker,Ready_to_Move
860.0,Kerala,Trivandrum,Locality_161,Property_Type,1.0,4941.0,439.72,0.09,2014.0,Semi-furnished,24.0,14.0,11.0,1.0,9.0,High,No,No,"Garden, Gym",North,Broker,Under_Construction
861.0,Karnataka,Mangalore,Locality_416,Property_Type,5.0,2354.0,337.59,0.14,1991.0,Semi-furnished,20.0,24.0,34.0,9.0,7.0,Low,Yes,Yes,"Gym, Playground, Clubhouse",North,Broker,Ready_to_Move
862.0,Rajasthan,Jaipur,Locality_369,Property_Type,1.0,4317.0,494.12,0.11,1992.0,Semi-furnished,11.0,19.0,33.0,3.0,3.0,Low,No,Yes,Pool,South,Builder,Ready_to_Move
863.0,Kerala,Kochi,Locality_246,Property_Type,1.0,2072.0,313.28,0.15,2004.0,Furnished,13.0,18.0,21.0,10.0,6.0,Medium,Yes,No,"Garden, Gym, Pool, Clubhouse, Playground",South,Owner,Under_Construction
864.0,Kerala,Trivandrum,Locality_215,Property_Type,5.0,652.0,224.98,0.35,2006.0,Furnished,17.0,6.0,19.0,6.0,4.0,High,Yes,Yes,"Clubhouse, Garden, Gym, Playground",West,Builder,Ready_to_Move
865.0,Bihar,Patna,Locality_433,Property_Type,3.0,3274.0,29.21,0.01,1994.0,Furnished,3.0,1.0,31.0,7.0,9.0,Low,No,No,"Garden, Playground, Gym",South,Builder,Under_Construction
866.0,Delhi,Dwarka,Locality_467,Property_Type,3.0,4622.0,53.53,0.01,1996.0,Furnished,9.0,30.0,29.0,5.0,7.0,High,Yes,No,"Pool, Playground, Clubhouse, Garden",West,Builder,Ready_to_Move
867.0,Rajasthan,Jodhpur,Locality_424,Property_Type,3.0,3671.0,325.59,0.09,2019.0,Unfurnished,0.0,19.0,6.0,7.0,6.0,High,No,Yes,"Gym, Clubhouse",East,Builder,Ready_to_Move
868.0,Punjab,Amritsar,Locality_197,Property_Type,3.0,2324.0,62.49,0.03,2007.0,Unfurnished,26.0,2.0,18.0,7.0,6.0,High,No,Yes,"Clubhouse, Pool, Playground, Gym",North,Builder,Ready_to_Move
869.0,Jharkhand,Ranchi,Locality_46,Property_Type,4.0,2555.0,306.93,0.12,2004.0,Semi-furnished,19.0,30.0,21.0,4.0,5.0,Low,No,Yes,"Garden, Playground, Gym, Pool",North,Broker,Under_Construction
870.0,Uttar Pradesh,Noida,Locality_244,Property_Type,2.0,3602.0,98.37,0.03,2008.0,Unfurnished,12.0,5.0,17.0,8.0,10.0,Low,Yes,No,"Garden, Playground, Clubhouse",West,Broker,Ready_to_Move
871.0,Telangana,Warangal,Locality_435,Property_Type,3.0,3136.0,343.39,0.11,2012.0,Unfurnished,24.0,3.0,13.0,4.0,3.0,Medium,No,No,"Garden, Pool, Clubhouse",West,Broker,Under_Construction
872.0,Tamil Nadu,Chennai,Locality_273,Property_Type,4.0,1050.0,404.92,0.39,2002.0,Unfurnished,19.0,23.0,23.0,7.0,7.0,Low,Yes,Yes,"Clubhouse, Garden, Playground",West,Broker,Under_Construction
873.0,Chhattisgarh,Bilaspur,Locality_468,Property_Type,2.0,3363.0,164.67,0.05,2009.0,Furnished,8.0,15.0,16.0,7.0,9.0,Medium,No,No,"Garden, Clubhouse, Playground, Pool, Gym",East,Owner,Ready_to_Move
874.0,Rajasthan,Jaipur,Locality_200,Property_Type,3.0,717.0,326.66,0.46,1995.0,Semi-furnished,24.0,11.0,30.0,3.0,8.0,High,No,No,Playground,East,Owner,Ready_to_Move
875.0,West Bengal,Durgapur,Locality_266,Property_Type,1.0,741.0,335.94,0.45,2016.0,Semi-furnished,13.0,29.0,9.0,6.0,7.0,Medium,Yes,Yes,"Pool, Gym, Garden, Clubhouse, Playground",West,Owner,Ready_to_Move
876.0,Punjab,Ludhiana,Locality_369,Property_Type,2.0,2354.0,208.49,0.09,2009.0,Unfurnished,16.0,19.0,16.0,1.0,2.0,Medium,No,No,Gym,North,Broker,Ready_to_Move
877.0,West Bengal,Durgapur,Locality_11,Property_Type,3.0,3710.0,454.99,0.12,2000.0,Semi-furnished,19.0,21.0,25.0,1.0,7.0,Low,No,No,"Clubhouse, Gym, Garden, Pool, Playground",East,Builder,Under_Construction
878.0,Delhi,New Delhi,Locality_34,Property_Type,5.0,1112.0,320.91,0.29,2017.0,Unfurnished,13.0,1.0,8.0,6.0,1.0,High,No,Yes,"Pool, Garden, Playground",East,Broker,Ready_to_Move
879.0,Karnataka,Bangalore,Locality_314,Property_Type,3.0,3674.0,218.51,0.06,1990.0,Unfurnished,22.0,12.0,35.0,8.0,10.0,Low,No,No,"Playground, Clubhouse, Gym, Garden, Pool",North,Owner,Under_Construction
880.0,Gujarat,Surat,Locality_74,Property_Type,1.0,2831.0,333.64,0.12,2021.0,Unfurnished,0.0,1.0,4.0,3.0,2.0,Medium,No,No,"Gym, Clubhouse, Garden",East,Broker,Ready_to_Move
881.0,Kerala,Trivandrum,Locality_313,Property_Type,3.0,2196.0,379.61,0.17,1996.0,Furnished,7.0,30.0,29.0,5.0,10.0,High,No,No,"Pool, Gym, Garden, Playground",North,Broker,Ready_to_Move
882.0,Uttarakhand,Dehradun,Locality_198,Property_Type,5.0,1798.0,18.25,0.01,2023.0,Furnished,21.0,18.0,2.0,2.0,10.0,Low,Yes,Yes,"Garden, Clubhouse, Pool, Playground, Gym",East,Builder,Ready_to_Move
883.0,Jharkhand,Jamshedpur,Locality_265,Property_Type,3.0,4034.0,490.35,0.12,1994.0,Unfurnished,30.0,6.0,31.0,5.0,4.0,Medium,No,No,"Playground, Garden",East,Owner,Ready_to_Move
884.0,Kerala,Trivandrum,Locality_326,Property_Type,2.0,2534.0,325.03,0.13,2000.0,Unfurnished,0.0,6.0,25.0,2.0,3.0,High,No,No,"Playground, Pool, Clubhouse, Gym, Garden",South,Owner,Ready_to_Move
885.0,Bihar,Patna,Locality_245,Property_Type,2.0,1051.0,411.57,0.39,2013.0,Furnished,1.0,28.0,12.0,1.0,5.0,Low,No,Yes,"Playground, Pool, Garden, Gym, Clubhouse",North,Builder,Ready_to_Move
886.0,Tamil Nadu,Coimbatore,Locality_76,Property_Type,1.0,4140.0,232.25,0.06,2001.0,Semi-furnished,4.0,13.0,24.0,1.0,2.0,Low,Yes,No,"Garden, Pool, Playground",South,Owner,Ready_to_Move
887.0,Bihar,Patna,Locality_388,Property_Type,2.0,4047.0,253.31,0.06,2008.0,Furnished,24.0,1.0,17.0,5.0,1.0,High,No,Yes,"Clubhouse, Pool, Garden",West,Owner,Ready_to_Move
888.0,Kerala,Kochi,Locality_433,Property_Type,2.0,4343.0,277.35,0.06,1996.0,Unfurnished,29.0,10.0,29.0,7.0,6.0,Medium,Yes,No,"Garden, Clubhouse, Playground, Pool",North,Broker,Under_Construction
889.0,Andhra Pradesh,Vishakhapatnam,Locality_476,Property_Type,5.0,3839.0,484.38,0.13,1997.0,Semi-furnished,23.0,22.0,28.0,1.0,5.0,High,No,Yes,"Gym, Playground, Garden, Clubhouse",West,Builder,Under_Construction
890.0,Punjab,Amritsar,Locality_460,Property_Type,5.0,3633.0,336.38,0.09,2002.0,Semi-furnished,6.0,8.0,23.0,5.0,3.0,High,Yes,Yes,"Gym, Garden, Playground",West,Builder,Under_Construction
891.0,Assam,Silchar,Locality_406,Property_Type,4.0,3595.0,359.15,0.1,2017.0,Furnished,29.0,25.0,8.0,10.0,2.0,Low,No,Yes,"Pool, Gym",North,Broker,Under_Construction
892.0,Chhattisgarh,Raipur,Locality_371,Property_Type,2.0,1084.0,459.28,0.42,1995.0,Unfurnished,30.0,29.0,30.0,1.0,9.0,Medium,Yes,No,"Pool, Clubhouse, Playground, Garden",North,Broker,Under_Construction
893.0,Odisha,Cuttack,Locality_175,Property_Type,1.0,1101.0,267.88,0.24,2008.0,Unfurnished,15.0,30.0,17.0,2.0,3.0,High,Yes,No,"Gym, Clubhouse, Garden, Playground, Pool",South,Owner,Ready_to_Move
894.0,Bihar,Patna,Locality_495,Property_Type,1.0,2562.0,24.5,0.01,2003.0,Semi-furnished,20.0,15.0,22.0,5.0,8.0,Low,Yes,No,"Clubhouse, Garden, Playground",West,Builder,Ready_to_Move
895.0,Delhi,Dwarka,Locality_34,Property_Type,2.0,4919.0,250.45,0.05,1998.0,Semi-furnished,15.0,13.0,27.0,7.0,7.0,Low,Yes,Yes,Garden,East,Owner,Under_Construction
896.0,Uttarakhand,Dehradun,Locality_6,Property_Type,1.0,3051.0,278.32,0.09,2001.0,Unfurnished,26.0,14.0,24.0,6.0,4.0,Low,No,No,"Garden, Clubhouse",West,Builder,Ready_to_Move
897.0,Karnataka,Bangalore,Locality_225,Property_Type,5.0,1593.0,319.72,0.2,2019.0,Furnished,10.0,20.0,6.0,10.0,6.0,Low,Yes,Yes,Garden,West,Owner,Under_Construction
898.0,Telangana,Warangal,Locality_271,Property_Type,3.0,1245.0,100.49,0.08,2003.0,Semi-furnished,14.0,14.0,22.0,5.0,7.0,Low,No,Yes,"Clubhouse, Playground",East,Broker,Ready_to_Move
899.0,Haryana,Faridabad,Locality_464,Property_Type,3.0,4330.0,284.03,0.07,2006.0,Furnished,12.0,8.0,19.0,7.0,3.0,Medium,Yes,No,Playground,West,Owner,Ready_to_Move
900.0,Uttarakhand,Haridwar,Locality_398,Property_Type,5.0,3865.0,95.47,0.02,2016.0,Semi-furnished,11.0,19.0,9.0,9.0,4.0,High,No,No,"Garden, Clubhouse, Pool, Playground",South,Owner,Ready_to_Move
901.0,Punjab,Amritsar,Locality_339,Property_Type,4.0,1597.0,455.74,0.29,2006.0,Unfurnished,18.0,16.0,19.0,8.0,6.0,Medium,Yes,Yes,Pool,West,Owner,Under_Construction
902.0,Maharashtra,Mumbai,Locality_55,Property_Type,4.0,3553.0,448.07,0.13,2012.0,Unfurnished,2.0,9.0,13.0,1.0,9.0,High,No,Yes,"Gym, Playground, Garden",West,Owner,Ready_to_Move
903.0,Delhi,New Delhi,Locality_304,Property_Type,1.0,1145.0,106.39,0.09,2015.0,Unfurnished,6.0,19.0,10.0,6.0,3.0,High,Yes,No,"Playground, Clubhouse, Garden, Pool",West,Builder,Ready_to_Move
904.0,Rajasthan,Jodhpur,Locality_383,Property_Type,3.0,590.0,404.87,0.69,2000.0,Semi-furnished,15.0,30.0,25.0,10.0,2.0,Medium,No,Yes,"Clubhouse, Gym",East,Broker,Under_Construction
905.0,Jharkhand,Jamshedpur,Locality_135,Property_Type,4.0,1895.0,442.51,0.23,2011.0,Semi-furnished,22.0,21.0,14.0,1.0,10.0,High,No,Yes,Garden,East,Builder,Under_Construction
906.0,Jharkhand,Jamshedpur,Locality_422,Property_Type,2.0,4093.0,359.87,0.09,2018.0,Furnished,9.0,27.0,7.0,3.0,7.0,Medium,No,No,"Pool, Gym",North,Owner,Under_Construction
907.0,Maharashtra,Nagpur,Locality_143,Property_Type,2.0,4416.0,285.22,0.06,2015.0,Unfurnished,24.0,6.0,10.0,6.0,10.0,Medium,Yes,Yes,"Pool, Gym, Garden",East,Builder,Ready_to_Move
908.0,Punjab,Ludhiana,Locality_1,Property_Type,4.0,2780.0,19.62,0.01,2000.0,Semi-furnished,1.0,4.0,25.0,9.0,2.0,Medium,Yes,No,Playground,West,Broker,Under_Construction
909.0,Jharkhand,Jamshedpur,Locality_489,Property_Type,3.0,2478.0,167.26,0.07,2002.0,Furnished,1.0,8.0,23.0,10.0,7.0,Low,No,No,"Garden, Clubhouse, Gym, Playground, Pool",West,Builder,Under_Construction
910.0,Karnataka,Mangalore,Locality_496,Property_Type,2.0,3602.0,463.7,0.13,2008.0,Furnished,26.0,5.0,17.0,10.0,9.0,Medium,Yes,No,"Playground, Gym, Garden, Clubhouse, Pool",South,Broker,Under_Construction
911.0,Gujarat,Surat,Locality_60,Property_Type,4.0,833.0,159.43,0.19,2006.0,Furnished,15.0,5.0,19.0,1.0,8.0,Medium,Yes,No,"Clubhouse, Playground, Pool, Gym",South,Owner,Under_Construction
912.0,Odisha,Bhubaneswar,Locality_48,Property_Type,2.0,4288.0,125.9,0.03,2022.0,Semi-furnished,2.0,26.0,3.0,8.0,7.0,Low,Yes,No,"Gym, Garden, Clubhouse",East,Broker,Under_Construction
913.0,Assam,Guwahati,Locality_277,Property_Type,2.0,3905.0,300.26,0.08,2002.0,Unfurnished,9.0,18.0,23.0,4.0,4.0,Low,No,No,"Gym, Pool, Playground",South,Broker,Ready_to_Move
914.0,Bihar,Gaya,Locality_251,Property_Type,3.0,3820.0,69.91,0.02,2015.0,Unfurnished,18.0,27.0,10.0,5.0,1.0,Medium,Yes,Yes,"Garden, Playground, Pool, Gym, Clubhouse",West,Owner,Under_Construction
915.0,Punjab,Ludhiana,Locality_68,Property_Type,1.0,2968.0,279.65,0.09,2018.0,Semi-furnished,17.0,5.0,7.0,3.0,7.0,Medium,Yes,No,"Garden, Pool, Gym",North,Owner,Ready_to_Move
916.0,Gujarat,Ahmedabad,Locality_387,Property_Type,3.0,2450.0,391.31,0.16,2011.0,Semi-furnished,20.0,18.0,14.0,8.0,5.0,Medium,Yes,Yes,"Gym, Pool, Garden, Clubhouse",East,Owner,Under_Construction
917.0,Jharkhand,Ranchi,Locality_416,Property_Type,1.0,1937.0,149.61,0.08,1992.0,Unfurnished,4.0,1.0,33.0,7.0,6.0,High,No,No,"Pool, Clubhouse",North,Broker,Ready_to_Move
918.0,Telangana,Hyderabad,Locality_250,Property_Type,1.0,2528.0,180.67,0.07,2010.0,Unfurnished,2.0,7.0,15.0,1.0,2.0,Low,Yes,No,Clubhouse,West,Owner,Under_Construction
919.0,Odisha,Bhubaneswar,Locality_493,Property_Type,5.0,4616.0,219.54,0.05,2020.0,Semi-furnished,0.0,8.0,5.0,3.0,5.0,High,No,No,"Garden, Pool, Gym, Clubhouse, Playground",West,Owner,Ready_to_Move
920.0,Delhi,New Delhi,Locality_238,Property_Type,5.0,653.0,279.9,0.43,2021.0,Unfurnished,4.0,5.0,4.0,3.0,8.0,Low,No,Yes,"Playground, Pool",West,Owner,Under_Construction
921.0,Odisha,Cuttack,Locality_14,Property_Type,1.0,3995.0,419.56,0.11,2003.0,Unfurnished,20.0,4.0,22.0,10.0,10.0,High,No,Yes,"Gym, Garden, Pool, Playground",West,Broker,Under_Construction
922.0,Madhya Pradesh,Indore,Locality_283,Property_Type,1.0,3823.0,328.54,0.09,2008.0,Furnished,6.0,16.0,17.0,9.0,7.0,High,Yes,Yes,Garden,West,Owner,Under_Construction
923.0,Telangana,Hyderabad,Locality_329,Property_Type,4.0,2326.0,145.41,0.06,2003.0,Furnished,15.0,19.0,22.0,7.0,9.0,Low,No,No,"Playground, Garden",North,Owner,Under_Construction
924.0,Haryana,Faridabad,Locality_358,Property_Type,4.0,3564.0,179.67,0.05,1993.0,Unfurnished,16.0,5.0,32.0,10.0,8.0,Medium,Yes,Yes,"Clubhouse, Playground",West,Owner,Ready_to_Move
925.0,Haryana,Faridabad,Locality_328,Property_Type,1.0,1384.0,141.03,0.1,2005.0,Semi-furnished,24.0,20.0,20.0,9.0,8.0,Low,Yes,No,"Gym, Playground, Clubhouse, Pool, Garden",South,Builder,Under_Construction
926.0,Tamil Nadu,Chennai,Locality_316,Property_Type,5.0,3347.0,285.43,0.09,2023.0,Unfurnished,28.0,24.0,2.0,7.0,6.0,Medium,No,No,Playground,West,Broker,Under_Construction
927.0,Gujarat,Surat,Locality_21,Property_Type,1.0,3824.0,426.8,0.11,2016.0,Semi-furnished,9.0,19.0,9.0,7.0,5.0,High,Yes,No,"Playground, Gym, Garden, Pool",North,Owner,Under_Construction
928.0,Haryana,Faridabad,Locality_110,Property_Type,1.0,2730.0,265.84,0.1,1993.0,Furnished,17.0,6.0,32.0,3.0,6.0,Low,Yes,No,"Playground, Garden, Clubhouse, Pool",South,Owner,Under_Construction
929.0,Telangana,Hyderabad,Locality_184,Property_Type,5.0,2192.0,180.58,0.08,1992.0,Semi-furnished,11.0,11.0,33.0,8.0,7.0,Medium,Yes,No,"Playground, Gym, Clubhouse, Garden, Pool",North,Builder,Ready_to_Move
930.0,Odisha,Cuttack,Locality_8,Property_Type,2.0,4167.0,292.42,0.07,2016.0,Unfurnished,16.0,14.0,9.0,2.0,4.0,High,Yes,No,"Clubhouse, Gym, Playground",South,Owner,Ready_to_Move
931.0,Kerala,Kochi,Locality_232,Property_Type,3.0,2639.0,117.56,0.04,2020.0,Unfurnished,28.0,27.0,5.0,7.0,2.0,Medium,No,Yes,"Garden, Pool, Clubhouse, Playground, Gym",East,Owner,Under_Construction
932.0,Andhra Pradesh,Vishakhapatnam,Locality_293,Property_Type,1.0,2522.0,221.61,0.09,2012.0,Semi-furnished,19.0,6.0,13.0,9.0,6.0,Medium,No,Yes,"Playground, Garden, Gym, Clubhouse, Pool",West,Builder,Under_Construction
933.0,Chhattisgarh,Raipur,Locality_112,Property_Type,3.0,3107.0,380.96,0.12,2008.0,Unfurnished,16.0,26.0,17.0,9.0,6.0,High,Yes,No,"Pool, Playground, Gym",West,Broker,Ready_to_Move
934.0,Karnataka,Mangalore,Locality_336,Property_Type,2.0,779.0,497.89,0.64,2004.0,Furnished,17.0,1.0,21.0,4.0,5.0,High,No,Yes,"Playground, Pool",East,Broker,Under_Construction
935.0,Bihar,Gaya,Locality_475,Property_Type,1.0,4620.0,175.8,0.04,1997.0,Furnished,10.0,10.0,28.0,6.0,1.0,High,Yes,No,Playground,North,Owner,Ready_to_Move
936.0,Delhi,New Delhi,Locality_185,Property_Type,3.0,4576.0,416.3,0.09,2003.0,Semi-furnished,4.0,28.0,22.0,6.0,9.0,High,No,No,"Garden, Gym",East,Builder,Ready_to_Move
937.0,Haryana,Gurgaon,Locality_164,Property_Type,3.0,1130.0,72.78,0.06,1993.0,Furnished,13.0,18.0,32.0,4.0,5.0,High,Yes,No,"Gym, Playground, Clubhouse, Pool, Garden",East,Broker,Ready_to_Move
938.0,Punjab,Amritsar,Locality_139,Property_Type,5.0,4790.0,399.66,0.08,1999.0,Furnished,23.0,21.0,26.0,6.0,2.0,Low,No,No,"Clubhouse, Playground, Gym, Garden, Pool",East,Builder,Under_Construction
939.0,Haryana,Gurgaon,Locality_414,Property_Type,4.0,2416.0,498.31,0.21,1993.0,Furnished,27.0,14.0,32.0,5.0,1.0,Medium,No,Yes,"Playground, Clubhouse",South,Owner,Under_Construction
940.0,Tamil Nadu,Chennai,Locality_413,Property_Type,2.0,2462.0,18.63,0.01,1995.0,Unfurnished,11.0,26.0,30.0,8.0,5.0,Low,Yes,Yes,"Pool, Playground, Gym, Garden",North,Broker,Ready_to_Move
941.0,Andhra Pradesh,Vishakhapatnam,Locality_201,Property_Type,2.0,3758.0,479.6,0.13,2001.0,Semi-furnished,30.0,2.0,24.0,5.0,4.0,Medium,No,Yes,"Gym, Clubhouse, Playground, Garden, Pool",West,Broker,Ready_to_Move
942.0,Assam,Silchar,Locality_494,Property_Type,2.0,1414.0,113.49,0.08,2016.0,Furnished,22.0,12.0,9.0,9.0,4.0,High,No,Yes,"Clubhouse, Pool, Garden",South,Broker,Under_Construction
943.0,Maharashtra,Nagpur,Locality_455,Property_Type,1.0,4369.0,128.11,0.03,2007.0,Furnished,10.0,29.0,18.0,7.0,4.0,Low,No,Yes,Pool,North,Builder,Ready_to_Move
944.0,Chhattisgarh,Raipur,Locality_447,Property_Type,2.0,3682.0,482.31,0.13,1996.0,Unfurnished,28.0,23.0,29.0,10.0,5.0,Medium,No,No,"Garden, Clubhouse, Pool, Gym",South,Builder,Ready_to_Move
945.0,Bihar,Gaya,Locality_388,Property_Type,4.0,3837.0,329.98,0.09,1995.0,Semi-furnished,4.0,26.0,30.0,2.0,6.0,Medium,Yes,Yes,"Playground, Garden, Clubhouse, Gym, Pool",South,Broker,Ready_to_Move
946.0,Telangana,Warangal,Locality_354,Property_Type,2.0,1922.0,123.6,0.06,2007.0,Unfurnished,29.0,19.0,18.0,1.0,9.0,Low,No,No,"Clubhouse, Pool, Playground",South,Owner,Under_Construction
947.0,Karnataka,Bangalore,Locality_157,Property_Type,2.0,2324.0,131.14,0.06,2023.0,Furnished,24.0,20.0,2.0,5.0,1.0,High,No,Yes,"Clubhouse, Playground, Gym",East,Broker,Ready_to_Move
948.0,Uttar Pradesh,Lucknow,Locality_352,Property_Type,5.0,2165.0,349.97,0.16,1999.0,Furnished,4.0,21.0,26.0,5.0,9.0,High,No,Yes,"Gym, Garden, Pool, Playground, Clubhouse",South,Builder,Under_Construction
949.0,Assam,Silchar,Locality_239,Property_Type,1.0,832.0,67.46,0.08,2012.0,Unfurnished,23.0,11.0,13.0,2.0,5.0,Medium,No,No,"Playground, Garden",South,Builder,Under_Construction
950.0,Madhya Pradesh,Bhopal,Locality_231,Property_Type,3.0,1612.0,444.71,0.28,2023.0,Furnished,15.0,28.0,2.0,6.0,1.0,Low,Yes,Yes,"Playground, Garden",East,Owner,Ready_to_Move
951.0,Uttarakhand,Dehradun,Locality_193,Property_Type,1.0,3529.0,114.41,0.03,1993.0,Furnished,12.0,15.0,32.0,4.0,5.0,Low,Yes,No,"Clubhouse, Playground, Garden",North,Builder,Ready_to_Move
952.0,Odisha,Cuttack,Locality_191,Property_Type,2.0,853.0,417.85,0.49,1990.0,Unfurnished,8.0,14.0,35.0,9.0,4.0,Low,No,Yes,Pool,East,Broker,Ready_to_Move
953.0,Bihar,Patna,Locality_363,Property_Type,4.0,2830.0,272.76,0.1,2019.0,Unfurnished,0.0,4.0,6.0,6.0,8.0,High,No,Yes,"Playground, Garden, Pool",East,Owner,Under_Construction
954.0,Karnataka,Bangalore,Locality_330,Property_Type,4.0,1981.0,156.54,0.08,2013.0,Semi-furnished,24.0,14.0,12.0,8.0,1.0,Medium,Yes,Yes,"Pool, Garden, Playground, Gym",West,Owner,Ready_to_Move
955.0,Uttar Pradesh,Lucknow,Locality_229,Property_Type,5.0,947.0,175.72,0.19,2013.0,Semi-furnished,8.0,28.0,12.0,9.0,8.0,Medium,Yes,No,"Pool, Gym, Playground, Clubhouse",East,Owner,Ready_to_Move
956.0,Punjab,Amritsar,Locality_252,Property_Type,5.0,2147.0,393.47,0.18,1999.0,Furnished,0.0,30.0,26.0,4.0,3.0,High,No,Yes,Garden,North,Broker,Under_Construction
957.0,Chhattisgarh,Raipur,Locality_171,Property_Type,4.0,823.0,323.88,0.39,2009.0,Furnished,24.0,17.0,16.0,5.0,7.0,Medium,Yes,No,"Garden, Clubhouse, Gym, Playground",North,Builder,Under_Construction
958.0,West Bengal,Kolkata,Locality_236,Property_Type,5.0,1708.0,23.91,0.01,2014.0,Semi-furnished,20.0,19.0,11.0,7.0,10.0,High,Yes,Yes,Gym,North,Broker,Ready_to_Move
959.0,Kerala,Trivandrum,Locality_74,Property_Type,4.0,3203.0,159.47,0.05,2011.0,Semi-furnished,3.0,26.0,14.0,5.0,10.0,Medium,No,No,Gym,East,Broker,Under_Construction
960.0,Bihar,Patna,Locality_201,Property_Type,3.0,2148.0,186.69,0.09,1992.0,Furnished,2.0,13.0,33.0,7.0,5.0,Medium,Yes,No,"Playground, Gym, Garden, Pool",West,Owner,Ready_to_Move
961.0,Odisha,Cuttack,Locality_73,Property_Type,5.0,3905.0,193.95,0.05,1995.0,Unfurnished,18.0,19.0,30.0,7.0,10.0,Medium,Yes,Yes,Pool,South,Broker,Under_Construction
962.0,Tamil Nadu,Chennai,Locality_421,Property_Type,5.0,4019.0,271.74,0.07,2002.0,Semi-furnished,21.0,1.0,23.0,6.0,10.0,Low,No,Yes,Garden,South,Owner,Under_Construction
963.0,Maharashtra,Pune,Locality_355,Property_Type,1.0,1266.0,147.69,0.12,1994.0,Unfurnished,10.0,1.0,31.0,3.0,3.0,Medium,Yes,No,"Playground, Gym, Pool",North,Owner,Under_Construction
964.0,Uttarakhand,Haridwar,Locality_447,Property_Type,2.0,4410.0,497.27,0.11,2020.0,Semi-furnished,2.0,26.0,5.0,5.0,9.0,Medium,Yes,Yes,"Garden, Gym, Pool, Playground",East,Builder,Under_Construction
965.0,Rajasthan,Jaipur,Locality_480,Property_Type,1.0,4660.0,291.23,0.06,2006.0,Semi-furnished,24.0,28.0,19.0,3.0,1.0,High,Yes,No,"Clubhouse, Gym",East,Broker,Under_Construction
966.0,Gujarat,Ahmedabad,Locality_393,Property_Type,4.0,756.0,29.75,0.04,2012.0,Unfurnished,15.0,2.0,13.0,6.0,2.0,Low,Yes,No,"Garden, Playground, Pool, Clubhouse, Gym",South,Owner,Under_Construction
967.0,Kerala,Kochi,Locality_102,Property_Type,4.0,4874.0,220.91,0.05,1990.0,Unfurnished,5.0,5.0,35.0,1.0,1.0,Medium,No,Yes,"Clubhouse, Garden, Pool",North,Broker,Under_Construction
968.0,Chhattisgarh,Raipur,Locality_75,Property_Type,1.0,4375.0,332.95,0.08,1998.0,Semi-furnished,0.0,1.0,27.0,9.0,8.0,High,No,Yes,"Gym, Pool, Playground, Garden, Clubhouse",North,Broker,Under_Construction
969.0,Maharashtra,Nagpur,Locality_452,Property_Type,1.0,523.0,370.51,0.71,1990.0,Unfurnished,30.0,8.0,35.0,8.0,8.0,Medium,No,No,"Gym, Clubhouse, Playground, Pool, Garden",South,Owner,Under_Construction
970.0,Chhattisgarh,Raipur,Locality_113,Property_Type,5.0,4793.0,196.88,0.04,2015.0,Semi-furnished,13.0,11.0,10.0,3.0,3.0,High,No,Yes,"Garden, Clubhouse, Playground",East,Broker,Under_Construction
971.0,Telangana,Warangal,Locality_3,Property_Type,5.0,3898.0,456.71,0.12,2014.0,Semi-furnished,19.0,24.0,11.0,6.0,1.0,Medium,No,No,Gym,South,Builder,Under_Construction
972.0,Delhi,New Delhi,Locality_354,Property_Type,3.0,4303.0,82.44,0.02,2007.0,Unfurnished,10.0,10.0,18.0,1.0,2.0,Low,Yes,No,"Gym, Playground",East,Broker,Under_Construction
973.0,Rajasthan,Jaipur,Locality_131,Property_Type,2.0,3946.0,94.98,0.02,2015.0,Furnished,30.0,19.0,10.0,8.0,6.0,Medium,Yes,No,Pool,West,Owner,Under_Construction
974.0,Tamil Nadu,Coimbatore,Locality_38,Property_Type,4.0,3239.0,97.45,0.03,2019.0,Furnished,29.0,5.0,6.0,9.0,10.0,Medium,No,No,"Gym, Playground",South,Owner,Under_Construction
975.0,Bihar,Gaya,Locality_395,Property_Type,5.0,1622.0,141.43,0.09,1992.0,Unfurnished,29.0,26.0,33.0,8.0,1.0,Medium,Yes,Yes,"Pool, Clubhouse, Garden, Playground, Gym",West,Broker,Ready_to_Move
976.0,Tamil Nadu,Coimbatore,Locality_494,Property_Type,2.0,767.0,431.33,0.56,2018.0,Furnished,0.0,9.0,7.0,10.0,1.0,High,Yes,Yes,"Gym, Pool, Playground, Garden",North,Builder,Under_Construction
977.0,West Bengal,Durgapur,Locality_180,Property_Type,1.0,3675.0,105.12,0.03,2006.0,Semi-furnished,1.0,6.0,19.0,8.0,6.0,Low,No,Yes,"Pool, Clubhouse, Garden, Gym, Playground",East,Builder,Under_Construction
978.0,Odisha,Bhubaneswar,Locality_35,Property_Type,1.0,3581.0,134.75,0.04,2017.0,Unfurnished,26.0,27.0,8.0,6.0,4.0,Medium,No,No,"Gym, Pool, Clubhouse, Playground, Garden",North,Builder,Ready_to_Move
979.0,Kerala,Kochi,Locality_379,Property_Type,4.0,785.0,62.38,0.08,2001.0,Furnished,17.0,27.0,24.0,8.0,2.0,High,Yes,No,"Playground, Pool, Clubhouse",West,Broker,Under_Construction
980.0,Assam,Guwahati,Locality_344,Property_Type,2.0,4554.0,320.06,0.07,2019.0,Unfurnished,26.0,22.0,6.0,6.0,4.0,Medium,No,No,Playground,North,Owner,Under_Construction
981.0,Punjab,Amritsar,Locality_106,Property_Type,4.0,4972.0,288.45,0.06,2011.0,Furnished,18.0,28.0,14.0,4.0,1.0,High,No,Yes,"Playground, Pool, Gym, Clubhouse",East,Broker,Ready_to_Move
982.0,Telangana,Hyderabad,Locality_56,Property_Type,4.0,4869.0,400.39,0.08,1991.0,Semi-furnished,1.0,26.0,34.0,5.0,10.0,Low,Yes,Yes,"Gym, Pool, Playground, Clubhouse",West,Builder,Ready_to_Move
983.0,Odisha,Bhubaneswar,Locality_146,Property_Type,5.0,1649.0,238.46,0.14,2021.0,Furnished,0.0,17.0,4.0,2.0,5.0,High,Yes,No,Gym,South,Owner,Ready_to_Move
984.0,Odisha,Bhubaneswar,Locality_433,Property_Type,5.0,999.0,317.54,0.32,1998.0,Semi-furnished,17.0,16.0,27.0,5.0,3.0,Low,Yes,Yes,"Pool, Garden, Clubhouse, Gym",South,Builder,Under_Construction
985.0,Rajasthan,Jodhpur,Locality_485,Property_Type,2.0,810.0,297.57,0.37,2001.0,Unfurnished,15.0,28.0,24.0,2.0,9.0,Low,No,Yes,Garden,South,Owner,Under_Construction
986.0,Bihar,Patna,Locality_382,Property_Type,5.0,3518.0,339.17,0.1,2003.0,Semi-furnished,21.0,12.0,22.0,7.0,3.0,High,No,Yes,"Gym, Pool, Garden, Playground",East,Builder,Under_Construction
987.0,Chhattisgarh,Bilaspur,Locality_26,Property_Type,1.0,3828.0,207.19,0.05,2008.0,Unfurnished,0.0,21.0,17.0,4.0,1.0,Medium,No,No,"Clubhouse, Garden, Gym, Playground, Pool",East,Owner,Ready_to_Move
988.0,West Bengal,Durgapur,Locality_462,Property_Type,3.0,3003.0,270.17,0.09,1998.0,Semi-furnished,20.0,19.0,27.0,1.0,1.0,Low,Yes,Yes,"Clubhouse, Gym, Garden, Pool",West,Builder,Ready_to_Move
989.0,Andhra Pradesh,Vishakhapatnam,Locality_71,Property_Type,1.0,1264.0,113.44,0.09,1995.0,Unfurnished,30.0,22.0,30.0,4.0,7.0,Medium,Yes,Yes,"Gym, Pool, Clubhouse, Playground",South,Broker,Under_Construction
990.0,Uttar Pradesh,Lucknow,Locality_398,Property_Type,2.0,2185.0,51.88,0.02,1993.0,Semi-furnished,19.0,30.0,32.0,6.0,6.0,Medium,No,Yes,"Garden, Clubhouse, Pool, Gym",West,Builder,Under_Construction
991.0,Uttarakhand,Dehradun,Locality_34,Property_Type,1.0,1220.0,375.21,0.31,2000.0,Semi-furnished,5.0,14.0,25.0,4.0,2.0,Low,Yes,No,"Clubhouse, Garden, Gym",South,Broker,Ready_to_Move
992.0,Assam,Guwahati,Locality_212,Property_Type,2.0,2912.0,313.83,0.11,2007.0,Semi-furnished,5.0,21.0,18.0,10.0,8.0,Medium,No,No,"Clubhouse, Playground, Gym, Pool",East,Broker,Under_Construction
993.0,West Bengal,Durgapur,Locality_208,Property_Type,1.0,1993.0,246.09,0.12,1990.0,Semi-furnished,22.0,22.0,35.0,10.0,9.0,Low,Yes,Yes,"Pool, Garden",East,Builder,Ready_to_Move
994.0,Delhi,Dwarka,Locality_449,Property_Type,5.0,4731.0,448.73,0.09,2005.0,Unfurnished,1.0,1.0,20.0,3.0,2.0,High,Yes,No,"Clubhouse, Garden",South,Owner,Under_Construction
995.0,Punjab,Ludhiana,Locality_456,Property_Type,5.0,3047.0,425.49,0.14,2010.0,Furnished,9.0,18.0,15.0,2.0,6.0,High,Yes,No,"Clubhouse, Garden",North,Owner,Under_Construction
996.0,Telangana,Hyderabad,Locality_375,Property_Type,1.0,1392.0,87.07,0.06,2005.0,Furnished,0.0,4.0,20.0,9.0,3.0,Low,Yes,Yes,"Clubhouse, Garden",East,Broker,Ready_to_Move
997.0,Haryana,Gurgaon,Locality_133,Property_Type,2.0,3252.0,163.62,0.05,1994.0,Furnished,6.0,22.0,31.0,3.0,1.0,High,No,Yes,"Garden, Gym, Playground, Clubhouse, Pool",North,Owner,Under_Construction
998.0,Assam,Silchar,Locality_120,Property_Type,2.0,2601.0,454.06,0.17,1996.0,Semi-furnished,4.0,14.0,29.0,4.0,9.0,Medium,No,Yes,"Clubhouse, Gym",South,Broker,Under_Construction
999.0,Punjab,Ludhiana,Locality_339,Property_Type,3.0,1315.0,383.61,0.29,1999.0,Furnished,8.0,11.0,26.0,10.0,7.0,Low,No,No,"Gym, Playground, Clubhouse, Pool, Garden",South,Builder,Ready_to_Move
1000.0,Maharashtra,Nagpur,Locality_32,Property_Type,3.0,3964.0,125.81,0.03,2007.0,Unfurnished,2.0,11.0,18.0,10.0,1.0,Low,No,Yes,"Clubhouse, Pool, Playground, Garden, Gym",South,Broker,Under_Construction
1001.0,Kerala,Kochi,Locality_60,Property_Type,3.0,1392.0,353.9,0.25,2020.0,Semi-furnished,17.0,16.0,5.0,2.0,2.0,High,No,Yes,"Garden, Pool, Gym",South,Builder,Ready_to_Move
1002.0,Kerala,Trivandrum,Locality_174,Property_Type,5.0,3227.0,277.25,0.09,2000.0,Semi-furnished,0.0,8.0,25.0,1.0,4.0,High,Yes,Yes,"Garden, Playground, Gym, Pool, Clubhouse",South,Owner,Ready_to_Move
1003.0,Jharkhand,Ranchi,Locality_436,Property_Type,2.0,4005.0,410.64,0.1,1993.0,Unfurnished,30.0,24.0,32.0,7.0,1.0,Low,No,Yes,Playground,West,Builder,Under_Construction
1004.0,Jharkhand,Ranchi,Locality_225,Property_Type,5.0,2100.0,74.93,0.04,2004.0,Unfurnished,10.0,7.0,21.0,2.0,1.0,Medium,Yes,Yes,"Garden, Pool",East,Owner,Ready_to_Move
1005.0,Odisha,Bhubaneswar,Locality_444,Property_Type,5.0,2977.0,149.01,0.05,2001.0,Semi-furnished,9.0,23.0,24.0,3.0,2.0,Low,No,No,"Clubhouse, Gym, Garden",South,Owner,Under_Construction
1006.0,West Bengal,Durgapur,Locality_57,Property_Type,1.0,912.0,226.78,0.25,1993.0,Semi-furnished,30.0,29.0,32.0,4.0,9.0,High,Yes,Yes,"Gym, Garden",West,Builder,Ready_to_Move
1007.0,Bihar,Gaya,Locality_340,Property_Type,4.0,2635.0,319.82,0.12,1990.0,Furnished,3.0,21.0,35.0,5.0,2.0,Low,No,Yes,"Playground, Clubhouse, Garden, Pool, Gym",East,Owner,Ready_to_Move
1008.0,Chhattisgarh,Bilaspur,Locality_153,Property_Type,1.0,2201.0,89.69,0.04,2009.0,Furnished,9.0,15.0,16.0,4.0,6.0,High,Yes,Yes,"Pool, Playground, Clubhouse, Gym",North,Builder,Ready_to_Move
1009.0,Odisha,Cuttack,Locality_283,Property_Type,3.0,630.0,497.41,0.79,2016.0,Unfurnished,22.0,11.0,9.0,5.0,9.0,High,No,Yes,"Playground, Gym, Garden, Clubhouse",East,Broker,Under_Construction
1010.0,Madhya Pradesh,Indore,Locality_118,Property_Type,1.0,2940.0,465.17,0.16,1998.0,Unfurnished,21.0,30.0,27.0,6.0,2.0,High,Yes,No,"Clubhouse, Pool, Gym, Garden",North,Owner,Under_Construction
1011.0,Haryana,Faridabad,Locality_364,Property_Type,4.0,2592.0,67.79,0.03,1992.0,Semi-furnished,15.0,10.0,33.0,3.0,9.0,Medium,Yes,Yes,Gym,North,Broker,Ready_to_Move
1012.0,Chhattisgarh,Raipur,Locality_168,Property_Type,5.0,742.0,468.47,0.63,2014.0,Furnished,29.0,9.0,11.0,6.0,1.0,High,No,No,"Pool, Garden, Gym, Clubhouse",North,Owner,Ready_to_Move
1013.0,Chhattisgarh,Bilaspur,Locality_165,Property_Type,5.0,633.0,353.77,0.56,2019.0,Furnished,12.0,15.0,6.0,7.0,4.0,Low,No,No,"Playground, Pool, Garden, Clubhouse",North,Broker,Under_Construction
1014.0,Andhra Pradesh,Vishakhapatnam,Locality_224,Property_Type,2.0,2730.0,360.57,0.13,2005.0,Unfurnished,30.0,28.0,20.0,10.0,1.0,High,Yes,Yes,"Garden, Gym, Playground, Clubhouse",East,Owner,Ready_to_Move
1015.0,Bihar,Patna,Locality_182,Property_Type,2.0,1454.0,135.75,0.09,1999.0,Unfurnished,9.0,23.0,26.0,5.0,4.0,Low,No,Yes,"Garden, Clubhouse, Playground",East,Broker,Ready_to_Move
1016.0,Haryana,Faridabad,Locality_364,Property_Type,1.0,776.0,250.74,0.32,1999.0,Furnished,18.0,22.0,26.0,7.0,6.0,Low,Yes,No,"Garden, Playground, Gym, Pool, Clubhouse",North,Broker,Under_Construction
1017.0,Uttar Pradesh,Noida,Locality_496,Property_Type,2.0,2949.0,236.25,0.08,2007.0,Unfurnished,5.0,17.0,18.0,4.0,6.0,Medium,Yes,Yes,"Garden, Pool",West,Builder,Under_Construction
1018.0,Rajasthan,Jaipur,Locality_391,Property_Type,4.0,1591.0,426.11,0.27,2018.0,Semi-furnished,14.0,23.0,7.0,3.0,7.0,Low,No,No,"Pool, Playground, Garden",South,Broker,Under_Construction
1019.0,Jharkhand,Jamshedpur,Locality_329,Property_Type,1.0,3702.0,37.86,0.01,2022.0,Unfurnished,13.0,13.0,3.0,6.0,6.0,Low,Yes,Yes,Garden,East,Broker,Under_Construction
1020.0,Andhra Pradesh,Vishakhapatnam,Locality_493,Property_Type,2.0,4274.0,147.13,0.03,1996.0,Semi-furnished,21.0,8.0,29.0,1.0,4.0,Medium,Yes,Yes,"Playground, Pool, Garden",East,Broker,Ready_to_Move
1021.0,Rajasthan,Jaipur,Locality_326,Property_Type,3.0,1305.0,313.65,0.24,2009.0,Semi-furnished,11.0,4.0,16.0,8.0,3.0,Medium,Yes,No,"Garden, Clubhouse, Playground",North,Broker,Ready_to_Move
1022.0,Telangana,Warangal,Locality_208,Property_Type,3.0,952.0,494.49,0.52,2017.0,Unfurnished,5.0,24.0,8.0,2.0,9.0,Low,No,Yes,"Clubhouse, Gym, Pool, Garden",West,Builder,Ready_to_Move
1023.0,Karnataka,Bangalore,Locality_226,Property_Type,1.0,3546.0,172.55,0.05,2008.0,Semi-furnished,18.0,22.0,17.0,9.0,4.0,Medium,Yes,Yes,Playground,North,Builder,Under_Construction
1024.0,Haryana,Gurgaon,Locality_498,Property_Type,5.0,2888.0,10.3,0.0,2021.0,Unfurnished,19.0,16.0,4.0,7.0,8.0,High,No,Yes,"Gym, Garden, Pool, Playground, Clubhouse",West,Builder,Under_Construction
1025.0,Odisha,Bhubaneswar,Locality_351,Property_Type,4.0,2454.0,203.36,0.08,2013.0,Furnished,22.0,26.0,12.0,7.0,8.0,Medium,Yes,No,"Pool, Gym",West,Broker,Under_Construction
1026.0,Andhra Pradesh,Vishakhapatnam,Locality_263,Property_Type,4.0,1030.0,69.47,0.07,2007.0,Furnished,28.0,19.0,18.0,3.0,7.0,Low,No,No,Gym,North,Owner,Under_Construction
1027.0,Andhra Pradesh,Vijayawada,Locality_245,Property_Type,4.0,3473.0,403.08,0.12,2018.0,Semi-furnished,13.0,11.0,7.0,10.0,1.0,Medium,No,No,Pool,East,Broker,Ready_to_Move
1028.0,West Bengal,Durgapur,Locality_2,Property_Type,3.0,4850.0,241.65,0.05,2003.0,Semi-furnished,3.0,5.0,22.0,7.0,6.0,High,No,No,"Clubhouse, Playground, Garden",South,Builder,Ready_to_Move
1029.0,Odisha,Cuttack,Locality_161,Property_Type,1.0,2871.0,307.31,0.11,2003.0,Unfurnished,0.0,25.0,22.0,9.0,2.0,Medium,Yes,No,"Playground, Pool, Gym",East,Owner,Ready_to_Move
1030.0,Karnataka,Mangalore,Locality_117,Property_Type,3.0,2942.0,450.02,0.15,2019.0,Semi-furnished,18.0,22.0,6.0,9.0,3.0,High,Yes,Yes,Pool,North,Owner,Under_Construction
1031.0,West Bengal,Kolkata,Locality_343,Property_Type,2.0,1257.0,166.91,0.13,2022.0,Unfurnished,11.0,10.0,3.0,2.0,4.0,Low,No,No,Pool,North,Owner,Ready_to_Move
1032.0,Assam,Guwahati,Locality_31,Property_Type,3.0,3463.0,215.55,0.06,2012.0,Unfurnished,9.0,19.0,13.0,2.0,1.0,Medium,Yes,No,"Pool, Gym, Clubhouse, Garden",South,Builder,Under_Construction
1033.0,Jharkhand,Jamshedpur,Locality_490,Property_Type,3.0,1847.0,491.93,0.27,2021.0,Semi-furnished,20.0,8.0,4.0,7.0,3.0,Medium,Yes,Yes,"Garden, Clubhouse, Playground",North,Broker,Under_Construction
1034.0,Haryana,Gurgaon,Locality_248,Property_Type,3.0,4969.0,381.57,0.08,1997.0,Semi-furnished,2.0,16.0,28.0,5.0,4.0,Medium,Yes,No,"Gym, Pool, Clubhouse",North,Builder,Under_Construction
1035.0,Tamil Nadu,Chennai,Locality_186,Property_Type,2.0,3666.0,302.77,0.08,2003.0,Semi-furnished,26.0,29.0,22.0,10.0,1.0,Medium,Yes,No,"Pool, Playground, Garden",East,Broker,Under_Construction
1036.0,Bihar,Gaya,Locality_115,Property_Type,5.0,879.0,397.75,0.45,2014.0,Furnished,1.0,8.0,11.0,5.0,2.0,Medium,Yes,Yes,"Gym, Playground, Pool, Garden",West,Builder,Under_Construction
1037.0,Tamil Nadu,Chennai,Locality_297,Property_Type,2.0,4729.0,442.22,0.09,2021.0,Furnished,4.0,12.0,4.0,8.0,3.0,Low,Yes,No,"Clubhouse, Gym, Playground",South,Owner,Under_Construction
1038.0,Assam,Silchar,Locality_239,Property_Type,2.0,3318.0,364.31,0.11,2000.0,Furnished,21.0,1.0,25.0,9.0,2.0,Medium,No,Yes,"Gym, Garden, Playground, Clubhouse",North,Builder,Ready_to_Move
1039.0,Bihar,Patna,Locality_45,Property_Type,4.0,1315.0,165.92,0.13,2023.0,Furnished,24.0,29.0,2.0,2.0,8.0,Medium,No,Yes,Clubhouse,North,Broker,Ready_to_Move
1040.0,Maharashtra,Pune,Locality_121,Property_Type,5.0,812.0,246.53,0.3,1992.0,Furnished,7.0,2.0,33.0,8.0,7.0,High,No,No,"Garden, Playground",East,Owner,Under_Construction
1041.0,West Bengal,Kolkata,Locality_255,Property_Type,5.0,4829.0,359.61,0.07,1995.0,Semi-furnished,5.0,12.0,30.0,10.0,5.0,High,No,Yes,"Gym, Garden, Playground, Pool, Clubhouse",North,Owner,Ready_to_Move
1042.0,Telangana,Hyderabad,Locality_339,Property_Type,4.0,1963.0,121.81,0.06,2018.0,Semi-furnished,8.0,11.0,7.0,5.0,5.0,Low,No,No,"Garden, Playground, Clubhouse, Pool, Gym",North,Builder,Under_Construction
1043.0,West Bengal,Durgapur,Locality_100,Property_Type,2.0,1765.0,26.88,0.02,1994.0,Furnished,8.0,12.0,31.0,4.0,10.0,Medium,No,Yes,"Pool, Gym, Playground, Garden",East,Owner,Ready_to_Move
1044.0,Delhi,Dwarka,Locality_149,Property_Type,2.0,3990.0,31.87,0.01,2019.0,Furnished,18.0,25.0,6.0,5.0,1.0,Low,Yes,Yes,"Clubhouse, Playground, Pool, Garden, Gym",North,Broker,Ready_to_Move
1045.0,Odisha,Cuttack,Locality_133,Property_Type,1.0,1129.0,102.41,0.09,2015.0,Unfurnished,4.0,27.0,10.0,10.0,2.0,Medium,No,No,"Pool, Gym, Clubhouse, Playground, Garden",South,Builder,Under_Construction
1046.0,Punjab,Amritsar,Locality_76,Property_Type,3.0,3418.0,279.68,0.08,1993.0,Unfurnished,30.0,1.0,32.0,10.0,8.0,Low,Yes,Yes,"Playground, Clubhouse, Pool",North,Builder,Ready_to_Move
1047.0,Haryana,Faridabad,Locality_249,Property_Type,2.0,3521.0,212.92,0.06,2019.0,Furnished,7.0,29.0,6.0,5.0,8.0,Low,Yes,No,"Pool, Clubhouse, Gym",East,Owner,Under_Construction
1048.0,Uttarakhand,Dehradun,Locality_276,Property_Type,5.0,4543.0,291.15,0.06,2003.0,Furnished,19.0,6.0,22.0,4.0,5.0,Medium,Yes,No,"Clubhouse, Pool, Gym",East,Broker,Under_Construction
1049.0,Andhra Pradesh,Vijayawada,Locality_275,Property_Type,4.0,2588.0,228.5,0.09,2020.0,Semi-furnished,6.0,29.0,5.0,7.0,4.0,Medium,Yes,Yes,"Playground, Pool",South,Broker,Under_Construction
1050.0,Delhi,New Delhi,Locality_101,Property_Type,1.0,3951.0,498.01,0.13,2001.0,Furnished,29.0,1.0,24.0,3.0,4.0,Medium,Yes,No,Playground,West,Owner,Ready_to_Move
1051.0,Haryana,Faridabad,Locality_32,Property_Type,2.0,768.0,487.93,0.64,1991.0,Semi-furnished,5.0,9.0,34.0,4.0,2.0,Low,No,No,"Playground, Pool",South,Owner,Under_Construction
1052.0,Chhattisgarh,Bilaspur,Locality_107,Property_Type,4.0,4320.0,366.83,0.08,2017.0,Furnished,14.0,16.0,8.0,8.0,4.0,High,No,No,"Playground, Gym",East,Broker,Ready_to_Move
1053.0,Andhra Pradesh,Vijayawada,Locality_433,Property_Type,5.0,1383.0,159.76,0.12,2019.0,Furnished,17.0,6.0,6.0,2.0,7.0,Medium,Yes,No,"Clubhouse, Pool, Garden, Playground",East,Owner,Under_Construction
1054.0,Haryana,Faridabad,Locality_68,Property_Type,1.0,2675.0,488.29,0.18,1990.0,Furnished,0.0,24.0,35.0,2.0,8.0,High,Yes,Yes,"Garden, Playground, Gym, Pool, Clubhouse",West,Broker,Under_Construction
1055.0,Odisha,Bhubaneswar,Locality_145,Property_Type,4.0,1906.0,235.71,0.12,2012.0,Unfurnished,20.0,20.0,13.0,5.0,9.0,Medium,Yes,Yes,"Pool, Garden",North,Builder,Ready_to_Move
1056.0,Chhattisgarh,Raipur,Locality_12,Property_Type,2.0,2183.0,403.77,0.18,2006.0,Semi-furnished,17.0,23.0,19.0,9.0,6.0,Medium,No,Yes,"Playground, Pool",West,Broker,Under_Construction
1057.0,Karnataka,Mangalore,Locality_376,Property_Type,4.0,3520.0,296.02,0.08,2010.0,Unfurnished,20.0,27.0,15.0,3.0,2.0,High,Yes,No,Garden,North,Builder,Ready_to_Move
1058.0,Uttarakhand,Dehradun,Locality_128,Property_Type,2.0,3822.0,299.19,0.08,1992.0,Semi-furnished,2.0,30.0,33.0,7.0,4.0,High,Yes,No,"Playground, Clubhouse, Garden, Pool, Gym",East,Builder,Ready_to_Move
1059.0,Delhi,New Delhi,Locality_177,Property_Type,1.0,682.0,393.95,0.58,2014.0,Unfurnished,14.0,3.0,11.0,1.0,7.0,Low,No,Yes,"Pool, Gym, Garden, Playground, Clubhouse",East,Builder,Ready_to_Move
1060.0,Rajasthan,Jaipur,Locality_474,Property_Type,4.0,1658.0,380.85,0.23,2014.0,Furnished,11.0,2.0,11.0,6.0,6.0,High,No,No,"Gym, Garden, Pool, Playground",North,Owner,Ready_to_Move
1061.0,Kerala,Kochi,Locality_232,Property_Type,5.0,4885.0,497.06,0.1,1992.0,Unfurnished,5.0,29.0,33.0,1.0,9.0,High,Yes,Yes,"Garden, Playground",North,Owner,Under_Construction
1062.0,Rajasthan,Jaipur,Locality_303,Property_Type,5.0,1206.0,324.7,0.27,2006.0,Semi-furnished,9.0,5.0,19.0,5.0,5.0,Low,No,Yes,"Clubhouse, Gym, Garden, Playground",West,Owner,Ready_to_Move
1063.0,Delhi,Dwarka,Locality_121,Property_Type,2.0,1922.0,75.86,0.04,2008.0,Furnished,23.0,25.0,17.0,6.0,5.0,High,Yes,Yes,"Pool, Clubhouse, Playground",South,Broker,Ready_to_Move
1064.0,Telangana,Warangal,Locality_248,Property_Type,1.0,1671.0,459.78,0.28,2021.0,Furnished,13.0,29.0,4.0,9.0,2.0,Medium,No,Yes,"Gym, Pool, Clubhouse",North,Owner,Ready_to_Move
1065.0,Tamil Nadu,Coimbatore,Locality_69,Property_Type,3.0,545.0,230.37,0.42,2004.0,Furnished,3.0,13.0,21.0,9.0,6.0,High,Yes,Yes,"Gym, Clubhouse, Playground",North,Broker,Under_Construction
1066.0,Tamil Nadu,Chennai,Locality_151,Property_Type,5.0,4348.0,338.61,0.08,1994.0,Unfurnished,10.0,26.0,31.0,4.0,6.0,Medium,No,No,"Gym, Garden, Pool",South,Builder,Under_Construction
1067.0,Bihar,Patna,Locality_2,Property_Type,5.0,4170.0,390.68,0.09,2019.0,Furnished,14.0,7.0,6.0,5.0,7.0,Medium,Yes,No,"Clubhouse, Pool, Playground, Gym",East,Owner,Under_Construction
1068.0,Gujarat,Ahmedabad,Locality_71,Property_Type,2.0,2305.0,181.77,0.08,2018.0,Semi-furnished,7.0,19.0,7.0,6.0,8.0,High,Yes,No,"Playground, Gym",South,Builder,Ready_to_Move
1069.0,Kerala,Kochi,Locality_384,Property_Type,5.0,1548.0,207.43,0.13,2009.0,Unfurnished,5.0,28.0,16.0,9.0,4.0,Medium,No,Yes,"Garden, Gym, Pool, Playground",South,Builder,Under_Construction
1070.0,Maharashtra,Mumbai,Locality_407,Property_Type,3.0,1975.0,468.89,0.24,2003.0,Unfurnished,30.0,13.0,22.0,2.0,6.0,Medium,Yes,Yes,"Pool, Clubhouse, Gym",North,Broker,Ready_to_Move
1071.0,Karnataka,Mysore,Locality_395,Property_Type,2.0,4751.0,278.77,0.06,1995.0,Semi-furnished,18.0,11.0,30.0,8.0,4.0,Low,No,Yes,"Playground, Clubhouse",East,Broker,Under_Construction
1072.0,Haryana,Gurgaon,Locality_265,Property_Type,2.0,3673.0,220.52,0.06,1998.0,Furnished,5.0,13.0,27.0,3.0,10.0,Low,No,Yes,Garden,West,Owner,Ready_to_Move
1073.0,Karnataka,Mangalore,Locality_368,Property_Type,3.0,4310.0,213.02,0.05,1991.0,Semi-furnished,12.0,22.0,34.0,7.0,2.0,High,No,No,"Playground, Garden, Gym",South,Builder,Ready_to_Move
1074.0,Kerala,Kochi,Locality_110,Property_Type,2.0,568.0,143.98,0.25,2009.0,Unfurnished,4.0,10.0,16.0,8.0,9.0,High,No,Yes,"Clubhouse, Playground",East,Owner,Ready_to_Move
1075.0,Madhya Pradesh,Indore,Locality_370,Property_Type,1.0,3873.0,268.03,0.07,1991.0,Unfurnished,4.0,28.0,34.0,1.0,3.0,High,Yes,Yes,"Gym, Clubhouse, Garden, Pool",West,Broker,Ready_to_Move
1076.0,Madhya Pradesh,Indore,Locality_392,Property_Type,2.0,4758.0,193.54,0.04,1990.0,Furnished,27.0,30.0,35.0,10.0,7.0,Low,Yes,Yes,"Garden, Playground, Pool, Gym",North,Owner,Under_Construction
1077.0,Telangana,Warangal,Locality_366,Property_Type,2.0,2072.0,202.04,0.1,2000.0,Unfurnished,28.0,4.0,25.0,1.0,8.0,Medium,Yes,Yes,"Gym, Garden",North,Builder,Under_Construction
1078.0,West Bengal,Kolkata,Locality_170,Property_Type,2.0,3063.0,274.35,0.09,2017.0,Semi-furnished,14.0,9.0,8.0,4.0,2.0,High,No,No,"Gym, Clubhouse, Pool",North,Broker,Under_Construction
1079.0,Rajasthan,Jodhpur,Locality_162,Property_Type,5.0,3222.0,101.06,0.03,2001.0,Semi-furnished,19.0,29.0,24.0,4.0,7.0,Low,No,No,"Clubhouse, Pool, Playground, Gym, Garden",North,Builder,Under_Construction
1080.0,Assam,Silchar,Locality_13,Property_Type,3.0,4708.0,354.8,0.08,2009.0,Furnished,7.0,6.0,16.0,6.0,3.0,Low,Yes,Yes,"Clubhouse, Garden",East,Builder,Under_Construction
1081.0,Telangana,Hyderabad,Locality_483,Property_Type,4.0,4305.0,452.73,0.11,1997.0,Unfurnished,6.0,15.0,28.0,4.0,6.0,Low,No,No,"Garden, Playground",South,Owner,Ready_to_Move
1082.0,Jharkhand,Jamshedpur,Locality_316,Property_Type,3.0,2320.0,140.54,0.06,2006.0,Furnished,22.0,20.0,19.0,5.0,5.0,High,No,Yes,"Garden, Pool",South,Owner,Ready_to_Move
1083.0,Gujarat,Ahmedabad,Locality_261,Property_Type,5.0,2763.0,264.61,0.1,2008.0,Semi-furnished,28.0,13.0,17.0,5.0,6.0,High,Yes,No,"Pool, Playground, Garden, Gym, Clubhouse",North,Builder,Under_Construction
1084.0,Gujarat,Surat,Locality_161,Property_Type,2.0,520.0,386.66,0.74,2012.0,Semi-furnished,0.0,30.0,13.0,7.0,6.0,Medium,No,No,"Clubhouse, Gym, Garden, Playground",South,Builder,Under_Construction
1085.0,Gujarat,Surat,Locality_325,Property_Type,2.0,3457.0,381.27,0.11,2000.0,Furnished,8.0,25.0,25.0,9.0,3.0,High,Yes,No,"Clubhouse, Gym, Garden",South,Owner,Under_Construction
1086.0,Delhi,New Delhi,Locality_214,Property_Type,2.0,4692.0,50.06,0.01,2019.0,Unfurnished,28.0,21.0,6.0,3.0,3.0,Low,No,No,Pool,East,Broker,Ready_to_Move
1087.0,Uttarakhand,Dehradun,Locality_405,Property_Type,4.0,4287.0,32.67,0.01,1994.0,Unfurnished,4.0,10.0,31.0,1.0,2.0,Low,Yes,Yes,"Pool, Playground",East,Owner,Ready_to_Move
1088.0,Andhra Pradesh,Vishakhapatnam,Locality_243,Property_Type,2.0,865.0,389.0,0.45,2023.0,Semi-furnished,5.0,15.0,2.0,10.0,3.0,Low,Yes,No,"Pool, Playground",East,Owner,Under_Construction
1089.0,Uttarakhand,Dehradun,Locality_491,Property_Type,5.0,2269.0,248.63,0.11,2003.0,Unfurnished,1.0,7.0,22.0,4.0,7.0,Low,No,No,"Clubhouse, Garden, Playground",East,Broker,Ready_to_Move
1090.0,Rajasthan,Jaipur,Locality_212,Property_Type,2.0,4873.0,361.23,0.07,2020.0,Unfurnished,16.0,24.0,5.0,6.0,3.0,Low,Yes,Yes,"Gym, Garden, Clubhouse, Pool",South,Broker,Ready_to_Move
1091.0,Odisha,Cuttack,Locality_285,Property_Type,4.0,4316.0,339.39,0.08,1997.0,Unfurnished,23.0,17.0,28.0,2.0,7.0,High,No,Yes,"Pool, Playground, Clubhouse",East,Broker,Under_Construction
1092.0,Jharkhand,Ranchi,Locality_344,Property_Type,3.0,1737.0,371.78,0.21,1994.0,Unfurnished,28.0,2.0,31.0,9.0,8.0,Medium,No,No,"Playground, Gym",West,Builder,Ready_to_Move
1093.0,West Bengal,Kolkata,Locality_498,Property_Type,5.0,3170.0,291.04,0.09,1993.0,Furnished,5.0,11.0,32.0,7.0,1.0,Low,Yes,Yes,Clubhouse,West,Builder,Ready_to_Move
1094.0,Rajasthan,Jaipur,Locality_463,Property_Type,5.0,2631.0,230.86,0.09,2008.0,Unfurnished,15.0,14.0,17.0,4.0,1.0,High,No,Yes,"Gym, Clubhouse, Garden, Playground",West,Owner,Ready_to_Move
1095.0,Bihar,Patna,Locality_434,Property_Type,1.0,3953.0,298.4,0.08,2003.0,Semi-furnished,12.0,4.0,22.0,2.0,8.0,High,Yes,Yes,"Playground, Garden, Pool, Clubhouse, Gym",East,Builder,Ready_to_Move
1096.0,Punjab,Ludhiana,Locality_482,Property_Type,3.0,1223.0,487.41,0.4,1990.0,Semi-furnished,27.0,15.0,35.0,5.0,2.0,High,No,No,Garden,West,Builder,Ready_to_Move
1097.0,Bihar,Patna,Locality_321,Property_Type,4.0,4971.0,296.04,0.06,1999.0,Furnished,24.0,25.0,26.0,5.0,7.0,Low,No,No,"Pool, Playground",West,Builder,Under_Construction
1098.0,Punjab,Ludhiana,Locality_303,Property_Type,4.0,724.0,418.73,0.58,2014.0,Semi-furnished,1.0,3.0,11.0,7.0,1.0,Medium,Yes,No,"Clubhouse, Garden, Gym, Pool, Playground",North,Broker,Under_Construction
1099.0,Maharashtra,Pune,Locality_319,Property_Type,1.0,4426.0,140.97,0.03,2000.0,Unfurnished,14.0,6.0,25.0,5.0,1.0,High,Yes,No,"Clubhouse, Garden",West,Owner,Under_Construction
1100.0,Bihar,Patna,Locality_24,Property_Type,5.0,4902.0,203.96,0.04,2009.0,Unfurnished,22.0,11.0,16.0,5.0,8.0,High,Yes,Yes,"Garden, Clubhouse, Playground",South,Builder,Under_Construction
1101.0,Kerala,Kochi,Locality_408,Property_Type,4.0,2762.0,495.65,0.18,2004.0,Semi-furnished,18.0,26.0,21.0,10.0,5.0,Medium,Yes,Yes,"Clubhouse, Gym, Playground",West,Owner,Ready_to_Move
1102.0,Chhattisgarh,Bilaspur,Locality_123,Property_Type,4.0,1724.0,49.12,0.03,1995.0,Furnished,25.0,20.0,30.0,5.0,7.0,Medium,Yes,No,"Pool, Playground",South,Builder,Under_Construction
1103.0,Gujarat,Ahmedabad,Locality_349,Property_Type,5.0,2103.0,455.51,0.22,2020.0,Semi-furnished,26.0,19.0,5.0,6.0,6.0,Medium,No,Yes,Garden,South,Broker,Under_Construction
1104.0,Delhi,Dwarka,Locality_250,Property_Type,2.0,2533.0,96.14,0.04,1999.0,Unfurnished,6.0,17.0,26.0,7.0,2.0,High,Yes,Yes,"Gym, Garden, Playground, Clubhouse, Pool",South,Owner,Ready_to_Move
1105.0,Bihar,Patna,Locality_311,Property_Type,1.0,644.0,69.26,0.11,1994.0,Semi-furnished,22.0,6.0,31.0,2.0,6.0,Low,No,Yes,"Garden, Gym",South,Broker,Under_Construction
1106.0,Madhya Pradesh,Indore,Locality_500,Property_Type,4.0,1902.0,276.16,0.15,1998.0,Unfurnished,12.0,7.0,27.0,9.0,5.0,Medium,No,Yes,"Garden, Pool",North,Owner,Under_Construction
1107.0,Jharkhand,Jamshedpur,Locality_167,Property_Type,1.0,3928.0,249.21,0.06,1990.0,Unfurnished,1.0,20.0,35.0,7.0,6.0,Medium,Yes,Yes,"Gym, Playground, Pool, Clubhouse, Garden",East,Owner,Under_Construction
1108.0,Kerala,Kochi,Locality_33,Property_Type,4.0,2745.0,243.59,0.09,1993.0,Furnished,27.0,19.0,32.0,1.0,9.0,Low,Yes,Yes,"Playground, Gym, Garden",East,Broker,Under_Construction
1109.0,Telangana,Warangal,Locality_210,Property_Type,1.0,882.0,68.5,0.08,2001.0,Furnished,25.0,1.0,24.0,5.0,10.0,Medium,No,No,"Gym, Garden, Playground",East,Owner,Ready_to_Move
1110.0,Punjab,Ludhiana,Locality_141,Property_Type,1.0,3851.0,234.44,0.06,2014.0,Furnished,11.0,7.0,11.0,8.0,1.0,Medium,Yes,No,Clubhouse,North,Broker,Under_Construction
1111.0,Bihar,Gaya,Locality_110,Property_Type,2.0,1489.0,126.53,0.08,2012.0,Unfurnished,25.0,5.0,13.0,6.0,5.0,High,No,No,"Gym, Garden, Clubhouse, Pool, Playground",East,Builder,Ready_to_Move
1112.0,Kerala,Kochi,Locality_344,Property_Type,5.0,2802.0,77.74,0.03,1993.0,Unfurnished,18.0,28.0,32.0,9.0,9.0,Low,No,Yes,Gym,North,Builder,Ready_to_Move
1113.0,Uttar Pradesh,Lucknow,Locality_62,Property_Type,4.0,4664.0,437.74,0.09,2003.0,Semi-furnished,29.0,3.0,22.0,2.0,5.0,Low,Yes,Yes,"Clubhouse, Garden, Pool, Gym, Playground",West,Broker,Ready_to_Move
1114.0,Andhra Pradesh,Vijayawada,Locality_102,Property_Type,3.0,1353.0,11.78,0.01,2017.0,Unfurnished,6.0,1.0,8.0,4.0,5.0,High,No,No,Clubhouse,West,Broker,Under_Construction
1115.0,Odisha,Bhubaneswar,Locality_424,Property_Type,1.0,4805.0,229.1,0.05,2017.0,Semi-furnished,29.0,21.0,8.0,10.0,4.0,Medium,No,No,"Gym, Garden, Playground, Clubhouse, Pool",East,Owner,Ready_to_Move
1116.0,Tamil Nadu,Coimbatore,Locality_342,Property_Type,2.0,1606.0,487.11,0.3,2009.0,Semi-furnished,1.0,2.0,16.0,5.0,2.0,High,No,Yes,"Garden, Gym, Clubhouse, Pool",North,Builder,Ready_to_Move
1117.0,Rajasthan,Jodhpur,Locality_124,Property_Type,1.0,4213.0,278.73,0.07,2002.0,Semi-furnished,2.0,5.0,23.0,1.0,8.0,High,Yes,Yes,Clubhouse,South,Builder,Under_Construction
1118.0,Andhra Pradesh,Vishakhapatnam,Locality_224,Property_Type,1.0,661.0,210.99,0.32,2016.0,Semi-furnished,16.0,10.0,9.0,3.0,9.0,Low,Yes,Yes,"Clubhouse, Garden, Playground, Pool",North,Broker,Under_Construction
1119.0,Jharkhand,Ranchi,Locality_281,Property_Type,2.0,3573.0,392.55,0.11,1994.0,Semi-furnished,10.0,16.0,31.0,8.0,6.0,Low,No,Yes,"Garden, Pool",East,Builder,Ready_to_Move
1120.0,Madhya Pradesh,Bhopal,Locality_4,Property_Type,3.0,4865.0,463.58,0.1,1995.0,Semi-furnished,22.0,25.0,30.0,9.0,2.0,Medium,Yes,No,"Garden, Gym, Clubhouse",North,Broker,Under_Construction
1121.0,Jharkhand,Ranchi,Locality_350,Property_Type,1.0,4336.0,345.93,0.08,2021.0,Unfurnished,7.0,22.0,4.0,4.0,3.0,Medium,Yes,No,"Garden, Gym, Playground, Clubhouse",West,Builder,Under_Construction
1122.0,Kerala,Kochi,Locality_271,Property_Type,5.0,3960.0,64.75,0.02,2018.0,Furnished,14.0,5.0,7.0,2.0,7.0,Low,No,No,Garden,South,Builder,Under_Construction
1123.0,Kerala,Kochi,Locality_425,Property_Type,4.0,1166.0,255.0,0.22,1991.0,Unfurnished,24.0,10.0,34.0,1.0,10.0,Low,No,No,Pool,North,Builder,Ready_to_Move
1124.0,Maharashtra,Mumbai,Locality_393,Property_Type,4.0,4674.0,301.47,0.06,1992.0,Semi-furnished,14.0,26.0,33.0,10.0,1.0,Medium,Yes,Yes,Gym,West,Builder,Ready_to_Move
1125.0,Andhra Pradesh,Vishakhapatnam,Locality_64,Property_Type,3.0,1151.0,322.76,0.28,1998.0,Semi-furnished,15.0,21.0,27.0,7.0,3.0,Medium,No,Yes,"Garden, Gym, Pool, Clubhouse, Playground",East,Owner,Ready_to_Move
1126.0,Punjab,Ludhiana,Locality_34,Property_Type,1.0,2011.0,176.48,0.09,1999.0,Unfurnished,9.0,11.0,26.0,5.0,8.0,Medium,Yes,No,"Clubhouse, Playground, Pool",South,Owner,Under_Construction
1127.0,Maharashtra,Mumbai,Locality_395,Property_Type,4.0,3516.0,481.29,0.14,2012.0,Furnished,5.0,4.0,13.0,1.0,1.0,Low,No,No,"Pool, Clubhouse, Playground, Gym",East,Builder,Under_Construction
1128.0,Jharkhand,Jamshedpur,Locality_282,Property_Type,4.0,4064.0,256.94,0.06,2005.0,Semi-furnished,20.0,19.0,20.0,9.0,9.0,Medium,Yes,Yes,"Clubhouse, Gym, Pool, Garden",North,Builder,Ready_to_Move
1129.0,Karnataka,Bangalore,Locality_368,Property_Type,4.0,4230.0,318.3,0.08,2023.0,Furnished,11.0,15.0,2.0,8.0,3.0,Medium,Yes,No,"Garden, Playground, Clubhouse, Gym, Pool",North,Owner,Ready_to_Move
1130.0,Uttarakhand,Dehradun,Locality_401,Property_Type,2.0,2008.0,214.15,0.11,2016.0,Unfurnished,11.0,13.0,9.0,2.0,2.0,High,No,Yes,Pool,East,Broker,Ready_to_Move
1131.0,Odisha,Bhubaneswar,Locality_312,Property_Type,3.0,4882.0,350.52,0.07,2021.0,Unfurnished,7.0,26.0,4.0,1.0,9.0,Low,No,No,"Garden, Gym, Playground, Pool, Clubhouse",East,Owner,Ready_to_Move
1132.0,Kerala,Kochi,Locality_405,Property_Type,4.0,758.0,248.43,0.33,1996.0,Semi-furnished,15.0,6.0,29.0,1.0,2.0,Low,Yes,Yes,Playground,South,Broker,Ready_to_Move
1133.0,Rajasthan,Jaipur,Locality_499,Property_Type,5.0,3684.0,240.25,0.07,2010.0,Unfurnished,27.0,26.0,15.0,8.0,2.0,Low,Yes,No,"Clubhouse, Garden, Pool",East,Owner,Under_Construction
1134.0,Uttarakhand,Haridwar,Locality_290,Property_Type,4.0,4718.0,17.8,0.0,2019.0,Unfurnished,6.0,20.0,6.0,7.0,10.0,Medium,No,Yes,"Pool, Gym, Garden, Playground",South,Broker,Under_Construction
1135.0,Madhya Pradesh,Indore,Locality_349,Property_Type,1.0,2944.0,174.26,0.06,1996.0,Furnished,8.0,6.0,29.0,6.0,9.0,Low,No,No,"Playground, Clubhouse, Gym, Pool",West,Broker,Ready_to_Move
1136.0,Rajasthan,Jodhpur,Locality_126,Property_Type,1.0,1210.0,133.22,0.11,2023.0,Semi-furnished,10.0,30.0,2.0,2.0,2.0,Medium,No,Yes,"Garden, Pool, Playground, Gym, Clubhouse",South,Builder,Ready_to_Move
1137.0,Uttar Pradesh,Lucknow,Locality_389,Property_Type,4.0,3841.0,297.4,0.08,1992.0,Unfurnished,25.0,21.0,33.0,8.0,10.0,Low,No,Yes,Playground,South,Broker,Ready_to_Move
1138.0,Uttarakhand,Haridwar,Locality_9,Property_Type,3.0,856.0,99.88,0.12,2001.0,Furnished,5.0,19.0,24.0,10.0,3.0,Medium,No,No,"Garden, Gym, Pool, Clubhouse",North,Broker,Ready_to_Move
1139.0,Punjab,Amritsar,Locality_87,Property_Type,3.0,4575.0,220.92,0.05,2003.0,Furnished,7.0,26.0,22.0,1.0,9.0,High,Yes,No,"Gym, Playground",East,Owner,Ready_to_Move
1140.0,West Bengal,Durgapur,Locality_223,Property_Type,5.0,2844.0,184.14,0.06,2022.0,Semi-furnished,25.0,18.0,3.0,5.0,5.0,Low,Yes,Yes,"Clubhouse, Pool, Playground, Garden, Gym",South,Owner,Under_Construction
1141.0,Tamil Nadu,Chennai,Locality_489,Property_Type,5.0,3754.0,172.29,0.05,2009.0,Semi-furnished,28.0,3.0,16.0,4.0,10.0,Medium,No,No,"Playground, Clubhouse",North,Builder,Under_Construction
1142.0,Karnataka,Mysore,Locality_213,Property_Type,3.0,1440.0,130.57,0.09,2004.0,Semi-furnished,22.0,4.0,21.0,8.0,8.0,Low,No,No,"Garden, Pool, Playground, Gym, Clubhouse",South,Owner,Under_Construction
1143.0,Kerala,Trivandrum,Locality_402,Property_Type,3.0,4324.0,346.32,0.08,2022.0,Furnished,20.0,27.0,3.0,1.0,2.0,High,Yes,No,Gym,North,Builder,Ready_to_Move
1144.0,Bihar,Patna,Locality_164,Property_Type,2.0,1587.0,154.74,0.1,2012.0,Unfurnished,3.0,9.0,13.0,8.0,2.0,High,Yes,No,"Garden, Gym",East,Owner,Under_Construction
1145.0,Karnataka,Mangalore,Locality_54,Property_Type,5.0,3316.0,248.26,0.07,1996.0,Unfurnished,12.0,17.0,29.0,6.0,8.0,Medium,Yes,No,"Garden, Clubhouse",South,Broker,Ready_to_Move
1146.0,Jharkhand,Ranchi,Locality_477,Property_Type,2.0,2675.0,244.78,0.09,2010.0,Furnished,30.0,16.0,15.0,5.0,7.0,Low,Yes,No,"Garden, Clubhouse, Playground, Gym, Pool",North,Builder,Under_Construction
1147.0,Madhya Pradesh,Bhopal,Locality_42,Property_Type,4.0,1877.0,237.09,0.13,2013.0,Furnished,15.0,27.0,12.0,6.0,10.0,Medium,No,No,"Playground, Gym, Pool, Garden",North,Builder,Under_Construction
1148.0,West Bengal,Kolkata,Locality_186,Property_Type,4.0,676.0,233.31,0.35,2021.0,Unfurnished,1.0,6.0,4.0,3.0,7.0,High,Yes,Yes,"Playground, Pool, Clubhouse",South,Owner,Ready_to_Move
1149.0,Delhi,New Delhi,Locality_461,Property_Type,4.0,3809.0,72.78,0.02,1993.0,Semi-furnished,1.0,29.0,32.0,1.0,6.0,Low,Yes,No,"Playground, Pool, Garden",West,Owner,Under_Construction
1150.0,Kerala,Kochi,Locality_266,Property_Type,3.0,3909.0,31.1,0.01,2017.0,Semi-furnished,20.0,1.0,8.0,7.0,8.0,High,Yes,Yes,Clubhouse,West,Owner,Ready_to_Move
1151.0,Haryana,Gurgaon,Locality_469,Property_Type,4.0,732.0,486.27,0.66,2003.0,Semi-furnished,23.0,11.0,22.0,3.0,9.0,High,Yes,Yes,"Clubhouse, Playground, Garden",West,Owner,Under_Construction
1152.0,Telangana,Warangal,Locality_294,Property_Type,3.0,1353.0,386.93,0.29,2011.0,Semi-furnished,9.0,2.0,14.0,2.0,8.0,Low,No,No,"Playground, Clubhouse, Pool, Gym",West,Owner,Under_Construction
1153.0,Gujarat,Surat,Locality_168,Property_Type,2.0,3476.0,213.57,0.06,2011.0,Unfurnished,5.0,17.0,14.0,3.0,7.0,High,No,No,"Clubhouse, Gym, Pool, Garden",East,Owner,Ready_to_Move
1154.0,Uttar Pradesh,Noida,Locality_285,Property_Type,4.0,581.0,275.9,0.47,1998.0,Semi-furnished,13.0,7.0,27.0,4.0,7.0,Low,No,Yes,"Clubhouse, Gym, Playground, Garden",North,Builder,Under_Construction
1155.0,West Bengal,Kolkata,Locality_439,Property_Type,3.0,3858.0,250.41,0.06,2023.0,Unfurnished,0.0,6.0,2.0,8.0,9.0,Medium,No,Yes,"Playground, Garden",South,Broker,Under_Construction
1156.0,Chhattisgarh,Bilaspur,Locality_49,Property_Type,1.0,3325.0,114.81,0.03,2008.0,Furnished,21.0,8.0,17.0,3.0,1.0,High,Yes,Yes,"Clubhouse, Pool, Gym, Garden",South,Builder,Ready_to_Move
1157.0,Madhya Pradesh,Indore,Locality_39,Property_Type,4.0,1599.0,474.45,0.3,1996.0,Furnished,8.0,3.0,29.0,9.0,9.0,High,Yes,Yes,"Playground, Garden",North,Broker,Ready_to_Move
1158.0,Assam,Guwahati,Locality_483,Property_Type,1.0,4796.0,414.15,0.09,2014.0,Semi-furnished,25.0,22.0,11.0,5.0,7.0,High,No,Yes,"Garden, Pool",North,Owner,Ready_to_Move
1159.0,Assam,Guwahati,Locality_204,Property_Type,2.0,2108.0,140.99,0.07,2000.0,Unfurnished,22.0,25.0,25.0,1.0,8.0,High,Yes,Yes,"Gym, Playground",West,Owner,Under_Construction
1160.0,Punjab,Amritsar,Locality_218,Property_Type,2.0,2648.0,51.75,0.02,2006.0,Furnished,16.0,18.0,19.0,3.0,5.0,High,No,No,"Garden, Pool, Gym",West,Builder,Ready_to_Move
1161.0,Gujarat,Ahmedabad,Locality_286,Property_Type,1.0,1388.0,132.35,0.1,2011.0,Unfurnished,6.0,3.0,14.0,10.0,9.0,High,Yes,Yes,"Clubhouse, Garden, Playground, Pool",East,Builder,Under_Construction
1162.0,Punjab,Ludhiana,Locality_58,Property_Type,1.0,3710.0,407.11,0.11,2006.0,Semi-furnished,11.0,20.0,19.0,9.0,9.0,Medium,No,No,"Pool, Gym",West,Owner,Ready_to_Move
1163.0,Odisha,Bhubaneswar,Locality_293,Property_Type,2.0,2056.0,172.39,0.08,2006.0,Semi-furnished,14.0,7.0,19.0,8.0,10.0,Medium,Yes,No,"Garden, Clubhouse, Pool, Gym",West,Owner,Under_Construction
1164.0,Kerala,Trivandrum,Locality_219,Property_Type,2.0,1398.0,256.32,0.18,2008.0,Furnished,13.0,21.0,17.0,7.0,5.0,High,Yes,Yes,"Clubhouse, Garden, Pool, Playground",South,Builder,Ready_to_Move
1165.0,Haryana,Gurgaon,Locality_36,Property_Type,5.0,4153.0,442.21,0.11,2022.0,Unfurnished,27.0,15.0,3.0,3.0,1.0,Low,No,Yes,Playground,South,Builder,Under_Construction
1166.0,Tamil Nadu,Coimbatore,Locality_217,Property_Type,3.0,4334.0,127.26,0.03,2022.0,Unfurnished,1.0,24.0,3.0,9.0,6.0,Low,No,Yes,"Gym, Garden, Clubhouse",West,Broker,Ready_to_Move
1167.0,Bihar,Gaya,Locality_131,Property_Type,2.0,2355.0,132.44,0.06,2000.0,Unfurnished,5.0,3.0,25.0,4.0,6.0,Medium,No,No,"Pool, Garden, Gym, Playground, Clubhouse",West,Builder,Ready_to_Move
1168.0,Delhi,New Delhi,Locality_111,Property_Type,4.0,2441.0,11.38,0.0,2014.0,Furnished,2.0,6.0,11.0,2.0,4.0,Medium,Yes,Yes,"Garden, Clubhouse, Pool, Playground",North,Builder,Ready_to_Move
1169.0,West Bengal,Kolkata,Locality_161,Property_Type,5.0,788.0,201.35,0.26,2006.0,Semi-furnished,7.0,20.0,19.0,7.0,4.0,Medium,No,Yes,"Gym, Playground, Pool",South,Owner,Under_Construction
1170.0,Rajasthan,Jaipur,Locality_44,Property_Type,2.0,642.0,497.89,0.78,2021.0,Furnished,2.0,30.0,4.0,5.0,5.0,High,No,Yes,Pool,East,Owner,Under_Construction
1171.0,Andhra Pradesh,Vijayawada,Locality_487,Property_Type,5.0,3272.0,421.8,0.13,2019.0,Unfurnished,28.0,10.0,6.0,7.0,9.0,High,No,Yes,"Pool, Playground, Clubhouse",East,Owner,Ready_to_Move
1172.0,Chhattisgarh,Bilaspur,Locality_415,Property_Type,3.0,4774.0,382.32,0.08,2021.0,Furnished,11.0,8.0,4.0,10.0,1.0,Medium,No,Yes,"Clubhouse, Playground",North,Owner,Under_Construction
1173.0,Madhya Pradesh,Indore,Locality_153,Property_Type,2.0,3782.0,232.36,0.06,2017.0,Unfurnished,16.0,17.0,8.0,7.0,2.0,Medium,No,No,"Garden, Playground",West,Owner,Under_Construction
1174.0,Delhi,Dwarka,Locality_84,Property_Type,1.0,4237.0,224.23,0.05,1993.0,Furnished,1.0,5.0,32.0,9.0,1.0,Medium,Yes,Yes,"Pool, Clubhouse, Playground",North,Broker,Under_Construction
1175.0,Andhra Pradesh,Vijayawada,Locality_426,Property_Type,1.0,1561.0,435.99,0.28,2004.0,Unfurnished,20.0,13.0,21.0,7.0,8.0,Medium,Yes,No,"Garden, Gym",East,Owner,Ready_to_Move
1176.0,Maharashtra,Pune,Locality_431,Property_Type,3.0,4207.0,300.52,0.07,1995.0,Furnished,28.0,16.0,30.0,9.0,5.0,Medium,No,Yes,"Gym, Garden, Clubhouse",South,Builder,Under_Construction
1177.0,Punjab,Amritsar,Locality_231,Property_Type,5.0,3665.0,233.54,0.06,2001.0,Furnished,10.0,4.0,24.0,8.0,10.0,Medium,No,No,"Clubhouse, Gym, Pool",North,Owner,Under_Construction
1178.0,Chhattisgarh,Raipur,Locality_397,Property_Type,3.0,4171.0,118.73,0.03,2013.0,Unfurnished,29.0,25.0,12.0,9.0,1.0,Medium,No,Yes,"Pool, Gym, Garden",East,Broker,Under_Construction
1179.0,Tamil Nadu,Chennai,Locality_39,Property_Type,5.0,1543.0,198.34,0.13,2016.0,Semi-furnished,12.0,15.0,9.0,3.0,2.0,High,No,No,"Playground, Clubhouse, Garden, Pool",North,Builder,Ready_to_Move
1180.0,Bihar,Gaya,Locality_371,Property_Type,3.0,788.0,160.53,0.2,2016.0,Furnished,1.0,20.0,9.0,2.0,10.0,Medium,Yes,No,"Playground, Gym, Pool, Garden, Clubhouse",South,Owner,Under_Construction
1181.0,Madhya Pradesh,Bhopal,Locality_369,Property_Type,4.0,3441.0,322.41,0.09,2006.0,Semi-furnished,24.0,4.0,19.0,3.0,6.0,Medium,Yes,Yes,"Pool, Playground",East,Builder,Ready_to_Move
1182.0,Punjab,Amritsar,Locality_476,Property_Type,3.0,2035.0,376.24,0.18,2011.0,Semi-furnished,11.0,4.0,14.0,3.0,2.0,Low,No,No,"Pool, Clubhouse",West,Builder,Ready_to_Move
1183.0,Jharkhand,Jamshedpur,Locality_461,Property_Type,3.0,4137.0,470.48,0.11,2001.0,Furnished,13.0,13.0,24.0,8.0,7.0,Low,Yes,Yes,Pool,North,Broker,Under_Construction
1184.0,Andhra Pradesh,Vishakhapatnam,Locality_293,Property_Type,4.0,1482.0,386.62,0.26,2015.0,Furnished,14.0,3.0,10.0,8.0,5.0,Medium,Yes,Yes,"Playground, Garden, Gym, Clubhouse",North,Broker,Ready_to_Move
1185.0,Madhya Pradesh,Indore,Locality_213,Property_Type,5.0,547.0,167.74,0.31,2014.0,Unfurnished,26.0,24.0,11.0,4.0,2.0,High,Yes,No,"Garden, Clubhouse, Pool, Gym, Playground",East,Owner,Under_Construction
1186.0,Tamil Nadu,Chennai,Locality_338,Property_Type,2.0,2672.0,423.2,0.16,2021.0,Furnished,4.0,22.0,4.0,10.0,3.0,Medium,Yes,No,Garden,East,Owner,Under_Construction
1187.0,Rajasthan,Jaipur,Locality_175,Property_Type,5.0,3294.0,382.15,0.12,2017.0,Furnished,21.0,2.0,8.0,8.0,9.0,Medium,Yes,No,"Clubhouse, Garden, Gym, Pool, Playground",South,Owner,Ready_to_Move
1188.0,Odisha,Cuttack,Locality_450,Property_Type,5.0,4853.0,485.77,0.1,2003.0,Semi-furnished,21.0,23.0,22.0,10.0,10.0,High,No,No,"Playground, Gym",South,Owner,Under_Construction
1189.0,Maharashtra,Pune,Locality_329,Property_Type,2.0,3376.0,216.53,0.06,1992.0,Semi-furnished,30.0,29.0,33.0,8.0,3.0,Low,No,No,"Pool, Playground, Clubhouse",South,Owner,Under_Construction
1190.0,Uttarakhand,Haridwar,Locality_331,Property_Type,3.0,3964.0,161.92,0.04,2008.0,Unfurnished,15.0,19.0,17.0,8.0,1.0,Low,Yes,No,"Garden, Clubhouse",South,Owner,Ready_to_Move
1191.0,Chhattisgarh,Raipur,Locality_445,Property_Type,5.0,4435.0,17.74,0.0,2015.0,Unfurnished,7.0,11.0,10.0,7.0,3.0,Medium,No,No,"Pool, Clubhouse, Gym",West,Builder,Ready_to_Move
1192.0,Haryana,Gurgaon,Locality_86,Property_Type,1.0,3983.0,486.84,0.12,1999.0,Semi-furnished,12.0,13.0,26.0,2.0,6.0,High,No,Yes,"Clubhouse, Garden",South,Builder,Ready_to_Move
1193.0,Uttarakhand,Dehradun,Locality_241,Property_Type,4.0,2952.0,36.62,0.01,2016.0,Semi-furnished,20.0,25.0,9.0,2.0,8.0,Low,Yes,Yes,"Playground, Clubhouse",North,Builder,Under_Construction
1194.0,Rajasthan,Jodhpur,Locality_102,Property_Type,1.0,2320.0,421.36,0.18,2016.0,Semi-furnished,28.0,13.0,9.0,7.0,2.0,Medium,No,No,Garden,North,Broker,Ready_to_Move
1195.0,Delhi,Dwarka,Locality_103,Property_Type,3.0,2834.0,71.27,0.03,2010.0,Unfurnished,13.0,26.0,15.0,6.0,5.0,Medium,No,Yes,"Gym, Pool",West,Owner,Under_Construction
1196.0,Bihar,Patna,Locality_299,Property_Type,5.0,2575.0,463.16,0.18,2016.0,Unfurnished,6.0,15.0,9.0,8.0,10.0,Low,No,No,"Gym, Playground, Clubhouse, Pool",East,Broker,Under_Construction
1197.0,Kerala,Kochi,Locality_19,Property_Type,4.0,606.0,98.26,0.16,2014.0,Furnished,18.0,24.0,11.0,3.0,4.0,Low,Yes,Yes,"Clubhouse, Playground, Pool, Gym, Garden",North,Broker,Under_Construction
1198.0,Telangana,Warangal,Locality_378,Property_Type,1.0,3237.0,218.55,0.07,2007.0,Semi-furnished,6.0,10.0,18.0,8.0,8.0,Medium,Yes,No,"Playground, Garden, Pool, Gym, Clubhouse",South,Owner,Under_Construction
1199.0,Tamil Nadu,Coimbatore,Locality_178,Property_Type,5.0,4757.0,90.03,0.02,1998.0,Semi-furnished,0.0,10.0,27.0,4.0,10.0,Low,Yes,Yes,"Garden, Pool",East,Broker,Under_Construction
1200.0,West Bengal,Kolkata,Locality_291,Property_Type,4.0,4582.0,229.07,0.05,2010.0,Semi-furnished,6.0,10.0,15.0,4.0,9.0,Low,Yes,No,"Clubhouse, Gym, Playground, Garden",North,Broker,Ready_to_Move
1201.0,Karnataka,Mangalore,Locality_471,Property_Type,2.0,1325.0,455.3,0.34,2000.0,Semi-furnished,13.0,12.0,25.0,5.0,3.0,Low,No,Yes,"Pool, Garden, Playground, Clubhouse, Gym",North,Broker,Ready_to_Move
1202.0,Karnataka,Mangalore,Locality_181,Property_Type,2.0,1401.0,54.46,0.04,2023.0,Unfurnished,10.0,25.0,2.0,9.0,9.0,High,No,Yes,Pool,East,Broker,Ready_to_Move
1203.0,Kerala,Trivandrum,Locality_114,Property_Type,5.0,526.0,132.16,0.25,2007.0,Furnished,22.0,19.0,18.0,4.0,10.0,Low,No,Yes,"Gym, Playground",South,Broker,Ready_to_Move
1204.0,Odisha,Cuttack,Locality_101,Property_Type,5.0,3079.0,269.26,0.09,2011.0,Furnished,14.0,10.0,14.0,10.0,1.0,Medium,No,No,"Clubhouse, Garden",South,Builder,Under_Construction
1205.0,Tamil Nadu,Coimbatore,Locality_160,Property_Type,3.0,3696.0,53.14,0.01,2014.0,Semi-furnished,22.0,6.0,11.0,8.0,9.0,Low,Yes,Yes,"Pool, Playground, Garden",South,Builder,Under_Construction
1206.0,Tamil Nadu,Coimbatore,Locality_362,Property_Type,5.0,4339.0,357.93,0.08,2023.0,Unfurnished,4.0,5.0,2.0,7.0,9.0,Medium,No,Yes,"Playground, Gym, Pool, Garden",North,Builder,Under_Construction
1207.0,Rajasthan,Jodhpur,Locality_310,Property_Type,4.0,625.0,289.46,0.46,2016.0,Furnished,29.0,20.0,9.0,2.0,4.0,High,No,Yes,Playground,West,Builder,Ready_to_Move
1208.0,Chhattisgarh,Bilaspur,Locality_432,Property_Type,1.0,1908.0,383.95,0.2,2019.0,Semi-furnished,8.0,25.0,6.0,5.0,5.0,Low,Yes,No,"Pool, Gym, Clubhouse, Garden, Playground",East,Builder,Under_Construction
1209.0,West Bengal,Durgapur,Locality_261,Property_Type,4.0,1530.0,467.49,0.31,2009.0,Unfurnished,13.0,13.0,16.0,1.0,6.0,Medium,Yes,No,"Pool, Garden",East,Broker,Ready_to_Move
1210.0,Andhra Pradesh,Vishakhapatnam,Locality_250,Property_Type,4.0,1984.0,56.93,0.03,2014.0,Unfurnished,19.0,13.0,11.0,1.0,9.0,Medium,No,Yes,"Playground, Clubhouse, Garden, Gym",East,Builder,Under_Construction
1211.0,Bihar,Gaya,Locality_120,Property_Type,1.0,2701.0,279.08,0.1,1999.0,Unfurnished,11.0,18.0,26.0,6.0,2.0,Medium,No,Yes,"Playground, Clubhouse, Garden, Pool",North,Broker,Under_Construction
1212.0,Madhya Pradesh,Bhopal,Locality_119,Property_Type,4.0,2765.0,178.25,0.06,1991.0,Furnished,25.0,23.0,34.0,9.0,10.0,High,No,No,"Gym, Garden, Playground, Pool",South,Builder,Under_Construction
1213.0,Chhattisgarh,Raipur,Locality_269,Property_Type,2.0,3279.0,167.79,0.05,2011.0,Furnished,20.0,16.0,14.0,6.0,10.0,Low,Yes,Yes,"Pool, Gym, Clubhouse, Garden, Playground",South,Builder,Ready_to_Move
1214.0,Telangana,Hyderabad,Locality_49,Property_Type,3.0,4294.0,454.45,0.11,2009.0,Unfurnished,24.0,29.0,16.0,9.0,5.0,Medium,No,No,"Pool, Gym, Garden, Playground",East,Broker,Ready_to_Move
1215.0,Jharkhand,Ranchi,Locality_349,Property_Type,3.0,1373.0,364.69,0.27,2000.0,Furnished,29.0,14.0,25.0,2.0,6.0,High,No,No,"Playground, Gym, Pool",North,Builder,Ready_to_Move
1216.0,West Bengal,Kolkata,Locality_447,Property_Type,1.0,2146.0,219.21,0.1,2001.0,Semi-furnished,30.0,17.0,24.0,1.0,10.0,High,Yes,Yes,"Garden, Pool, Clubhouse, Playground, Gym",West,Broker,Under_Construction
1217.0,Telangana,Hyderabad,Locality_488,Property_Type,5.0,3962.0,261.69,0.07,1996.0,Furnished,26.0,4.0,29.0,10.0,8.0,Medium,No,No,"Playground, Gym, Garden",West,Broker,Ready_to_Move
1218.0,Tamil Nadu,Coimbatore,Locality_448,Property_Type,2.0,2875.0,110.19,0.04,2020.0,Furnished,8.0,16.0,5.0,1.0,6.0,High,Yes,Yes,Playground,West,Builder,Ready_to_Move
1219.0,Odisha,Cuttack,Locality_256,Property_Type,4.0,3193.0,389.36,0.12,1994.0,Semi-furnished,14.0,9.0,31.0,1.0,5.0,Medium,Yes,Yes,"Playground, Pool, Garden",North,Broker,Under_Construction
1220.0,Uttarakhand,Haridwar,Locality_164,Property_Type,1.0,1307.0,183.11,0.14,1994.0,Furnished,23.0,25.0,31.0,6.0,5.0,Medium,No,Yes,"Pool, Playground, Garden, Gym, Clubhouse",South,Builder,Ready_to_Move
1221.0,Telangana,Warangal,Locality_381,Property_Type,2.0,2147.0,35.11,0.02,1992.0,Furnished,8.0,16.0,33.0,6.0,8.0,Medium,No,Yes,"Garden, Gym, Clubhouse",West,Broker,Ready_to_Move
1222.0,Punjab,Ludhiana,Locality_102,Property_Type,1.0,4832.0,255.72,0.05,2007.0,Furnished,5.0,14.0,18.0,7.0,8.0,Medium,No,No,"Garden, Clubhouse, Pool, Gym, Playground",North,Broker,Ready_to_Move
1223.0,Karnataka,Mangalore,Locality_145,Property_Type,1.0,1603.0,372.46,0.23,2012.0,Semi-furnished,12.0,7.0,13.0,2.0,7.0,Medium,Yes,No,"Pool, Gym, Clubhouse, Garden, Playground",East,Broker,Under_Construction
1224.0,Madhya Pradesh,Indore,Locality_197,Property_Type,5.0,4517.0,301.34,0.07,2022.0,Unfurnished,0.0,27.0,3.0,3.0,3.0,Low,Yes,Yes,"Clubhouse, Gym, Pool",North,Builder,Under_Construction
1225.0,Uttar Pradesh,Lucknow,Locality_124,Property_Type,5.0,3612.0,344.82,0.1,2017.0,Unfurnished,11.0,12.0,8.0,1.0,10.0,Medium,Yes,Yes,"Playground, Pool, Garden",West,Owner,Ready_to_Move
1226.0,Bihar,Gaya,Locality_441,Property_Type,5.0,3722.0,468.59,0.13,2022.0,Semi-furnished,25.0,23.0,3.0,4.0,6.0,Low,Yes,No,"Garden, Playground, Gym, Pool, Clubhouse",North,Owner,Under_Construction
1227.0,Bihar,Gaya,Locality_490,Property_Type,4.0,2230.0,86.04,0.04,2007.0,Furnished,16.0,19.0,18.0,9.0,6.0,Low,No,Yes,"Garden, Playground",East,Broker,Ready_to_Move
1228.0,Rajasthan,Jodhpur,Locality_410,Property_Type,1.0,4249.0,337.63,0.08,2007.0,Semi-furnished,30.0,18.0,18.0,6.0,5.0,Low,No,Yes,"Garden, Playground, Pool, Gym, Clubhouse",East,Builder,Under_Construction
1229.0,Madhya Pradesh,Bhopal,Locality_398,Property_Type,4.0,4888.0,167.5,0.03,2023.0,Furnished,3.0,27.0,2.0,5.0,8.0,Medium,No,No,"Playground, Pool, Garden, Gym",West,Broker,Under_Construction
1230.0,Tamil Nadu,Coimbatore,Locality_477,Property_Type,5.0,4426.0,305.39,0.07,2008.0,Semi-furnished,22.0,21.0,17.0,8.0,8.0,Medium,Yes,No,"Garden, Clubhouse, Pool, Gym",West,Builder,Under_Construction
1231.0,Madhya Pradesh,Bhopal,Locality_336,Property_Type,5.0,4818.0,361.28,0.07,2013.0,Semi-furnished,25.0,21.0,12.0,8.0,5.0,Low,Yes,Yes,"Gym, Garden, Clubhouse, Playground",North,Builder,Under_Construction
1232.0,Chhattisgarh,Bilaspur,Locality_52,Property_Type,2.0,2316.0,331.81,0.14,2004.0,Unfurnished,25.0,11.0,21.0,1.0,9.0,Medium,No,Yes,"Gym, Clubhouse, Pool, Playground",North,Broker,Under_Construction
1233.0,Madhya Pradesh,Indore,Locality_249,Property_Type,2.0,2003.0,310.81,0.16,2005.0,Unfurnished,4.0,25.0,20.0,5.0,6.0,High,No,No,"Clubhouse, Pool",East,Owner,Under_Construction
1234.0,Karnataka,Bangalore,Locality_489,Property_Type,1.0,1037.0,193.8,0.19,2007.0,Furnished,21.0,19.0,18.0,6.0,6.0,High,No,Yes,"Garden, Pool",South,Broker,Under_Construction
1235.0,Andhra Pradesh,Vishakhapatnam,Locality_452,Property_Type,2.0,665.0,11.46,0.02,1993.0,Furnished,21.0,6.0,32.0,3.0,7.0,Low,Yes,No,"Gym, Playground, Pool, Clubhouse, Garden",South,Broker,Under_Construction
1236.0,Punjab,Amritsar,Locality_393,Property_Type,4.0,815.0,115.23,0.14,2019.0,Unfurnished,1.0,19.0,6.0,1.0,5.0,High,Yes,Yes,Gym,North,Broker,Ready_to_Move
1237.0,Uttar Pradesh,Noida,Locality_174,Property_Type,3.0,3746.0,423.41,0.11,1995.0,Furnished,27.0,18.0,30.0,3.0,1.0,High,No,No,Pool,North,Owner,Under_Construction
1238.0,Tamil Nadu,Chennai,Locality_233,Property_Type,1.0,2937.0,83.18,0.03,2004.0,Unfurnished,30.0,30.0,21.0,9.0,2.0,Low,Yes,No,"Clubhouse, Gym, Garden, Pool, Playground",East,Builder,Under_Construction
1239.0,Bihar,Gaya,Locality_244,Property_Type,3.0,4293.0,24.57,0.01,2000.0,Semi-furnished,0.0,25.0,25.0,4.0,2.0,Low,No,No,"Clubhouse, Garden, Pool, Playground",West,Builder,Under_Construction
1240.0,Delhi,Dwarka,Locality_391,Property_Type,5.0,1296.0,210.61,0.16,2001.0,Furnished,23.0,14.0,24.0,9.0,4.0,High,No,Yes,"Playground, Clubhouse, Gym, Garden",West,Builder,Under_Construction
1241.0,Uttar Pradesh,Noida,Locality_495,Property_Type,4.0,3587.0,224.14,0.06,2006.0,Unfurnished,12.0,15.0,19.0,8.0,2.0,Medium,No,No,"Garden, Pool",North,Broker,Under_Construction
1242.0,Uttarakhand,Dehradun,Locality_345,Property_Type,4.0,3511.0,81.67,0.02,2011.0,Semi-furnished,25.0,27.0,14.0,2.0,5.0,High,Yes,Yes,"Pool, Clubhouse, Playground, Gym, Garden",West,Broker,Under_Construction
1243.0,Maharashtra,Pune,Locality_476,Property_Type,2.0,2749.0,43.36,0.02,2020.0,Furnished,25.0,7.0,5.0,1.0,5.0,Medium,Yes,No,"Playground, Pool, Gym, Garden, Clubhouse",West,Broker,Ready_to_Move
1244.0,Karnataka,Mangalore,Locality_251,Property_Type,4.0,3614.0,358.07,0.1,2010.0,Unfurnished,19.0,29.0,15.0,10.0,6.0,Low,Yes,No,"Playground, Pool, Clubhouse, Gym, Garden",East,Builder,Ready_to_Move
1245.0,Haryana,Faridabad,Locality_359,Property_Type,4.0,1119.0,387.15,0.35,1996.0,Semi-furnished,8.0,16.0,29.0,2.0,3.0,Medium,No,No,"Clubhouse, Playground, Pool",North,Builder,Under_Construction
1246.0,Rajasthan,Jodhpur,Locality_232,Property_Type,5.0,4891.0,78.24,0.02,2002.0,Unfurnished,19.0,24.0,23.0,8.0,8.0,Medium,No,No,Garden,East,Broker,Under_Construction
1247.0,West Bengal,Kolkata,Locality_188,Property_Type,1.0,4096.0,489.43,0.12,2013.0,Furnished,16.0,23.0,12.0,4.0,6.0,Medium,Yes,No,"Playground, Clubhouse, Garden",North,Broker,Ready_to_Move
1248.0,Jharkhand,Jamshedpur,Locality_139,Property_Type,3.0,2265.0,298.89,0.13,2017.0,Unfurnished,19.0,17.0,8.0,8.0,5.0,Medium,No,No,"Pool, Gym",East,Builder,Under_Construction
1249.0,Uttar Pradesh,Lucknow,Locality_101,Property_Type,5.0,722.0,37.17,0.05,2004.0,Unfurnished,11.0,23.0,21.0,5.0,6.0,Medium,Yes,No,"Playground, Gym, Garden, Clubhouse, Pool",North,Builder,Ready_to_Move
1250.0,Delhi,New Delhi,Locality_40,Property_Type,3.0,1533.0,277.87,0.18,1992.0,Semi-furnished,18.0,20.0,33.0,8.0,3.0,High,No,No,"Playground, Garden, Pool, Gym",West,Owner,Under_Construction
1251.0,Chhattisgarh,Raipur,Locality_295,Property_Type,4.0,594.0,468.42,0.79,2013.0,Unfurnished,18.0,16.0,12.0,10.0,7.0,Medium,No,Yes,"Playground, Clubhouse, Pool",North,Broker,Ready_to_Move
1252.0,Uttar Pradesh,Lucknow,Locality_332,Property_Type,4.0,1840.0,451.72,0.25,2015.0,Semi-furnished,14.0,10.0,10.0,3.0,6.0,High,No,No,"Playground, Clubhouse, Pool",East,Broker,Ready_to_Move
1253.0,Jharkhand,Jamshedpur,Locality_119,Property_Type,5.0,4751.0,65.39,0.01,2013.0,Unfurnished,29.0,3.0,12.0,2.0,3.0,High,No,No,"Playground, Clubhouse, Pool, Garden, Gym",East,Owner,Under_Construction
1254.0,Uttar Pradesh,Lucknow,Locality_88,Property_Type,2.0,1350.0,415.32,0.31,2019.0,Unfurnished,6.0,2.0,6.0,8.0,2.0,Low,Yes,Yes,"Playground, Clubhouse",South,Broker,Ready_to_Move
1255.0,Rajasthan,Jaipur,Locality_372,Property_Type,4.0,4696.0,268.26,0.06,2022.0,Furnished,20.0,26.0,3.0,3.0,10.0,Medium,Yes,Yes,Clubhouse,East,Owner,Under_Construction
1256.0,Haryana,Gurgaon,Locality_19,Property_Type,4.0,4750.0,141.14,0.03,2022.0,Semi-furnished,21.0,2.0,3.0,7.0,5.0,High,Yes,Yes,Clubhouse,South,Owner,Ready_to_Move
1257.0,West Bengal,Kolkata,Locality_162,Property_Type,2.0,4473.0,448.56,0.1,2000.0,Semi-furnished,0.0,14.0,25.0,8.0,6.0,High,Yes,Yes,"Pool, Playground, Garden, Gym, Clubhouse",South,Broker,Ready_to_Move
1258.0,Uttarakhand,Haridwar,Locality_111,Property_Type,2.0,3004.0,48.18,0.02,2018.0,Furnished,27.0,26.0,7.0,10.0,5.0,Medium,Yes,Yes,"Gym, Clubhouse, Garden, Pool",West,Owner,Ready_to_Move
1259.0,Maharashtra,Nagpur,Locality_186,Property_Type,5.0,4376.0,56.84,0.01,2004.0,Semi-furnished,22.0,25.0,21.0,1.0,4.0,Low,No,No,"Garden, Gym, Pool, Playground",West,Owner,Ready_to_Move
1260.0,Punjab,Amritsar,Locality_96,Property_Type,1.0,3008.0,246.02,0.08,1994.0,Furnished,27.0,16.0,31.0,10.0,3.0,Medium,No,No,"Gym, Playground, Pool, Garden",North,Broker,Ready_to_Move
1261.0,West Bengal,Kolkata,Locality_312,Property_Type,5.0,1351.0,208.17,0.15,2015.0,Semi-furnished,13.0,10.0,10.0,2.0,8.0,High,No,No,"Playground, Clubhouse, Garden, Gym",East,Broker,Ready_to_Move
1262.0,West Bengal,Kolkata,Locality_9,Property_Type,4.0,3994.0,460.23,0.12,2023.0,Unfurnished,20.0,15.0,2.0,3.0,5.0,Medium,Yes,Yes,"Playground, Gym, Clubhouse, Pool",South,Builder,Under_Construction
1263.0,Chhattisgarh,Raipur,Locality_363,Property_Type,3.0,4454.0,165.12,0.04,2012.0,Semi-furnished,6.0,24.0,13.0,3.0,3.0,High,Yes,Yes,"Gym, Garden, Playground",East,Broker,Under_Construction
1264.0,Punjab,Ludhiana,Locality_145,Property_Type,5.0,585.0,181.01,0.31,2010.0,Unfurnished,18.0,14.0,15.0,10.0,9.0,High,No,No,Playground,East,Broker,Under_Construction
1265.0,Gujarat,Surat,Locality_412,Property_Type,5.0,1270.0,262.54,0.21,2012.0,Semi-furnished,21.0,1.0,13.0,7.0,1.0,High,Yes,Yes,"Garden, Clubhouse, Playground",East,Owner,Under_Construction
1266.0,Tamil Nadu,Chennai,Locality_66,Property_Type,4.0,3669.0,173.92,0.05,1992.0,Semi-furnished,23.0,18.0,33.0,8.0,8.0,Low,Yes,Yes,"Garden, Pool, Playground, Clubhouse",West,Owner,Ready_to_Move
1267.0,Maharashtra,Mumbai,Locality_100,Property_Type,3.0,2602.0,39.63,0.02,1998.0,Furnished,30.0,18.0,27.0,5.0,6.0,Low,Yes,No,"Pool, Gym, Playground, Clubhouse, Garden",North,Builder,Ready_to_Move
1268.0,West Bengal,Kolkata,Locality_434,Property_Type,1.0,4950.0,141.77,0.03,2005.0,Unfurnished,29.0,13.0,20.0,5.0,1.0,Medium,Yes,Yes,"Playground, Gym, Pool, Clubhouse, Garden",North,Builder,Ready_to_Move
1269.0,Maharashtra,Mumbai,Locality_10,Property_Type,4.0,4485.0,38.48,0.01,2021.0,Furnished,8.0,3.0,4.0,8.0,9.0,High,No,No,"Pool, Clubhouse",East,Owner,Ready_to_Move
1270.0,Madhya Pradesh,Bhopal,Locality_87,Property_Type,4.0,2659.0,263.27,0.1,2022.0,Unfurnished,10.0,17.0,3.0,5.0,9.0,High,Yes,No,"Clubhouse, Garden, Gym, Playground, Pool",North,Builder,Under_Construction
1271.0,Rajasthan,Jaipur,Locality_340,Property_Type,1.0,4485.0,370.99,0.08,1993.0,Unfurnished,15.0,10.0,32.0,5.0,7.0,Low,No,Yes,"Pool, Garden",East,Owner,Under_Construction
1272.0,Jharkhand,Ranchi,Locality_154,Property_Type,1.0,2493.0,52.2,0.02,1997.0,Unfurnished,3.0,12.0,28.0,5.0,3.0,Low,Yes,Yes,Pool,North,Owner,Ready_to_Move
1273.0,Haryana,Faridabad,Locality_477,Property_Type,2.0,4735.0,75.01,0.02,2014.0,Unfurnished,25.0,26.0,11.0,2.0,7.0,High,No,Yes,"Garden, Gym, Pool, Clubhouse, Playground",West,Owner,Ready_to_Move
1274.0,Maharashtra,Pune,Locality_41,Property_Type,2.0,3731.0,320.82,0.09,2002.0,Semi-furnished,9.0,3.0,23.0,8.0,9.0,Low,No,No,Garden,South,Broker,Under_Construction
1275.0,Gujarat,Ahmedabad,Locality_449,Property_Type,5.0,1035.0,198.79,0.19,1994.0,Unfurnished,22.0,21.0,31.0,1.0,1.0,High,No,No,"Clubhouse, Gym, Playground, Garden",South,Owner,Ready_to_Move
1276.0,Punjab,Ludhiana,Locality_36,Property_Type,5.0,582.0,478.27,0.82,2017.0,Semi-furnished,16.0,15.0,8.0,9.0,9.0,Low,No,Yes,"Pool, Gym, Clubhouse",South,Owner,Under_Construction
1277.0,Karnataka,Mysore,Locality_496,Property_Type,2.0,3558.0,478.61,0.13,2006.0,Unfurnished,24.0,7.0,19.0,10.0,1.0,Medium,Yes,Yes,Pool,East,Broker,Ready_to_Move
1278.0,West Bengal,Kolkata,Locality_230,Property_Type,4.0,1270.0,302.36,0.24,2023.0,Unfurnished,10.0,1.0,2.0,7.0,4.0,High,No,No,"Gym, Garden, Clubhouse, Playground",West,Builder,Ready_to_Move
1279.0,Telangana,Hyderabad,Locality_250,Property_Type,2.0,3846.0,487.41,0.13,2011.0,Semi-furnished,13.0,13.0,14.0,9.0,9.0,High,No,Yes,"Garden, Clubhouse, Playground, Pool, Gym",North,Owner,Under_Construction
1280.0,Assam,Silchar,Locality_317,Property_Type,1.0,3876.0,327.86,0.08,2023.0,Unfurnished,26.0,19.0,2.0,2.0,7.0,Low,Yes,Yes,"Pool, Garden",North,Owner,Under_Construction
1281.0,Tamil Nadu,Coimbatore,Locality_17,Property_Type,4.0,2239.0,364.32,0.16,2013.0,Unfurnished,29.0,18.0,12.0,8.0,3.0,Low,Yes,Yes,"Garden, Clubhouse, Pool",North,Owner,Under_Construction
1282.0,Delhi,Dwarka,Locality_163,Property_Type,4.0,1635.0,455.36,0.28,2001.0,Unfurnished,5.0,12.0,24.0,3.0,1.0,Medium,No,Yes,"Clubhouse, Pool, Playground, Gym, Garden",West,Broker,Ready_to_Move
1283.0,Odisha,Bhubaneswar,Locality_500,Property_Type,3.0,3084.0,159.86,0.05,2008.0,Semi-furnished,6.0,16.0,17.0,10.0,1.0,Medium,Yes,Yes,Gym,South,Owner,Under_Construction
1284.0,Bihar,Gaya,Locality_156,Property_Type,5.0,1753.0,88.06,0.05,2021.0,Unfurnished,22.0,17.0,4.0,2.0,2.0,High,No,No,"Gym, Playground",East,Builder,Ready_to_Move
1285.0,Madhya Pradesh,Indore,Locality_292,Property_Type,1.0,657.0,173.51,0.26,2000.0,Semi-furnished,30.0,24.0,25.0,2.0,8.0,Low,Yes,Yes,"Playground, Garden, Pool, Gym, Clubhouse",East,Broker,Ready_to_Move
1286.0,Assam,Guwahati,Locality_258,Property_Type,2.0,3000.0,484.97,0.16,1991.0,Semi-furnished,20.0,29.0,34.0,3.0,6.0,High,Yes,No,"Playground, Pool",West,Owner,Ready_to_Move
1287.0,Jharkhand,Jamshedpur,Locality_439,Property_Type,1.0,636.0,449.14,0.71,2012.0,Unfurnished,30.0,2.0,13.0,4.0,8.0,Medium,Yes,Yes,"Gym, Pool",South,Builder,Under_Construction
1288.0,Tamil Nadu,Coimbatore,Locality_478,Property_Type,4.0,3712.0,459.65,0.12,1994.0,Furnished,12.0,2.0,31.0,10.0,4.0,Medium,Yes,Yes,Garden,West,Broker,Ready_to_Move
1289.0,Bihar,Patna,Locality_457,Property_Type,3.0,3006.0,440.23,0.15,1996.0,Semi-furnished,20.0,6.0,29.0,1.0,5.0,High,Yes,No,"Pool, Garden",East,Owner,Ready_to_Move
1290.0,Assam,Silchar,Locality_256,Property_Type,3.0,1860.0,439.16,0.24,2021.0,Unfurnished,2.0,10.0,4.0,8.0,6.0,Medium,Yes,Yes,"Clubhouse, Gym, Playground",West,Owner,Under_Construction
1291.0,Rajasthan,Jodhpur,Locality_188,Property_Type,4.0,4223.0,483.11,0.11,2007.0,Unfurnished,13.0,4.0,18.0,6.0,1.0,High,No,No,"Pool, Garden, Gym, Playground, Clubhouse",North,Builder,Under_Construction
1292.0,Uttarakhand,Haridwar,Locality_23,Property_Type,4.0,3389.0,120.48,0.04,1993.0,Unfurnished,12.0,9.0,32.0,2.0,4.0,Medium,Yes,Yes,"Pool, Gym",North,Builder,Under_Construction
1293.0,Karnataka,Mangalore,Locality_213,Property_Type,2.0,1498.0,155.45,0.1,2012.0,Unfurnished,12.0,27.0,13.0,8.0,10.0,High,No,No,"Pool, Gym, Clubhouse, Playground",East,Broker,Under_Construction
1294.0,Assam,Silchar,Locality_428,Property_Type,4.0,4879.0,190.26,0.04,1992.0,Semi-furnished,11.0,1.0,33.0,4.0,1.0,Medium,No,Yes,"Gym, Garden, Pool, Clubhouse, Playground",North,Builder,Ready_to_Move
1295.0,Kerala,Kochi,Locality_439,Property_Type,4.0,3076.0,487.98,0.16,1995.0,Unfurnished,6.0,29.0,30.0,10.0,1.0,Medium,Yes,Yes,"Playground, Gym, Pool, Garden",North,Builder,Under_Construction
1296.0,Bihar,Patna,Locality_49,Property_Type,4.0,2795.0,15.4,0.01,1993.0,Furnished,4.0,17.0,32.0,9.0,5.0,High,Yes,No,"Gym, Playground, Clubhouse",North,Broker,Ready_to_Move
1297.0,Maharashtra,Mumbai,Locality_262,Property_Type,2.0,4224.0,427.09,0.1,2004.0,Furnished,9.0,5.0,21.0,10.0,9.0,Medium,Yes,No,Garden,South,Builder,Ready_to_Move
1298.0,Karnataka,Mangalore,Locality_408,Property_Type,5.0,4832.0,475.16,0.1,2005.0,Furnished,23.0,11.0,20.0,7.0,5.0,High,No,No,Clubhouse,North,Broker,Ready_to_Move
1299.0,Odisha,Cuttack,Locality_479,Property_Type,2.0,4513.0,393.6,0.09,2021.0,Unfurnished,15.0,19.0,4.0,2.0,9.0,High,No,No,"Clubhouse, Gym, Playground, Garden, Pool",South,Builder,Ready_to_Move
1300.0,Andhra Pradesh,Vijayawada,Locality_448,Property_Type,4.0,1829.0,72.46,0.04,2022.0,Semi-furnished,2.0,5.0,3.0,3.0,1.0,Low,No,No,"Garden, Playground, Pool",South,Broker,Under_Construction
1301.0,Telangana,Hyderabad,Locality_365,Property_Type,2.0,4716.0,260.01,0.06,2007.0,Furnished,15.0,12.0,18.0,5.0,1.0,High,No,No,"Gym, Garden, Clubhouse",South,Owner,Under_Construction
1302.0,Tamil Nadu,Chennai,Locality_434,Property_Type,2.0,1680.0,441.54,0.26,2019.0,Unfurnished,6.0,16.0,6.0,1.0,1.0,Low,No,Yes,"Pool, Clubhouse, Garden",East,Owner,Under_Construction
1303.0,Odisha,Bhubaneswar,Locality_171,Property_Type,4.0,2328.0,447.8,0.19,2022.0,Semi-furnished,13.0,23.0,3.0,2.0,7.0,Low,Yes,No,"Gym, Playground",North,Broker,Under_Construction
1304.0,Bihar,Gaya,Locality_251,Property_Type,4.0,4492.0,84.01,0.02,2018.0,Semi-furnished,10.0,24.0,7.0,2.0,8.0,Medium,Yes,No,"Playground, Garden",North,Builder,Under_Construction
1305.0,Delhi,New Delhi,Locality_173,Property_Type,4.0,1070.0,139.54,0.13,1990.0,Semi-furnished,22.0,1.0,35.0,1.0,3.0,High,Yes,Yes,"Playground, Garden, Clubhouse",North,Owner,Under_Construction
1306.0,Delhi,Dwarka,Locality_62,Property_Type,3.0,3200.0,103.75,0.03,1991.0,Semi-furnished,2.0,8.0,34.0,6.0,2.0,High,No,No,"Pool, Playground, Garden, Clubhouse",North,Broker,Ready_to_Move
1307.0,Haryana,Gurgaon,Locality_148,Property_Type,5.0,812.0,459.16,0.57,2020.0,Semi-furnished,18.0,2.0,5.0,6.0,1.0,Low,No,No,"Garden, Pool",South,Owner,Ready_to_Move
1308.0,Uttarakhand,Haridwar,Locality_265,Property_Type,1.0,972.0,201.67,0.21,2013.0,Semi-furnished,22.0,13.0,12.0,6.0,7.0,Low,No,No,"Clubhouse, Playground, Gym, Garden",North,Owner,Ready_to_Move
1309.0,West Bengal,Kolkata,Locality_100,Property_Type,5.0,4774.0,352.53,0.07,2015.0,Semi-furnished,24.0,17.0,10.0,1.0,2.0,High,No,Yes,"Garden, Playground",East,Builder,Ready_to_Move
1310.0,Delhi,Dwarka,Locality_406,Property_Type,1.0,3566.0,467.07,0.13,1998.0,Unfurnished,25.0,12.0,27.0,9.0,1.0,Low,Yes,No,Pool,South,Builder,Ready_to_Move
1311.0,West Bengal,Kolkata,Locality_476,Property_Type,4.0,504.0,365.24,0.72,1997.0,Semi-furnished,29.0,15.0,28.0,1.0,6.0,Low,Yes,Yes,"Playground, Gym, Clubhouse, Pool, Garden",North,Owner,Ready_to_Move
1312.0,Punjab,Amritsar,Locality_59,Property_Type,5.0,2629.0,421.19,0.16,2014.0,Semi-furnished,5.0,7.0,11.0,7.0,10.0,Medium,No,No,"Pool, Gym, Clubhouse, Garden, Playground",East,Broker,Under_Construction
1313.0,Uttarakhand,Dehradun,Locality_19,Property_Type,2.0,4653.0,158.19,0.03,1995.0,Semi-furnished,5.0,13.0,30.0,1.0,1.0,High,No,No,"Garden, Clubhouse",South,Broker,Under_Construction
1314.0,Jharkhand,Jamshedpur,Locality_136,Property_Type,2.0,1531.0,194.28,0.13,2018.0,Semi-furnished,10.0,6.0,7.0,9.0,8.0,Medium,No,Yes,"Playground, Garden, Pool",East,Broker,Under_Construction
1315.0,Chhattisgarh,Bilaspur,Locality_140,Property_Type,4.0,2023.0,451.38,0.22,2010.0,Unfurnished,10.0,22.0,15.0,2.0,1.0,High,No,Yes,"Gym, Clubhouse, Playground, Garden",East,Owner,Under_Construction
1316.0,Haryana,Faridabad,Locality_228,Property_Type,4.0,2669.0,76.99,0.03,2023.0,Unfurnished,17.0,4.0,2.0,8.0,5.0,Low,Yes,Yes,"Gym, Clubhouse, Playground",North,Builder,Ready_to_Move
1317.0,Andhra Pradesh,Vishakhapatnam,Locality_417,Property_Type,3.0,1574.0,129.79,0.08,2008.0,Furnished,29.0,27.0,17.0,10.0,7.0,Low,Yes,Yes,"Garden, Gym, Playground, Pool",South,Owner,Under_Construction
1318.0,Uttarakhand,Dehradun,Locality_60,Property_Type,1.0,2625.0,213.0,0.08,2010.0,Semi-furnished,28.0,19.0,15.0,8.0,9.0,Medium,No,Yes,Clubhouse,North,Broker,Under_Construction
1319.0,Assam,Guwahati,Locality_135,Property_Type,2.0,4657.0,136.07,0.03,1998.0,Unfurnished,14.0,10.0,27.0,10.0,7.0,Medium,Yes,No,"Pool, Playground, Gym",South,Owner,Under_Construction
1320.0,Kerala,Kochi,Locality_345,Property_Type,5.0,1508.0,108.41,0.07,2009.0,Semi-furnished,20.0,10.0,16.0,9.0,2.0,Low,Yes,Yes,"Playground, Clubhouse, Garden",West,Builder,Under_Construction
1321.0,Bihar,Patna,Locality_368,Property_Type,3.0,2464.0,119.47,0.05,2014.0,Furnished,4.0,14.0,11.0,7.0,8.0,Low,No,Yes,Pool,East,Broker,Under_Construction
1322.0,Assam,Silchar,Locality_313,Property_Type,2.0,4320.0,309.41,0.07,2022.0,Unfurnished,23.0,28.0,3.0,8.0,2.0,High,Yes,Yes,"Playground, Clubhouse, Garden, Pool, Gym",East,Owner,Ready_to_Move
1323.0,Uttarakhand,Haridwar,Locality_413,Property_Type,5.0,756.0,257.43,0.34,1996.0,Unfurnished,7.0,7.0,29.0,9.0,10.0,Medium,No,Yes,"Pool, Playground, Garden, Clubhouse",North,Broker,Under_Construction
1324.0,Telangana,Warangal,Locality_99,Property_Type,5.0,723.0,15.24,0.02,2010.0,Semi-furnished,16.0,22.0,15.0,6.0,6.0,Low,Yes,Yes,"Clubhouse, Playground, Pool, Gym",South,Builder,Under_Construction
1325.0,Tamil Nadu,Chennai,Locality_368,Property_Type,1.0,3871.0,186.35,0.05,2021.0,Unfurnished,28.0,27.0,4.0,3.0,6.0,Low,Yes,No,"Playground, Gym, Pool, Garden",West,Builder,Ready_to_Move
1326.0,Tamil Nadu,Chennai,Locality_203,Property_Type,5.0,4306.0,399.13,0.09,2020.0,Semi-furnished,12.0,13.0,5.0,5.0,3.0,Low,No,No,"Garden, Gym, Playground",North,Owner,Ready_to_Move
1327.0,Chhattisgarh,Bilaspur,Locality_303,Property_Type,1.0,597.0,366.33,0.61,2004.0,Semi-furnished,1.0,22.0,21.0,9.0,9.0,Low,Yes,Yes,"Playground, Garden, Clubhouse",East,Owner,Under_Construction
1328.0,Uttar Pradesh,Noida,Locality_175,Property_Type,3.0,1306.0,239.69,0.18,1991.0,Furnished,12.0,4.0,34.0,1.0,1.0,High,Yes,Yes,"Gym, Garden, Playground, Pool",East,Builder,Ready_to_Move
1329.0,Telangana,Hyderabad,Locality_343,Property_Type,4.0,3634.0,168.96,0.05,1999.0,Unfurnished,13.0,12.0,26.0,5.0,7.0,Low,Yes,Yes,"Clubhouse, Pool, Garden",South,Owner,Ready_to_Move
1330.0,Bihar,Gaya,Locality_11,Property_Type,3.0,1850.0,47.8,0.03,1999.0,Furnished,26.0,11.0,26.0,6.0,7.0,Low,Yes,Yes,Garden,North,Builder,Under_Construction
1331.0,Rajasthan,Jodhpur,Locality_339,Property_Type,4.0,3972.0,389.58,0.1,1992.0,Furnished,25.0,16.0,33.0,6.0,10.0,High,Yes,No,"Pool, Clubhouse, Garden, Gym, Playground",South,Builder,Ready_to_Move
1332.0,Telangana,Hyderabad,Locality_378,Property_Type,4.0,629.0,328.32,0.52,2019.0,Furnished,15.0,1.0,6.0,8.0,6.0,Low,No,Yes,Garden,East,Broker,Ready_to_Move
1333.0,Haryana,Faridabad,Locality_174,Property_Type,5.0,4982.0,401.11,0.08,1999.0,Semi-furnished,7.0,14.0,26.0,7.0,9.0,Low,Yes,No,"Garden, Clubhouse, Pool, Playground, Gym",North,Builder,Ready_to_Move
1334.0,Bihar,Gaya,Locality_299,Property_Type,2.0,4362.0,53.39,0.01,2008.0,Unfurnished,9.0,12.0,17.0,9.0,5.0,Medium,Yes,No,Gym,South,Owner,Under_Construction
1335.0,Andhra Pradesh,Vijayawada,Locality_130,Property_Type,2.0,4273.0,38.42,0.01,2023.0,Semi-furnished,7.0,18.0,2.0,3.0,4.0,High,Yes,Yes,"Pool, Gym, Garden, Clubhouse",West,Builder,Under_Construction
1336.0,Telangana,Warangal,Locality_402,Property_Type,5.0,3853.0,96.81,0.03,1999.0,Semi-furnished,25.0,13.0,26.0,6.0,10.0,Medium,Yes,Yes,"Gym, Pool, Playground, Garden",North,Broker,Under_Construction
1337.0,Tamil Nadu,Chennai,Locality_333,Property_Type,4.0,1831.0,486.41,0.27,1992.0,Furnished,2.0,1.0,33.0,10.0,4.0,High,No,No,"Gym, Playground, Garden, Pool, Clubhouse",South,Builder,Ready_to_Move
1338.0,Haryana,Faridabad,Locality_373,Property_Type,5.0,3588.0,347.85,0.1,2000.0,Furnished,29.0,13.0,25.0,4.0,4.0,Low,No,Yes,"Gym, Pool, Clubhouse, Garden",South,Builder,Ready_to_Move
1339.0,Telangana,Hyderabad,Locality_324,Property_Type,3.0,3439.0,248.25,0.07,1995.0,Furnished,1.0,10.0,30.0,5.0,2.0,Low,No,Yes,"Pool, Garden, Playground, Gym, Clubhouse",North,Broker,Under_Construction
1340.0,Haryana,Faridabad,Locality_370,Property_Type,4.0,1344.0,318.82,0.24,2013.0,Unfurnished,29.0,22.0,12.0,9.0,8.0,High,Yes,No,Gym,South,Broker,Ready_to_Move
1341.0,Punjab,Amritsar,Locality_304,Property_Type,4.0,3054.0,402.81,0.13,2005.0,Semi-furnished,5.0,27.0,20.0,10.0,6.0,High,Yes,Yes,"Clubhouse, Gym, Pool",North,Broker,Under_Construction
1342.0,Madhya Pradesh,Bhopal,Locality_241,Property_Type,1.0,1489.0,457.36,0.31,2010.0,Semi-furnished,3.0,26.0,15.0,9.0,1.0,Medium,Yes,Yes,Garden,East,Broker,Under_Construction
1343.0,West Bengal,Kolkata,Locality_346,Property_Type,5.0,3560.0,190.91,0.05,2004.0,Semi-furnished,29.0,30.0,21.0,10.0,2.0,Low,Yes,No,"Playground, Gym",North,Owner,Under_Construction
1344.0,Odisha,Bhubaneswar,Locality_106,Property_Type,5.0,4766.0,86.77,0.02,2016.0,Unfurnished,1.0,6.0,9.0,1.0,3.0,Medium,No,Yes,"Gym, Garden",South,Broker,Ready_to_Move
1345.0,Delhi,New Delhi,Locality_464,Property_Type,2.0,2612.0,88.95,0.03,1991.0,Furnished,14.0,12.0,34.0,10.0,7.0,Medium,No,No,"Pool, Playground, Clubhouse",South,Owner,Under_Construction
1346.0,Delhi,Dwarka,Locality_477,Property_Type,1.0,3863.0,479.14,0.12,1998.0,Unfurnished,27.0,30.0,27.0,3.0,1.0,Medium,Yes,Yes,"Garden, Gym, Playground, Pool, Clubhouse",North,Builder,Ready_to_Move
1347.0,Delhi,Dwarka,Locality_84,Property_Type,5.0,2978.0,166.4,0.06,2023.0,Semi-furnished,23.0,22.0,2.0,3.0,4.0,High,Yes,Yes,"Pool, Garden, Clubhouse, Playground, Gym",East,Broker,Ready_to_Move
1348.0,Delhi,Dwarka,Locality_41,Property_Type,3.0,2528.0,33.19,0.01,1995.0,Furnished,17.0,12.0,30.0,4.0,1.0,Low,Yes,Yes,"Clubhouse, Garden, Playground, Gym, Pool",North,Builder,Ready_to_Move
1349.0,Telangana,Warangal,Locality_435,Property_Type,2.0,4314.0,155.59,0.04,2015.0,Semi-furnished,23.0,3.0,10.0,8.0,4.0,Medium,No,No,"Garden, Gym, Playground, Clubhouse",East,Broker,Under_Construction
1350.0,Tamil Nadu,Coimbatore,Locality_300,Property_Type,3.0,4160.0,448.99,0.11,2006.0,Semi-furnished,6.0,18.0,19.0,4.0,8.0,Medium,Yes,Yes,"Gym, Garden, Clubhouse",East,Owner,Ready_to_Move
1351.0,Madhya Pradesh,Indore,Locality_4,Property_Type,1.0,3992.0,388.79,0.1,2020.0,Semi-furnished,18.0,3.0,5.0,10.0,5.0,High,No,Yes,"Gym, Playground, Clubhouse, Pool",West,Owner,Ready_to_Move
1352.0,West Bengal,Durgapur,Locality_106,Property_Type,3.0,1110.0,460.58,0.41,2008.0,Semi-furnished,5.0,10.0,17.0,10.0,7.0,Medium,Yes,Yes,Playground,North,Owner,Ready_to_Move
1353.0,Chhattisgarh,Bilaspur,Locality_332,Property_Type,3.0,3245.0,235.08,0.07,2008.0,Furnished,30.0,14.0,17.0,1.0,5.0,Low,Yes,Yes,"Gym, Garden, Playground",East,Broker,Ready_to_Move
1354.0,Karnataka,Bangalore,Locality_434,Property_Type,2.0,2598.0,99.11,0.04,1996.0,Semi-furnished,3.0,14.0,29.0,1.0,3.0,High,No,Yes,"Gym, Garden, Pool, Playground, Clubhouse",South,Owner,Under_Construction
1355.0,Jharkhand,Ranchi,Locality_170,Property_Type,5.0,1913.0,175.72,0.09,1995.0,Furnished,8.0,22.0,30.0,2.0,7.0,Low,No,No,"Garden, Clubhouse, Pool, Playground, Gym",South,Builder,Under_Construction
1356.0,Chhattisgarh,Raipur,Locality_418,Property_Type,3.0,4253.0,156.92,0.04,1999.0,Furnished,10.0,6.0,26.0,1.0,2.0,High,No,No,Clubhouse,South,Owner,Under_Construction
1357.0,Chhattisgarh,Bilaspur,Locality_293,Property_Type,5.0,4195.0,66.26,0.02,1992.0,Unfurnished,11.0,19.0,33.0,10.0,5.0,Low,No,Yes,"Garden, Pool",North,Builder,Ready_to_Move
1358.0,Haryana,Faridabad,Locality_460,Property_Type,4.0,1540.0,72.22,0.05,2004.0,Unfurnished,24.0,9.0,21.0,10.0,5.0,Low,No,Yes,"Garden, Playground, Gym, Clubhouse, Pool",South,Broker,Under_Construction
1359.0,Tamil Nadu,Chennai,Locality_30,Property_Type,3.0,2961.0,325.61,0.11,1998.0,Unfurnished,21.0,13.0,27.0,5.0,5.0,Low,No,Yes,Pool,South,Owner,Ready_to_Move
1360.0,Telangana,Hyderabad,Locality_494,Property_Type,4.0,1356.0,360.52,0.27,2012.0,Semi-furnished,16.0,28.0,13.0,2.0,8.0,High,Yes,Yes,"Clubhouse, Garden, Playground",South,Builder,Ready_to_Move
1361.0,Madhya Pradesh,Indore,Locality_496,Property_Type,5.0,1294.0,255.43,0.2,2009.0,Semi-furnished,8.0,20.0,16.0,2.0,3.0,Medium,Yes,No,"Clubhouse, Pool, Playground",South,Owner,Ready_to_Move
1362.0,Telangana,Warangal,Locality_95,Property_Type,3.0,4835.0,124.32,0.03,2001.0,Semi-furnished,27.0,21.0,24.0,10.0,7.0,Medium,No,Yes,Gym,West,Broker,Ready_to_Move
1363.0,Karnataka,Mangalore,Locality_41,Property_Type,1.0,3277.0,13.62,0.0,2003.0,Unfurnished,30.0,5.0,22.0,6.0,7.0,Low,No,Yes,"Gym, Playground, Pool, Clubhouse",North,Broker,Ready_to_Move
1364.0,Kerala,Trivandrum,Locality_398,Property_Type,5.0,4654.0,387.94,0.08,2021.0,Semi-furnished,13.0,10.0,4.0,2.0,4.0,Low,Yes,Yes,"Pool, Playground, Clubhouse, Garden",East,Builder,Ready_to_Move
1365.0,Uttarakhand,Haridwar,Locality_205,Property_Type,3.0,3492.0,122.49,0.04,2006.0,Unfurnished,15.0,3.0,19.0,8.0,5.0,High,Yes,No,"Gym, Pool",South,Broker,Ready_to_Move
1366.0,Kerala,Kochi,Locality_13,Property_Type,4.0,710.0,207.43,0.29,2006.0,Unfurnished,30.0,24.0,19.0,10.0,2.0,Low,Yes,Yes,"Clubhouse, Playground, Gym",North,Broker,Ready_to_Move
1367.0,Madhya Pradesh,Bhopal,Locality_91,Property_Type,2.0,1693.0,409.86,0.24,2009.0,Semi-furnished,25.0,12.0,16.0,8.0,4.0,High,Yes,No,"Clubhouse, Gym, Garden, Pool",East,Broker,Ready_to_Move
1368.0,Tamil Nadu,Chennai,Locality_54,Property_Type,5.0,3774.0,24.28,0.01,1994.0,Unfurnished,0.0,8.0,31.0,1.0,2.0,Medium,Yes,No,"Playground, Pool",East,Broker,Under_Construction
1369.0,Jharkhand,Jamshedpur,Locality_235,Property_Type,5.0,3216.0,242.93,0.08,2020.0,Semi-furnished,8.0,10.0,5.0,4.0,2.0,High,Yes,No,"Pool, Clubhouse, Gym, Garden",West,Broker,Ready_to_Move
1370.0,Assam,Silchar,Locality_329,Property_Type,4.0,2981.0,199.65,0.07,2014.0,Unfurnished,23.0,20.0,11.0,10.0,10.0,Medium,No,No,"Pool, Clubhouse, Playground, Garden",East,Builder,Ready_to_Move
1371.0,Uttar Pradesh,Noida,Locality_154,Property_Type,1.0,4325.0,441.83,0.1,2010.0,Semi-furnished,19.0,9.0,15.0,2.0,5.0,Medium,No,Yes,"Playground, Gym",West,Builder,Under_Construction
1372.0,West Bengal,Kolkata,Locality_477,Property_Type,1.0,741.0,301.88,0.41,2008.0,Furnished,18.0,10.0,17.0,6.0,2.0,Medium,Yes,No,"Pool, Garden, Clubhouse, Gym, Playground",East,Owner,Under_Construction
1373.0,Odisha,Cuttack,Locality_90,Property_Type,5.0,1911.0,279.72,0.15,2003.0,Furnished,2.0,13.0,22.0,6.0,9.0,Low,Yes,No,"Garden, Playground, Gym, Clubhouse",West,Builder,Ready_to_Move
1374.0,Rajasthan,Jodhpur,Locality_131,Property_Type,1.0,911.0,48.5,0.05,2019.0,Semi-furnished,23.0,1.0,6.0,1.0,9.0,High,Yes,Yes,"Gym, Garden, Pool, Playground, Clubhouse",South,Owner,Under_Construction
1375.0,Tamil Nadu,Coimbatore,Locality_203,Property_Type,4.0,4304.0,311.88,0.07,2015.0,Furnished,8.0,4.0,10.0,7.0,7.0,Low,No,No,Pool,North,Builder,Ready_to_Move
1376.0,Madhya Pradesh,Indore,Locality_314,Property_Type,4.0,1995.0,169.93,0.09,2020.0,Unfurnished,7.0,23.0,5.0,2.0,8.0,Low,Yes,Yes,"Playground, Garden, Clubhouse, Pool, Gym",West,Owner,Under_Construction
1377.0,Chhattisgarh,Raipur,Locality_215,Property_Type,4.0,552.0,253.84,0.46,2004.0,Furnished,2.0,27.0,21.0,10.0,8.0,Medium,Yes,No,Garden,West,Builder,Ready_to_Move
1378.0,Madhya Pradesh,Bhopal,Locality_395,Property_Type,1.0,2140.0,388.33,0.18,1996.0,Furnished,18.0,3.0,29.0,2.0,2.0,High,Yes,No,Pool,South,Broker,Ready_to_Move
1379.0,Tamil Nadu,Coimbatore,Locality_96,Property_Type,4.0,4357.0,214.77,0.05,2002.0,Furnished,12.0,7.0,23.0,6.0,4.0,Low,Yes,No,"Gym, Pool, Playground",East,Builder,Ready_to_Move
1380.0,Punjab,Amritsar,Locality_464,Property_Type,4.0,3126.0,138.61,0.04,1993.0,Furnished,1.0,21.0,32.0,5.0,4.0,High,Yes,No,Pool,South,Owner,Under_Construction
1381.0,Jharkhand,Jamshedpur,Locality_459,Property_Type,2.0,4403.0,345.43,0.08,2000.0,Semi-furnished,26.0,2.0,25.0,6.0,5.0,Medium,Yes,Yes,Playground,West,Builder,Ready_to_Move
1382.0,Rajasthan,Jodhpur,Locality_378,Property_Type,1.0,3063.0,13.05,0.0,1997.0,Semi-furnished,28.0,8.0,28.0,9.0,5.0,Medium,Yes,No,"Gym, Playground, Clubhouse",East,Builder,Ready_to_Move
1383.0,Telangana,Hyderabad,Locality_255,Property_Type,4.0,3721.0,155.12,0.04,2001.0,Furnished,20.0,7.0,24.0,4.0,5.0,High,No,Yes,"Gym, Garden",West,Owner,Ready_to_Move
1384.0,Chhattisgarh,Bilaspur,Locality_69,Property_Type,1.0,4502.0,258.66,0.06,1996.0,Semi-furnished,19.0,27.0,29.0,8.0,1.0,High,Yes,No,"Gym, Playground, Clubhouse, Garden, Pool",East,Builder,Under_Construction
1385.0,Uttarakhand,Haridwar,Locality_57,Property_Type,3.0,835.0,110.6,0.13,2009.0,Semi-furnished,9.0,23.0,16.0,10.0,1.0,Low,No,No,"Pool, Playground, Clubhouse, Gym, Garden",South,Builder,Under_Construction
1386.0,Uttarakhand,Haridwar,Locality_118,Property_Type,3.0,4529.0,442.9,0.1,2006.0,Furnished,1.0,11.0,19.0,6.0,10.0,High,Yes,Yes,"Gym, Garden, Playground, Pool, Clubhouse",West,Broker,Under_Construction
1387.0,Chhattisgarh,Raipur,Locality_486,Property_Type,5.0,2182.0,380.09,0.17,2022.0,Unfurnished,26.0,12.0,3.0,6.0,1.0,Medium,Yes,Yes,"Pool, Gym",North,Owner,Ready_to_Move
1388.0,Maharashtra,Mumbai,Locality_467,Property_Type,3.0,815.0,248.94,0.31,2020.0,Furnished,27.0,5.0,5.0,1.0,6.0,Low,No,Yes,Playground,North,Broker,Under_Construction
1389.0,Uttarakhand,Haridwar,Locality_229,Property_Type,1.0,1985.0,437.92,0.22,2023.0,Semi-furnished,19.0,28.0,2.0,1.0,9.0,Medium,No,Yes,"Playground, Pool, Garden, Clubhouse, Gym",East,Builder,Ready_to_Move
1390.0,Punjab,Ludhiana,Locality_76,Property_Type,5.0,3933.0,43.84,0.01,1998.0,Semi-furnished,27.0,13.0,27.0,1.0,5.0,Low,Yes,No,"Gym, Garden, Pool",West,Owner,Ready_to_Move
1391.0,Maharashtra,Nagpur,Locality_284,Property_Type,1.0,2860.0,118.52,0.04,1999.0,Semi-furnished,16.0,14.0,26.0,4.0,10.0,High,Yes,Yes,"Garden, Clubhouse, Gym, Pool, Playground",South,Broker,Ready_to_Move
1392.0,Gujarat,Surat,Locality_284,Property_Type,3.0,3743.0,393.46,0.11,2007.0,Furnished,17.0,29.0,18.0,3.0,3.0,Low,Yes,Yes,"Pool, Gym",North,Broker,Under_Construction
1393.0,Punjab,Ludhiana,Locality_79,Property_Type,5.0,4024.0,280.76,0.07,2021.0,Unfurnished,0.0,18.0,4.0,3.0,4.0,Medium,No,No,"Playground, Gym, Clubhouse, Garden, Pool",East,Builder,Under_Construction
1394.0,Kerala,Trivandrum,Locality_133,Property_Type,5.0,4999.0,112.19,0.02,2014.0,Furnished,2.0,27.0,11.0,10.0,5.0,Medium,No,No,"Playground, Clubhouse, Garden, Gym, Pool",South,Broker,Ready_to_Move
1395.0,Haryana,Gurgaon,Locality_302,Property_Type,2.0,3556.0,434.97,0.12,2020.0,Semi-furnished,0.0,27.0,5.0,5.0,8.0,High,No,No,"Clubhouse, Garden, Gym, Playground, Pool",South,Owner,Ready_to_Move
1396.0,Madhya Pradesh,Bhopal,Locality_359,Property_Type,5.0,934.0,51.15,0.05,2017.0,Unfurnished,13.0,16.0,8.0,4.0,4.0,Low,No,Yes,Garden,West,Broker,Ready_to_Move
1397.0,Maharashtra,Nagpur,Locality_470,Property_Type,4.0,2831.0,400.63,0.14,1991.0,Unfurnished,23.0,1.0,34.0,8.0,4.0,Low,No,Yes,"Playground, Garden",East,Broker,Ready_to_Move
1398.0,Gujarat,Surat,Locality_404,Property_Type,4.0,3991.0,179.61,0.05,2017.0,Semi-furnished,1.0,23.0,8.0,3.0,9.0,High,Yes,No,"Clubhouse, Garden, Gym",East,Broker,Ready_to_Move
1399.0,West Bengal,Durgapur,Locality_191,Property_Type,5.0,3169.0,451.72,0.14,2018.0,Semi-furnished,28.0,18.0,7.0,10.0,10.0,Medium,No,No,Pool,South,Builder,Under_Construction
1400.0,Jharkhand,Jamshedpur,Locality_96,Property_Type,2.0,4815.0,335.66,0.07,2019.0,Unfurnished,8.0,29.0,6.0,2.0,6.0,Medium,No,Yes,"Pool, Playground, Clubhouse, Gym, Garden",South,Owner,Under_Construction
1401.0,Andhra Pradesh,Vishakhapatnam,Locality_166,Property_Type,3.0,735.0,257.65,0.35,2019.0,Unfurnished,17.0,8.0,6.0,10.0,2.0,High,No,No,Garden,North,Builder,Under_Construction
1402.0,Delhi,Dwarka,Locality_240,Property_Type,3.0,856.0,30.18,0.04,2001.0,Semi-furnished,29.0,9.0,24.0,5.0,8.0,Low,Yes,No,"Garden, Gym, Playground",East,Broker,Ready_to_Move
1403.0,West Bengal,Kolkata,Locality_485,Property_Type,4.0,866.0,296.44,0.34,1998.0,Semi-furnished,5.0,4.0,27.0,6.0,2.0,Low,No,No,Clubhouse,North,Builder,Ready_to_Move
1404.0,Maharashtra,Nagpur,Locality_59,Property_Type,2.0,2039.0,388.84,0.19,1997.0,Unfurnished,4.0,21.0,28.0,8.0,1.0,Low,No,Yes,"Garden, Gym",West,Owner,Ready_to_Move
1405.0,Delhi,New Delhi,Locality_436,Property_Type,2.0,3164.0,458.88,0.15,2002.0,Semi-furnished,21.0,13.0,23.0,9.0,7.0,High,No,No,"Gym, Pool, Clubhouse, Garden, Playground",East,Owner,Ready_to_Move
1406.0,Assam,Guwahati,Locality_97,Property_Type,5.0,4129.0,162.08,0.04,2023.0,Semi-furnished,24.0,9.0,2.0,5.0,7.0,High,Yes,No,Garden,East,Builder,Ready_to_Move
1407.0,Uttar Pradesh,Noida,Locality_5,Property_Type,5.0,2782.0,313.78,0.11,2012.0,Unfurnished,26.0,17.0,13.0,9.0,9.0,High,Yes,No,"Garden, Clubhouse, Playground",North,Builder,Under_Construction
1408.0,Andhra Pradesh,Vishakhapatnam,Locality_193,Property_Type,2.0,4846.0,281.77,0.06,2001.0,Unfurnished,29.0,29.0,24.0,4.0,9.0,Medium,Yes,Yes,Playground,East,Owner,Ready_to_Move
1409.0,Telangana,Warangal,Locality_489,Property_Type,3.0,2277.0,467.33,0.21,2010.0,Unfurnished,6.0,8.0,15.0,8.0,6.0,Low,No,Yes,"Gym, Garden, Pool, Clubhouse",East,Owner,Under_Construction
1410.0,Bihar,Gaya,Locality_9,Property_Type,4.0,4232.0,391.25,0.09,2001.0,Furnished,12.0,17.0,24.0,3.0,4.0,High,No,No,"Playground, Gym",North,Broker,Under_Construction
1411.0,Haryana,Faridabad,Locality_32,Property_Type,3.0,2425.0,239.56,0.1,1998.0,Semi-furnished,30.0,30.0,27.0,1.0,5.0,High,Yes,No,Clubhouse,West,Builder,Under_Construction
1412.0,Gujarat,Ahmedabad,Locality_184,Property_Type,4.0,4879.0,237.41,0.05,2007.0,Unfurnished,29.0,28.0,18.0,6.0,9.0,High,Yes,No,"Gym, Clubhouse, Pool, Garden",West,Owner,Under_Construction
1413.0,Madhya Pradesh,Indore,Locality_347,Property_Type,2.0,2649.0,48.08,0.02,2013.0,Unfurnished,23.0,9.0,12.0,5.0,6.0,High,No,No,"Pool, Playground, Garden, Clubhouse",North,Broker,Ready_to_Move
1414.0,Kerala,Trivandrum,Locality_214,Property_Type,1.0,1447.0,149.75,0.1,2021.0,Semi-furnished,21.0,14.0,4.0,6.0,5.0,High,No,No,"Gym, Pool",South,Owner,Ready_to_Move
1415.0,Haryana,Gurgaon,Locality_277,Property_Type,5.0,604.0,87.13,0.14,2018.0,Unfurnished,15.0,15.0,7.0,9.0,6.0,High,Yes,Yes,"Gym, Playground, Pool, Garden",North,Builder,Ready_to_Move
1416.0,Jharkhand,Jamshedpur,Locality_194,Property_Type,2.0,3263.0,317.4,0.1,2001.0,Furnished,11.0,14.0,24.0,8.0,5.0,Low,No,Yes,"Pool, Gym, Clubhouse, Garden, Playground",West,Builder,Under_Construction
1417.0,Uttarakhand,Haridwar,Locality_202,Property_Type,4.0,4445.0,371.61,0.08,1991.0,Furnished,26.0,30.0,34.0,6.0,7.0,Low,No,Yes,"Garden, Gym",South,Builder,Ready_to_Move
1418.0,Delhi,New Delhi,Locality_401,Property_Type,4.0,4307.0,255.16,0.06,2019.0,Semi-furnished,26.0,19.0,6.0,9.0,8.0,Medium,Yes,Yes,"Garden, Pool",South,Owner,Under_Construction
1419.0,Karnataka,Mysore,Locality_299,Property_Type,1.0,3141.0,208.87,0.07,1994.0,Unfurnished,11.0,13.0,31.0,1.0,9.0,High,Yes,No,"Gym, Garden, Clubhouse",South,Broker,Under_Construction
1420.0,West Bengal,Kolkata,Locality_364,Property_Type,2.0,3413.0,77.79,0.02,1996.0,Unfurnished,30.0,6.0,29.0,3.0,4.0,Medium,No,Yes,Gym,West,Owner,Ready_to_Move
1421.0,Gujarat,Surat,Locality_393,Property_Type,1.0,4645.0,323.92,0.07,2009.0,Semi-furnished,3.0,5.0,16.0,6.0,10.0,Low,No,No,"Playground, Gym, Pool, Clubhouse",South,Broker,Under_Construction
1422.0,Uttarakhand,Dehradun,Locality_88,Property_Type,5.0,1208.0,417.01,0.35,1991.0,Furnished,0.0,9.0,34.0,2.0,6.0,High,No,Yes,"Clubhouse, Garden, Playground, Gym",North,Builder,Ready_to_Move
1423.0,Karnataka,Mysore,Locality_364,Property_Type,4.0,3613.0,373.84,0.1,1992.0,Unfurnished,12.0,20.0,33.0,3.0,2.0,Low,No,No,"Garden, Playground, Clubhouse, Gym, Pool",South,Builder,Ready_to_Move
1424.0,Delhi,Dwarka,Locality_199,Property_Type,5.0,1661.0,305.13,0.18,2005.0,Furnished,6.0,30.0,20.0,4.0,5.0,Medium,No,No,Pool,South,Owner,Ready_to_Move
1425.0,Punjab,Amritsar,Locality_411,Property_Type,5.0,3554.0,455.24,0.13,1996.0,Semi-furnished,18.0,1.0,29.0,7.0,10.0,Medium,Yes,Yes,"Pool, Garden",West,Builder,Under_Construction
1426.0,Bihar,Patna,Locality_87,Property_Type,5.0,3720.0,13.29,0.0,2004.0,Semi-furnished,20.0,28.0,21.0,8.0,10.0,Medium,Yes,No,"Playground, Clubhouse",East,Owner,Under_Construction
1427.0,Telangana,Hyderabad,Locality_412,Property_Type,3.0,2205.0,389.49,0.18,1997.0,Furnished,15.0,20.0,28.0,6.0,9.0,Medium,Yes,Yes,"Pool, Playground",West,Owner,Under_Construction
1428.0,Odisha,Cuttack,Locality_102,Property_Type,3.0,2522.0,154.33,0.06,2003.0,Unfurnished,18.0,25.0,22.0,2.0,10.0,Low,Yes,Yes,"Garden, Playground",West,Broker,Under_Construction
1429.0,Uttarakhand,Haridwar,Locality_211,Property_Type,5.0,4922.0,59.85,0.01,2019.0,Unfurnished,23.0,18.0,6.0,6.0,6.0,Medium,No,No,"Pool, Gym",South,Owner,Ready_to_Move
1430.0,Bihar,Gaya,Locality_187,Property_Type,4.0,893.0,379.89,0.43,2023.0,Unfurnished,2.0,6.0,2.0,3.0,6.0,Low,No,Yes,"Playground, Pool",North,Owner,Under_Construction
1431.0,Telangana,Warangal,Locality_420,Property_Type,4.0,3284.0,141.31,0.04,2004.0,Semi-furnished,30.0,15.0,21.0,10.0,10.0,Medium,No,Yes,"Garden, Clubhouse, Gym, Playground",South,Broker,Ready_to_Move
1432.0,Punjab,Ludhiana,Locality_439,Property_Type,1.0,1866.0,269.96,0.14,2002.0,Semi-furnished,17.0,26.0,23.0,6.0,2.0,Medium,No,Yes,"Garden, Playground, Pool",South,Builder,Under_Construction
1433.0,Uttar Pradesh,Noida,Locality_45,Property_Type,4.0,3918.0,16.23,0.0,2003.0,Unfurnished,18.0,23.0,22.0,2.0,2.0,Medium,No,No,"Garden, Playground, Pool, Gym, Clubhouse",North,Broker,Under_Construction
1434.0,Assam,Guwahati,Locality_333,Property_Type,1.0,648.0,241.24,0.37,2005.0,Furnished,19.0,28.0,20.0,8.0,6.0,High,Yes,No,"Garden, Gym",North,Owner,Under_Construction
1435.0,Tamil Nadu,Coimbatore,Locality_69,Property_Type,1.0,660.0,411.11,0.62,2022.0,Unfurnished,2.0,27.0,3.0,5.0,3.0,Low,Yes,No,Garden,South,Broker,Ready_to_Move
1436.0,Madhya Pradesh,Indore,Locality_77,Property_Type,2.0,808.0,81.18,0.1,1994.0,Semi-furnished,20.0,23.0,31.0,6.0,4.0,High,Yes,No,"Gym, Clubhouse, Garden, Playground",West,Broker,Ready_to_Move
1437.0,Telangana,Hyderabad,Locality_463,Property_Type,3.0,4450.0,238.75,0.05,2001.0,Semi-furnished,16.0,29.0,24.0,1.0,9.0,Medium,No,Yes,"Clubhouse, Playground, Pool",West,Owner,Ready_to_Move
1438.0,Tamil Nadu,Chennai,Locality_164,Property_Type,4.0,1353.0,134.63,0.1,2007.0,Furnished,18.0,5.0,18.0,4.0,3.0,Medium,Yes,Yes,"Pool, Clubhouse, Gym, Garden, Playground",North,Builder,Under_Construction
1439.0,Kerala,Kochi,Locality_299,Property_Type,5.0,4260.0,311.31,0.07,2014.0,Furnished,30.0,6.0,11.0,1.0,8.0,High,No,No,"Pool, Gym, Garden",East,Owner,Ready_to_Move
1440.0,Jharkhand,Ranchi,Locality_64,Property_Type,3.0,4515.0,204.34,0.05,2013.0,Semi-furnished,29.0,21.0,12.0,2.0,7.0,Low,No,Yes,"Playground, Clubhouse, Garden, Gym, Pool",West,Broker,Ready_to_Move
1441.0,Odisha,Bhubaneswar,Locality_158,Property_Type,5.0,4597.0,14.87,0.0,2003.0,Unfurnished,7.0,1.0,22.0,2.0,4.0,Low,No,No,"Playground, Clubhouse, Gym, Garden, Pool",West,Broker,Under_Construction
1442.0,Assam,Silchar,Locality_182,Property_Type,1.0,3146.0,367.39,0.12,2012.0,Unfurnished,9.0,12.0,13.0,6.0,7.0,Low,Yes,Yes,"Gym, Clubhouse",East,Broker,Ready_to_Move
1443.0,Kerala,Trivandrum,Locality_464,Property_Type,1.0,3322.0,467.52,0.14,2018.0,Furnished,7.0,15.0,7.0,3.0,10.0,Low,No,No,"Playground, Garden, Clubhouse",West,Broker,Under_Construction
1444.0,Karnataka,Mysore,Locality_430,Property_Type,5.0,3739.0,89.27,0.02,2019.0,Unfurnished,3.0,12.0,6.0,3.0,10.0,Medium,Yes,No,"Clubhouse, Garden",South,Owner,Ready_to_Move
1445.0,Rajasthan,Jaipur,Locality_42,Property_Type,5.0,2475.0,109.16,0.04,2000.0,Furnished,0.0,23.0,25.0,5.0,7.0,High,No,Yes,"Clubhouse, Garden, Pool",North,Owner,Ready_to_Move
1446.0,Andhra Pradesh,Vishakhapatnam,Locality_179,Property_Type,5.0,861.0,346.41,0.4,2006.0,Furnished,7.0,5.0,19.0,8.0,6.0,Low,No,Yes,"Playground, Gym, Garden",North,Owner,Ready_to_Move
1447.0,Uttarakhand,Haridwar,Locality_417,Property_Type,5.0,1192.0,245.31,0.21,2016.0,Unfurnished,13.0,13.0,9.0,1.0,6.0,Low,Yes,Yes,"Playground, Pool, Gym, Clubhouse, Garden",North,Builder,Ready_to_Move
1448.0,Karnataka,Mysore,Locality_402,Property_Type,2.0,2878.0,411.43,0.14,2023.0,Semi-furnished,10.0,3.0,2.0,5.0,8.0,Medium,Yes,No,"Garden, Gym, Pool, Clubhouse",West,Builder,Under_Construction
1449.0,Maharashtra,Mumbai,Locality_475,Property_Type,5.0,2661.0,207.28,0.08,2018.0,Furnished,19.0,30.0,7.0,3.0,6.0,High,Yes,Yes,"Clubhouse, Playground, Pool",North,Builder,Ready_to_Move
1450.0,Uttar Pradesh,Lucknow,Locality_117,Property_Type,1.0,709.0,342.97,0.48,1998.0,Semi-furnished,6.0,6.0,27.0,4.0,1.0,Low,Yes,Yes,"Playground, Clubhouse, Pool, Gym",East,Builder,Under_Construction
1451.0,Kerala,Kochi,Locality_103,Property_Type,4.0,3823.0,199.65,0.05,2015.0,Furnished,29.0,4.0,10.0,9.0,9.0,High,No,Yes,"Gym, Garden, Playground, Clubhouse, Pool",North,Builder,Ready_to_Move
1452.0,Uttar Pradesh,Lucknow,Locality_321,Property_Type,2.0,1040.0,190.23,0.18,2017.0,Furnished,26.0,26.0,8.0,5.0,2.0,Low,Yes,No,"Pool, Garden, Playground, Clubhouse",West,Owner,Ready_to_Move
1453.0,West Bengal,Kolkata,Locality_392,Property_Type,4.0,2569.0,484.22,0.19,2011.0,Unfurnished,15.0,16.0,14.0,6.0,10.0,Medium,No,No,"Garden, Pool, Playground",East,Builder,Ready_to_Move
1454.0,Punjab,Amritsar,Locality_7,Property_Type,5.0,2860.0,337.36,0.12,2007.0,Semi-furnished,4.0,11.0,18.0,8.0,9.0,Low,Yes,Yes,"Clubhouse, Pool",East,Broker,Ready_to_Move
1455.0,Kerala,Kochi,Locality_237,Property_Type,5.0,1277.0,495.62,0.39,2009.0,Furnished,25.0,22.0,16.0,3.0,7.0,High,No,Yes,"Gym, Pool, Clubhouse, Garden",West,Owner,Ready_to_Move
1456.0,Haryana,Gurgaon,Locality_228,Property_Type,5.0,3994.0,260.57,0.07,2004.0,Semi-furnished,11.0,20.0,21.0,9.0,9.0,High,No,Yes,"Clubhouse, Playground, Garden, Gym",West,Owner,Under_Construction
1457.0,Tamil Nadu,Chennai,Locality_233,Property_Type,5.0,2300.0,380.56,0.17,1992.0,Furnished,27.0,18.0,33.0,10.0,7.0,Medium,Yes,No,Garden,North,Broker,Ready_to_Move
1458.0,Maharashtra,Mumbai,Locality_130,Property_Type,4.0,1737.0,405.83,0.23,2017.0,Unfurnished,20.0,30.0,8.0,5.0,4.0,Medium,Yes,No,"Playground, Pool",North,Broker,Under_Construction
1459.0,Odisha,Bhubaneswar,Locality_198,Property_Type,2.0,1448.0,376.36,0.26,2008.0,Unfurnished,7.0,10.0,17.0,2.0,2.0,Low,Yes,Yes,Pool,West,Builder,Under_Construction
1460.0,Telangana,Warangal,Locality_277,Property_Type,4.0,3887.0,354.48,0.09,2000.0,Furnished,10.0,4.0,25.0,10.0,6.0,Low,Yes,No,"Pool, Playground, Garden, Gym",North,Owner,Ready_to_Move
1461.0,Gujarat,Ahmedabad,Locality_286,Property_Type,3.0,4622.0,155.23,0.03,2017.0,Unfurnished,5.0,10.0,8.0,1.0,8.0,High,Yes,Yes,"Playground, Clubhouse",North,Broker,Ready_to_Move
1462.0,West Bengal,Durgapur,Locality_43,Property_Type,2.0,1366.0,64.44,0.05,2006.0,Furnished,29.0,20.0,19.0,6.0,8.0,High,Yes,Yes,"Garden, Clubhouse, Playground, Pool, Gym",East,Builder,Ready_to_Move
1463.0,Andhra Pradesh,Vijayawada,Locality_279,Property_Type,2.0,4589.0,300.9,0.07,2000.0,Unfurnished,9.0,10.0,25.0,9.0,8.0,Low,Yes,No,"Pool, Garden, Playground",West,Broker,Ready_to_Move
1464.0,Chhattisgarh,Raipur,Locality_348,Property_Type,3.0,2768.0,73.56,0.03,2008.0,Unfurnished,18.0,7.0,17.0,1.0,5.0,High,No,No,"Garden, Playground, Gym, Pool, Clubhouse",West,Builder,Under_Construction
1465.0,Rajasthan,Jaipur,Locality_259,Property_Type,5.0,4068.0,482.28,0.12,2017.0,Furnished,11.0,4.0,8.0,10.0,10.0,Low,Yes,Yes,"Pool, Gym, Playground, Garden",South,Owner,Under_Construction
1466.0,Assam,Guwahati,Locality_407,Property_Type,2.0,1640.0,231.33,0.14,2014.0,Semi-furnished,17.0,27.0,11.0,1.0,7.0,Medium,No,No,"Garden, Pool, Gym, Playground, Clubhouse",West,Builder,Under_Construction
1467.0,Chhattisgarh,Raipur,Locality_447,Property_Type,1.0,742.0,307.9,0.41,1993.0,Furnished,27.0,11.0,32.0,3.0,9.0,High,Yes,Yes,"Gym, Clubhouse, Playground, Garden",East,Builder,Under_Construction
1468.0,Madhya Pradesh,Bhopal,Locality_473,Property_Type,3.0,829.0,329.61,0.4,2012.0,Furnished,27.0,2.0,13.0,8.0,1.0,Medium,No,Yes,"Clubhouse, Playground, Pool, Garden, Gym",South,Builder,Under_Construction
1469.0,Delhi,Dwarka,Locality_230,Property_Type,5.0,959.0,195.74,0.2,2002.0,Unfurnished,26.0,23.0,23.0,7.0,5.0,Medium,Yes,Yes,Garden,South,Owner,Under_Construction
1470.0,Andhra Pradesh,Vishakhapatnam,Locality_335,Property_Type,3.0,1942.0,407.65,0.21,2019.0,Semi-furnished,1.0,3.0,6.0,2.0,2.0,Medium,Yes,No,"Clubhouse, Pool, Garden",East,Broker,Ready_to_Move
1471.0,Karnataka,Mangalore,Locality_131,Property_Type,5.0,1072.0,363.13,0.34,2022.0,Semi-furnished,22.0,20.0,3.0,9.0,2.0,Low,No,No,"Playground, Gym",South,Owner,Under_Construction
1472.0,Telangana,Hyderabad,Locality_435,Property_Type,4.0,807.0,397.08,0.49,2006.0,Furnished,20.0,13.0,19.0,10.0,8.0,Low,No,Yes,"Garden, Playground, Clubhouse, Gym",South,Broker,Ready_to_Move
1473.0,Maharashtra,Mumbai,Locality_159,Property_Type,2.0,2274.0,13.15,0.01,2012.0,Unfurnished,9.0,18.0,13.0,10.0,2.0,High,No,No,"Pool, Playground, Gym, Clubhouse",East,Broker,Ready_to_Move
1474.0,Bihar,Gaya,Locality_12,Property_Type,2.0,4974.0,464.24,0.09,2000.0,Unfurnished,15.0,9.0,25.0,3.0,4.0,High,No,No,"Playground, Gym",West,Owner,Under_Construction
1475.0,Delhi,Dwarka,Locality_232,Property_Type,2.0,981.0,230.48,0.23,2010.0,Furnished,4.0,1.0,15.0,10.0,5.0,Low,Yes,Yes,"Garden, Clubhouse, Gym, Playground",East,Owner,Under_Construction
1476.0,Haryana,Faridabad,Locality_257,Property_Type,5.0,548.0,148.5,0.27,2006.0,Unfurnished,28.0,15.0,19.0,1.0,2.0,Low,Yes,No,"Gym, Pool, Playground, Clubhouse",West,Owner,Under_Construction
1477.0,Jharkhand,Ranchi,Locality_201,Property_Type,5.0,2214.0,280.29,0.13,2012.0,Furnished,21.0,2.0,13.0,1.0,5.0,Medium,Yes,No,"Gym, Clubhouse, Garden",South,Builder,Under_Construction
1478.0,Telangana,Hyderabad,Locality_149,Property_Type,2.0,1978.0,136.35,0.07,2023.0,Semi-furnished,13.0,24.0,2.0,9.0,5.0,High,Yes,No,Playground,West,Broker,Under_Construction
1479.0,Jharkhand,Ranchi,Locality_301,Property_Type,2.0,2898.0,434.83,0.15,1994.0,Furnished,15.0,26.0,31.0,10.0,10.0,Low,Yes,No,"Playground, Gym, Pool, Clubhouse, Garden",West,Broker,Ready_to_Move
1480.0,Andhra Pradesh,Vijayawada,Locality_75,Property_Type,5.0,4654.0,439.97,0.09,1993.0,Semi-furnished,26.0,26.0,32.0,2.0,10.0,High,No,No,"Clubhouse, Garden, Pool",East,Broker,Under_Construction
1481.0,Telangana,Hyderabad,Locality_280,Property_Type,1.0,1651.0,229.99,0.14,2006.0,Furnished,5.0,11.0,19.0,5.0,7.0,Low,No,Yes,Gym,West,Broker,Under_Construction
1482.0,Kerala,Trivandrum,Locality_421,Property_Type,2.0,1116.0,380.69,0.34,1998.0,Furnished,16.0,8.0,27.0,7.0,2.0,Low,Yes,Yes,"Playground, Pool, Gym, Garden",West,Owner,Ready_to_Move
1483.0,Tamil Nadu,Coimbatore,Locality_138,Property_Type,5.0,889.0,10.18,0.01,1995.0,Semi-furnished,19.0,25.0,30.0,10.0,10.0,High,No,No,"Playground, Clubhouse",North,Builder,Ready_to_Move
1484.0,Andhra Pradesh,Vishakhapatnam,Locality_43,Property_Type,2.0,2358.0,344.93,0.15,2012.0,Unfurnished,16.0,25.0,13.0,9.0,9.0,Medium,No,No,"Clubhouse, Pool",West,Builder,Under_Construction
1485.0,Maharashtra,Nagpur,Locality_330,Property_Type,2.0,3777.0,184.85,0.05,2023.0,Semi-furnished,4.0,13.0,2.0,8.0,8.0,Low,Yes,No,Clubhouse,East,Builder,Ready_to_Move
1486.0,Haryana,Faridabad,Locality_302,Property_Type,1.0,2281.0,409.1,0.18,2005.0,Furnished,2.0,13.0,20.0,5.0,2.0,Low,Yes,Yes,"Gym, Clubhouse, Playground, Garden",West,Owner,Ready_to_Move
1487.0,Gujarat,Surat,Locality_244,Property_Type,4.0,3654.0,227.28,0.06,1997.0,Semi-furnished,29.0,20.0,28.0,5.0,2.0,High,No,No,"Pool, Playground, Clubhouse, Gym, Garden",East,Builder,Under_Construction
1488.0,Uttarakhand,Haridwar,Locality_145,Property_Type,4.0,861.0,239.89,0.28,2001.0,Furnished,22.0,7.0,24.0,10.0,5.0,High,Yes,No,"Playground, Garden, Pool, Gym",South,Owner,Ready_to_Move
1489.0,Bihar,Gaya,Locality_204,Property_Type,3.0,4363.0,436.76,0.1,2023.0,Furnished,23.0,13.0,2.0,9.0,9.0,High,Yes,No,"Playground, Clubhouse, Garden",East,Builder,Under_Construction
1490.0,Madhya Pradesh,Indore,Locality_14,Property_Type,2.0,1322.0,111.34,0.08,2011.0,Unfurnished,10.0,14.0,14.0,8.0,6.0,Low,No,Yes,Gym,West,Builder,Under_Construction
1491.0,Delhi,Dwarka,Locality_389,Property_Type,2.0,4534.0,241.75,0.05,2023.0,Semi-furnished,11.0,8.0,2.0,1.0,6.0,Low,No,Yes,"Pool, Gym, Clubhouse, Playground, Garden",West,Owner,Ready_to_Move
1492.0,Telangana,Hyderabad,Locality_67,Property_Type,5.0,2058.0,460.16,0.22,1994.0,Unfurnished,3.0,30.0,31.0,8.0,7.0,Medium,Yes,No,"Gym, Clubhouse, Garden, Playground, Pool",South,Broker,Under_Construction
1493.0,Tamil Nadu,Chennai,Locality_388,Property_Type,1.0,3897.0,91.6,0.02,1991.0,Furnished,19.0,13.0,34.0,2.0,5.0,Medium,No,No,"Clubhouse, Playground, Garden",East,Builder,Ready_to_Move
1494.0,Rajasthan,Jodhpur,Locality_430,Property_Type,1.0,4175.0,419.79,0.1,2013.0,Furnished,19.0,12.0,12.0,3.0,6.0,Medium,No,No,"Pool, Gym, Playground, Garden, Clubhouse",North,Builder,Ready_to_Move
1495.0,Telangana,Warangal,Locality_208,Property_Type,5.0,3490.0,90.41,0.03,2000.0,Furnished,20.0,6.0,25.0,4.0,1.0,High,No,No,"Garden, Playground, Pool, Gym",South,Builder,Ready_to_Move
1496.0,Jharkhand,Jamshedpur,Locality_318,Property_Type,1.0,965.0,137.23,0.14,1991.0,Furnished,14.0,11.0,34.0,10.0,4.0,High,No,Yes,"Gym, Clubhouse, Pool",South,Builder,Under_Construction
1497.0,Andhra Pradesh,Vishakhapatnam,Locality_305,Property_Type,2.0,1990.0,224.88,0.11,1991.0,Furnished,7.0,1.0,34.0,1.0,10.0,High,Yes,Yes,"Pool, Clubhouse, Playground, Gym",East,Builder,Under_Construction
1498.0,Assam,Silchar,Locality_441,Property_Type,5.0,4053.0,188.5,0.05,2010.0,Semi-furnished,4.0,5.0,15.0,6.0,3.0,Low,No,Yes,"Clubhouse, Garden, Pool",South,Broker,Ready_to_Move
1499.0,Delhi,New Delhi,Locality_477,Property_Type,3.0,775.0,86.64,0.11,1998.0,Unfurnished,19.0,28.0,27.0,1.0,10.0,Medium,No,No,Gym,South,Builder,Under_Construction
1500.0,Andhra Pradesh,Vishakhapatnam,Locality_69,Property_Type,4.0,3880.0,48.82,0.01,2016.0,Semi-furnished,25.0,29.0,9.0,10.0,2.0,Low,No,No,Pool,South,Owner,Ready_to_Move
1501.0,Kerala,Trivandrum,Locality_450,Property_Type,1.0,3553.0,463.51,0.13,1990.0,Semi-furnished,11.0,24.0,35.0,9.0,2.0,Medium,No,No,"Pool, Garden",West,Broker,Ready_to_Move
1502.0,Haryana,Gurgaon,Locality_52,Property_Type,2.0,3983.0,85.01,0.02,2007.0,Furnished,24.0,13.0,18.0,7.0,7.0,High,Yes,Yes,Garden,West,Builder,Ready_to_Move
1503.0,Rajasthan,Jaipur,Locality_168,Property_Type,2.0,1373.0,372.05,0.27,2012.0,Furnished,1.0,9.0,13.0,5.0,7.0,High,No,Yes,Garden,East,Builder,Ready_to_Move
1504.0,Haryana,Gurgaon,Locality_344,Property_Type,2.0,3048.0,380.57,0.12,2010.0,Furnished,11.0,18.0,15.0,9.0,1.0,Medium,No,No,Gym,East,Owner,Ready_to_Move
1505.0,Gujarat,Surat,Locality_9,Property_Type,5.0,3795.0,13.85,0.0,1999.0,Semi-furnished,30.0,27.0,26.0,6.0,9.0,Medium,Yes,No,"Clubhouse, Playground, Garden, Gym",West,Broker,Under_Construction
1506.0,Delhi,Dwarka,Locality_236,Property_Type,5.0,2930.0,183.17,0.06,2001.0,Furnished,15.0,5.0,24.0,4.0,2.0,Low,No,No,"Pool, Playground, Clubhouse, Gym, Garden",West,Broker,Under_Construction
1507.0,Assam,Guwahati,Locality_456,Property_Type,2.0,3480.0,12.18,0.0,2023.0,Unfurnished,6.0,29.0,2.0,4.0,9.0,Low,No,No,"Gym, Pool, Garden",North,Broker,Ready_to_Move
1508.0,Tamil Nadu,Coimbatore,Locality_203,Property_Type,2.0,3308.0,39.58,0.01,1993.0,Unfurnished,28.0,20.0,32.0,6.0,6.0,High,Yes,No,"Pool, Garden, Playground, Gym",West,Builder,Ready_to_Move
1509.0,Assam,Silchar,Locality_388,Property_Type,5.0,2808.0,266.02,0.09,1992.0,Semi-furnished,7.0,21.0,33.0,1.0,2.0,Low,No,No,"Gym, Garden, Playground",North,Broker,Ready_to_Move
1510.0,Assam,Silchar,Locality_349,Property_Type,4.0,3069.0,492.26,0.16,2007.0,Unfurnished,11.0,25.0,18.0,9.0,3.0,Medium,Yes,Yes,"Garden, Clubhouse, Pool, Playground",East,Broker,Ready_to_Move
1511.0,Uttar Pradesh,Lucknow,Locality_307,Property_Type,2.0,2555.0,90.96,0.04,2020.0,Unfurnished,6.0,6.0,5.0,1.0,1.0,Low,Yes,Yes,"Clubhouse, Gym",East,Owner,Ready_to_Move
1512.0,Madhya Pradesh,Indore,Locality_128,Property_Type,2.0,2103.0,464.61,0.22,2007.0,Semi-furnished,8.0,15.0,18.0,6.0,4.0,High,No,No,"Clubhouse, Pool, Playground, Garden, Gym",East,Builder,Ready_to_Move
1513.0,Madhya Pradesh,Indore,Locality_84,Property_Type,1.0,2308.0,211.59,0.09,2015.0,Unfurnished,9.0,9.0,10.0,7.0,1.0,Low,Yes,Yes,"Gym, Playground",North,Builder,Ready_to_Move
1514.0,West Bengal,Kolkata,Locality_402,Property_Type,4.0,2128.0,301.72,0.14,2021.0,Unfurnished,29.0,3.0,4.0,8.0,6.0,Low,Yes,No,"Pool, Garden, Playground, Clubhouse",South,Broker,Ready_to_Move
1515.0,Rajasthan,Jodhpur,Locality_465,Property_Type,1.0,2391.0,236.62,0.1,2018.0,Semi-furnished,20.0,29.0,7.0,10.0,5.0,High,No,Yes,"Gym, Pool, Clubhouse, Playground",South,Owner,Ready_to_Move
1516.0,Tamil Nadu,Chennai,Locality_356,Property_Type,1.0,2067.0,489.19,0.24,2003.0,Furnished,14.0,24.0,22.0,7.0,8.0,High,No,Yes,"Clubhouse, Playground",West,Builder,Under_Construction
1517.0,West Bengal,Durgapur,Locality_170,Property_Type,4.0,1943.0,38.56,0.02,2019.0,Unfurnished,27.0,19.0,6.0,4.0,3.0,Medium,No,Yes,Pool,East,Owner,Ready_to_Move
1518.0,Punjab,Amritsar,Locality_109,Property_Type,3.0,3815.0,377.97,0.1,1995.0,Semi-furnished,23.0,11.0,30.0,6.0,6.0,High,No,Yes,"Playground, Clubhouse, Pool, Garden",West,Owner,Ready_to_Move
1519.0,Uttar Pradesh,Lucknow,Locality_122,Property_Type,1.0,3292.0,422.57,0.13,2017.0,Furnished,12.0,25.0,8.0,4.0,2.0,High,Yes,Yes,"Gym, Clubhouse, Pool",North,Builder,Ready_to_Move
1520.0,Gujarat,Surat,Locality_217,Property_Type,4.0,1105.0,187.86,0.17,1998.0,Unfurnished,30.0,20.0,27.0,1.0,9.0,Low,No,No,"Gym, Playground, Garden",West,Builder,Ready_to_Move
1521.0,Uttarakhand,Dehradun,Locality_284,Property_Type,2.0,2596.0,355.59,0.14,2018.0,Unfurnished,25.0,20.0,7.0,6.0,8.0,Low,No,No,"Gym, Playground",West,Owner,Under_Construction
1522.0,West Bengal,Durgapur,Locality_493,Property_Type,5.0,3432.0,178.81,0.05,2002.0,Unfurnished,10.0,10.0,23.0,1.0,10.0,Medium,Yes,No,"Garden, Clubhouse, Playground, Pool",North,Broker,Under_Construction
1523.0,Delhi,New Delhi,Locality_200,Property_Type,5.0,2918.0,107.44,0.04,2021.0,Furnished,14.0,5.0,4.0,7.0,10.0,Medium,Yes,No,"Clubhouse, Garden",North,Owner,Under_Construction
1524.0,Gujarat,Ahmedabad,Locality_432,Property_Type,1.0,536.0,358.17,0.67,2012.0,Unfurnished,25.0,25.0,13.0,7.0,7.0,Medium,No,No,"Playground, Clubhouse, Pool, Garden",North,Builder,Under_Construction
1525.0,Odisha,Bhubaneswar,Locality_190,Property_Type,1.0,3949.0,475.97,0.12,1995.0,Unfurnished,8.0,27.0,30.0,4.0,10.0,Medium,No,No,Playground,East,Broker,Ready_to_Move
1526.0,Bihar,Gaya,Locality_414,Property_Type,3.0,1579.0,346.36,0.22,2019.0,Semi-furnished,26.0,6.0,6.0,1.0,8.0,Medium,Yes,No,"Clubhouse, Garden, Pool, Gym",North,Owner,Under_Construction
1527.0,Jharkhand,Jamshedpur,Locality_464,Property_Type,4.0,3472.0,244.13,0.07,1994.0,Furnished,12.0,6.0,31.0,7.0,10.0,Low,Yes,Yes,"Gym, Clubhouse",West,Builder,Ready_to_Move
1528.0,Jharkhand,Ranchi,Locality_479,Property_Type,3.0,785.0,425.07,0.54,2011.0,Furnished,24.0,18.0,14.0,8.0,8.0,Low,No,Yes,"Clubhouse, Playground",North,Owner,Under_Construction
1529.0,Bihar,Gaya,Locality_237,Property_Type,3.0,4308.0,93.45,0.02,2005.0,Unfurnished,11.0,18.0,20.0,7.0,10.0,Medium,Yes,No,"Clubhouse, Pool, Playground, Gym, Garden",West,Builder,Ready_to_Move
1530.0,Jharkhand,Ranchi,Locality_39,Property_Type,1.0,4668.0,351.55,0.08,2019.0,Unfurnished,27.0,5.0,6.0,2.0,3.0,Medium,Yes,No,"Playground, Gym, Garden, Clubhouse",South,Owner,Ready_to_Move
1531.0,Uttarakhand,Dehradun,Locality_229,Property_Type,1.0,3869.0,236.21,0.06,2004.0,Furnished,26.0,18.0,21.0,7.0,6.0,Low,Yes,No,"Gym, Garden, Playground, Pool",North,Owner,Under_Construction
1532.0,Haryana,Gurgaon,Locality_459,Property_Type,1.0,3022.0,110.08,0.04,1997.0,Unfurnished,19.0,27.0,28.0,3.0,7.0,Low,No,No,"Pool, Garden",East,Builder,Ready_to_Move
1533.0,Haryana,Faridabad,Locality_215,Property_Type,2.0,987.0,439.5,0.45,2017.0,Unfurnished,18.0,4.0,8.0,10.0,8.0,Medium,No,No,"Gym, Playground, Clubhouse, Garden",South,Owner,Under_Construction
1534.0,West Bengal,Durgapur,Locality_476,Property_Type,1.0,4768.0,328.15,0.07,2017.0,Furnished,5.0,15.0,8.0,4.0,4.0,Low,Yes,No,"Pool, Gym, Playground, Garden, Clubhouse",West,Owner,Ready_to_Move
1535.0,Bihar,Patna,Locality_51,Property_Type,5.0,3594.0,413.28,0.11,2004.0,Semi-furnished,17.0,12.0,21.0,5.0,2.0,High,Yes,Yes,"Gym, Playground, Clubhouse, Pool",North,Builder,Ready_to_Move
1536.0,Delhi,New Delhi,Locality_99,Property_Type,5.0,1293.0,107.83,0.08,2018.0,Unfurnished,6.0,16.0,7.0,1.0,4.0,Medium,Yes,Yes,"Gym, Playground, Clubhouse, Garden",North,Broker,Under_Construction
1537.0,Odisha,Cuttack,Locality_357,Property_Type,4.0,3128.0,126.05,0.04,2009.0,Semi-furnished,29.0,8.0,16.0,9.0,4.0,Low,No,No,Pool,North,Broker,Under_Construction
1538.0,Bihar,Gaya,Locality_49,Property_Type,1.0,667.0,315.66,0.47,2003.0,Furnished,5.0,30.0,22.0,6.0,9.0,High,Yes,No,"Playground, Clubhouse, Garden, Pool, Gym",South,Broker,Under_Construction
1539.0,Kerala,Trivandrum,Locality_331,Property_Type,1.0,2761.0,336.69,0.12,2014.0,Semi-furnished,25.0,23.0,11.0,1.0,10.0,Low,Yes,No,"Garden, Gym, Playground",West,Broker,Under_Construction
1540.0,Punjab,Ludhiana,Locality_240,Property_Type,4.0,850.0,62.4,0.07,1998.0,Furnished,18.0,15.0,27.0,5.0,1.0,Medium,No,Yes,"Pool, Clubhouse, Gym, Garden",West,Builder,Ready_to_Move
1541.0,Jharkhand,Ranchi,Locality_129,Property_Type,4.0,3700.0,430.6,0.12,2003.0,Furnished,1.0,17.0,22.0,7.0,9.0,High,No,No,"Clubhouse, Pool, Gym, Garden",North,Builder,Under_Construction
1542.0,Karnataka,Mangalore,Locality_159,Property_Type,5.0,632.0,222.93,0.35,2016.0,Furnished,20.0,17.0,9.0,5.0,7.0,Medium,No,Yes,"Playground, Clubhouse",South,Builder,Ready_to_Move
1543.0,Madhya Pradesh,Bhopal,Locality_66,Property_Type,4.0,676.0,331.54,0.49,1992.0,Semi-furnished,20.0,11.0,33.0,3.0,1.0,High,Yes,Yes,"Playground, Gym",North,Owner,Under_Construction
1544.0,Assam,Guwahati,Locality_51,Property_Type,5.0,4707.0,117.57,0.02,2008.0,Semi-furnished,3.0,3.0,17.0,7.0,4.0,Low,No,Yes,Pool,North,Builder,Under_Construction
1545.0,Delhi,Dwarka,Locality_447,Property_Type,1.0,3513.0,452.02,0.13,2001.0,Unfurnished,15.0,10.0,24.0,5.0,6.0,High,No,Yes,"Pool, Garden, Clubhouse, Playground",East,Broker,Ready_to_Move
1546.0,Kerala,Kochi,Locality_94,Property_Type,1.0,2136.0,94.05,0.04,2014.0,Unfurnished,24.0,27.0,11.0,6.0,8.0,High,No,No,"Playground, Garden, Clubhouse",West,Builder,Ready_to_Move
1547.0,Bihar,Gaya,Locality_483,Property_Type,2.0,2742.0,86.15,0.03,1997.0,Furnished,22.0,2.0,28.0,5.0,9.0,Low,Yes,Yes,"Garden, Pool, Playground, Gym, Clubhouse",West,Broker,Ready_to_Move
1548.0,Bihar,Patna,Locality_468,Property_Type,5.0,3938.0,420.6,0.11,1999.0,Unfurnished,29.0,23.0,26.0,3.0,3.0,High,Yes,Yes,"Gym, Clubhouse, Pool, Playground, Garden",South,Builder,Ready_to_Move
1549.0,Karnataka,Mangalore,Locality_21,Property_Type,5.0,4654.0,191.94,0.04,1991.0,Semi-furnished,21.0,6.0,34.0,5.0,5.0,Low,Yes,Yes,"Pool, Playground, Garden",North,Owner,Under_Construction
1550.0,Karnataka,Mangalore,Locality_36,Property_Type,5.0,2510.0,146.23,0.06,1999.0,Unfurnished,28.0,3.0,26.0,6.0,5.0,High,No,No,"Garden, Pool, Gym, Clubhouse",West,Builder,Ready_to_Move
1551.0,Madhya Pradesh,Bhopal,Locality_53,Property_Type,3.0,1274.0,409.02,0.32,2006.0,Semi-furnished,26.0,22.0,19.0,1.0,3.0,High,No,Yes,Playground,North,Owner,Ready_to_Move
1552.0,Kerala,Trivandrum,Locality_447,Property_Type,1.0,2863.0,372.02,0.13,1995.0,Unfurnished,4.0,1.0,30.0,1.0,3.0,High,No,Yes,Gym,South,Builder,Under_Construction
1553.0,Delhi,Dwarka,Locality_64,Property_Type,2.0,2265.0,426.58,0.19,2009.0,Semi-furnished,21.0,10.0,16.0,7.0,10.0,Low,No,Yes,"Gym, Playground, Garden, Pool, Clubhouse",East,Builder,Ready_to_Move
1554.0,Delhi,New Delhi,Locality_162,Property_Type,3.0,525.0,390.28,0.74,1995.0,Semi-furnished,17.0,7.0,30.0,6.0,9.0,High,Yes,No,Playground,South,Builder,Ready_to_Move
1555.0,Uttarakhand,Dehradun,Locality_249,Property_Type,1.0,3130.0,23.96,0.01,2004.0,Unfurnished,2.0,9.0,21.0,4.0,10.0,Low,No,Yes,"Garden, Gym, Playground",East,Owner,Ready_to_Move
1556.0,Uttarakhand,Haridwar,Locality_154,Property_Type,2.0,509.0,33.35,0.07,2017.0,Semi-furnished,15.0,22.0,8.0,6.0,8.0,Medium,Yes,No,Playground,South,Owner,Under_Construction
1557.0,Assam,Silchar,Locality_479,Property_Type,1.0,2458.0,140.93,0.06,2011.0,Unfurnished,26.0,16.0,14.0,10.0,10.0,Medium,Yes,Yes,"Gym, Playground",West,Owner,Under_Construction
1558.0,Andhra Pradesh,Vijayawada,Locality_336,Property_Type,2.0,3647.0,170.32,0.05,1997.0,Semi-furnished,29.0,21.0,28.0,10.0,1.0,Medium,Yes,No,"Pool, Gym, Playground",West,Owner,Under_Construction
1559.0,Bihar,Patna,Locality_140,Property_Type,5.0,3924.0,111.53,0.03,1999.0,Furnished,22.0,7.0,26.0,4.0,3.0,High,Yes,Yes,"Garden, Playground",North,Broker,Under_Construction
1560.0,Jharkhand,Ranchi,Locality_186,Property_Type,5.0,2110.0,447.79,0.21,2023.0,Unfurnished,4.0,23.0,2.0,2.0,2.0,Medium,Yes,Yes,"Gym, Clubhouse",North,Broker,Under_Construction
1561.0,Chhattisgarh,Raipur,Locality_446,Property_Type,5.0,1852.0,46.95,0.03,2018.0,Semi-furnished,0.0,8.0,7.0,7.0,3.0,Low,Yes,No,Garden,South,Broker,Ready_to_Move
1562.0,Karnataka,Mysore,Locality_289,Property_Type,3.0,4261.0,396.89,0.09,2015.0,Furnished,16.0,6.0,10.0,6.0,5.0,High,No,No,"Pool, Garden",North,Owner,Ready_to_Move
1563.0,Bihar,Gaya,Locality_285,Property_Type,2.0,1779.0,65.68,0.04,2012.0,Unfurnished,15.0,16.0,13.0,8.0,1.0,Medium,Yes,Yes,"Pool, Garden, Playground, Clubhouse",East,Broker,Under_Construction
1564.0,Jharkhand,Ranchi,Locality_270,Property_Type,3.0,2612.0,452.01,0.17,1995.0,Furnished,20.0,7.0,30.0,5.0,7.0,High,Yes,No,"Playground, Pool, Clubhouse",North,Broker,Under_Construction
1565.0,Uttar Pradesh,Lucknow,Locality_3,Property_Type,1.0,4973.0,352.32,0.07,2023.0,Semi-furnished,5.0,21.0,2.0,6.0,6.0,Low,Yes,Yes,"Clubhouse, Gym, Pool, Playground, Garden",North,Owner,Ready_to_Move
1566.0,Haryana,Gurgaon,Locality_416,Property_Type,4.0,2258.0,122.26,0.05,1999.0,Furnished,12.0,28.0,26.0,2.0,7.0,Low,No,No,"Garden, Gym, Playground, Clubhouse, Pool",East,Broker,Under_Construction
1567.0,Uttarakhand,Haridwar,Locality_229,Property_Type,5.0,2147.0,81.37,0.04,1998.0,Furnished,11.0,3.0,27.0,9.0,9.0,Low,Yes,No,"Playground, Garden, Pool, Clubhouse",North,Owner,Ready_to_Move
1568.0,Odisha,Bhubaneswar,Locality_403,Property_Type,4.0,2913.0,104.87,0.04,2015.0,Semi-furnished,24.0,3.0,10.0,2.0,9.0,Medium,No,Yes,"Gym, Pool, Playground, Garden, Clubhouse",West,Owner,Under_Construction
1569.0,Assam,Guwahati,Locality_288,Property_Type,5.0,4353.0,476.71,0.11,2012.0,Semi-furnished,6.0,18.0,13.0,9.0,3.0,High,No,No,"Pool, Gym, Garden",West,Builder,Under_Construction
1570.0,West Bengal,Kolkata,Locality_309,Property_Type,5.0,1693.0,447.47,0.26,2003.0,Furnished,5.0,10.0,22.0,4.0,3.0,High,Yes,Yes,"Garden, Gym, Clubhouse, Playground, Pool",West,Broker,Ready_to_Move
1571.0,Karnataka,Mangalore,Locality_54,Property_Type,2.0,4131.0,414.47,0.1,2016.0,Unfurnished,14.0,6.0,9.0,10.0,9.0,Low,No,Yes,"Playground, Gym, Garden, Pool",South,Broker,Ready_to_Move
1572.0,Bihar,Patna,Locality_10,Property_Type,5.0,1595.0,397.02,0.25,2008.0,Unfurnished,26.0,16.0,17.0,4.0,1.0,Medium,Yes,Yes,"Pool, Clubhouse, Gym",North,Owner,Under_Construction
1573.0,Tamil Nadu,Chennai,Locality_439,Property_Type,3.0,2475.0,110.75,0.04,2010.0,Furnished,22.0,20.0,15.0,9.0,5.0,High,No,No,"Playground, Gym, Clubhouse, Pool",East,Builder,Under_Construction
1574.0,Haryana,Gurgaon,Locality_221,Property_Type,5.0,3501.0,16.57,0.0,2002.0,Furnished,13.0,25.0,23.0,2.0,9.0,Medium,No,No,"Gym, Garden",South,Owner,Under_Construction
1575.0,Delhi,New Delhi,Locality_495,Property_Type,1.0,876.0,203.34,0.23,2004.0,Semi-furnished,17.0,21.0,21.0,9.0,10.0,High,Yes,No,"Pool, Gym, Garden, Playground",South,Owner,Ready_to_Move
1576.0,Assam,Guwahati,Locality_377,Property_Type,5.0,2923.0,496.14,0.17,1990.0,Semi-furnished,28.0,2.0,35.0,7.0,3.0,High,No,Yes,"Playground, Gym",West,Owner,Under_Construction
1577.0,Gujarat,Ahmedabad,Locality_90,Property_Type,5.0,4817.0,368.67,0.08,2022.0,Furnished,23.0,19.0,3.0,6.0,6.0,Medium,Yes,Yes,"Pool, Playground, Gym, Garden",East,Builder,Under_Construction
1578.0,Karnataka,Mangalore,Locality_63,Property_Type,2.0,4898.0,143.31,0.03,2023.0,Semi-furnished,2.0,13.0,2.0,2.0,1.0,Medium,Yes,Yes,Garden,West,Builder,Ready_to_Move
1579.0,Rajasthan,Jaipur,Locality_275,Property_Type,3.0,2682.0,390.63,0.15,2010.0,Furnished,20.0,8.0,15.0,3.0,3.0,Medium,Yes,Yes,"Gym, Pool, Clubhouse, Playground, Garden",East,Owner,Ready_to_Move
1580.0,Bihar,Patna,Locality_243,Property_Type,3.0,3950.0,473.76,0.12,2004.0,Semi-furnished,11.0,12.0,21.0,10.0,7.0,Low,No,No,"Garden, Playground, Pool, Gym",South,Owner,Ready_to_Move
1581.0,Bihar,Patna,Locality_275,Property_Type,1.0,3451.0,231.5,0.07,1999.0,Furnished,10.0,13.0,26.0,4.0,5.0,Low,No,No,"Gym, Clubhouse, Garden",East,Builder,Under_Construction
1582.0,Assam,Guwahati,Locality_419,Property_Type,2.0,4874.0,65.56,0.01,1991.0,Unfurnished,15.0,23.0,34.0,4.0,5.0,High,Yes,No,"Clubhouse, Playground, Pool, Garden",East,Owner,Under_Construction
1583.0,Assam,Guwahati,Locality_174,Property_Type,3.0,2403.0,386.82,0.16,2007.0,Semi-furnished,7.0,10.0,18.0,1.0,10.0,Low,No,No,"Gym, Clubhouse",South,Broker,Under_Construction
1584.0,Uttarakhand,Dehradun,Locality_103,Property_Type,4.0,2260.0,486.09,0.22,1999.0,Furnished,9.0,17.0,26.0,4.0,9.0,High,Yes,No,"Clubhouse, Gym, Garden",North,Owner,Under_Construction
1585.0,Gujarat,Surat,Locality_359,Property_Type,4.0,4490.0,297.16,0.07,2020.0,Unfurnished,5.0,5.0,5.0,1.0,3.0,Low,Yes,No,"Gym, Clubhouse",East,Broker,Under_Construction
1586.0,Madhya Pradesh,Bhopal,Locality_475,Property_Type,3.0,2691.0,36.46,0.01,1992.0,Semi-furnished,30.0,28.0,33.0,3.0,2.0,Low,Yes,Yes,"Gym, Clubhouse, Playground",South,Broker,Ready_to_Move
1587.0,Madhya Pradesh,Bhopal,Locality_182,Property_Type,2.0,2367.0,265.45,0.11,2016.0,Semi-furnished,9.0,24.0,9.0,10.0,1.0,Low,No,Yes,"Garden, Playground, Gym, Clubhouse, Pool",South,Broker,Ready_to_Move
1588.0,Kerala,Trivandrum,Locality_47,Property_Type,2.0,1727.0,192.84,0.11,2006.0,Semi-furnished,20.0,10.0,19.0,3.0,7.0,High,No,No,"Playground, Garden, Gym, Clubhouse, Pool",East,Builder,Under_Construction
1589.0,Andhra Pradesh,Vishakhapatnam,Locality_317,Property_Type,1.0,3775.0,261.27,0.07,2012.0,Furnished,12.0,11.0,13.0,6.0,7.0,High,Yes,No,"Clubhouse, Garden, Gym, Pool, Playground",West,Owner,Under_Construction
1590.0,Telangana,Hyderabad,Locality_314,Property_Type,4.0,2212.0,488.31,0.22,2022.0,Furnished,7.0,15.0,3.0,6.0,3.0,Medium,No,Yes,Clubhouse,South,Owner,Ready_to_Move
1591.0,Haryana,Faridabad,Locality_336,Property_Type,2.0,3070.0,24.22,0.01,2009.0,Furnished,26.0,8.0,16.0,7.0,2.0,Low,No,Yes,"Playground, Pool, Clubhouse",West,Owner,Under_Construction
1592.0,Uttarakhand,Haridwar,Locality_408,Property_Type,5.0,1049.0,405.19,0.39,2016.0,Semi-furnished,2.0,25.0,9.0,1.0,1.0,Medium,No,Yes,"Playground, Pool",West,Broker,Under_Construction
1593.0,Karnataka,Mangalore,Locality_75,Property_Type,1.0,2144.0,483.72,0.23,2004.0,Semi-furnished,27.0,12.0,21.0,5.0,1.0,High,No,No,"Playground, Pool, Garden",East,Broker,Ready_to_Move
1594.0,Haryana,Gurgaon,Locality_213,Property_Type,4.0,4294.0,401.54,0.09,2004.0,Furnished,13.0,28.0,21.0,1.0,1.0,Low,Yes,No,"Gym, Pool",East,Owner,Ready_to_Move
1595.0,Delhi,New Delhi,Locality_77,Property_Type,5.0,2373.0,263.64,0.11,1995.0,Furnished,9.0,7.0,30.0,3.0,5.0,Medium,Yes,Yes,"Pool, Playground, Gym",South,Broker,Ready_to_Move
1596.0,Haryana,Gurgaon,Locality_17,Property_Type,1.0,2150.0,480.62,0.22,2011.0,Furnished,23.0,13.0,14.0,6.0,6.0,Low,No,Yes,"Garden, Pool, Playground, Clubhouse",East,Broker,Under_Construction
1597.0,Tamil Nadu,Coimbatore,Locality_61,Property_Type,2.0,2259.0,220.93,0.1,2004.0,Unfurnished,5.0,29.0,21.0,2.0,4.0,Low,Yes,Yes,"Gym, Pool, Garden, Clubhouse, Playground",North,Owner,Under_Construction
1598.0,Chhattisgarh,Bilaspur,Locality_451,Property_Type,4.0,4458.0,188.79,0.04,1994.0,Unfurnished,4.0,20.0,31.0,9.0,5.0,High,Yes,Yes,Playground,South,Builder,Under_Construction
1599.0,Andhra Pradesh,Vishakhapatnam,Locality_500,Property_Type,3.0,3638.0,80.42,0.02,2019.0,Furnished,28.0,28.0,6.0,2.0,3.0,Low,No,No,"Pool, Garden, Clubhouse, Playground",East,Owner,Under_Construction
1600.0,Kerala,Kochi,Locality_331,Property_Type,2.0,1412.0,40.34,0.03,1995.0,Furnished,27.0,26.0,30.0,5.0,4.0,Medium,No,No,Pool,North,Broker,Ready_to_Move
1601.0,Punjab,Ludhiana,Locality_26,Property_Type,2.0,725.0,172.41,0.24,2006.0,Furnished,10.0,27.0,19.0,1.0,7.0,Low,No,Yes,"Gym, Clubhouse, Garden, Playground",West,Broker,Ready_to_Move
1602.0,Uttarakhand,Haridwar,Locality_123,Property_Type,4.0,4598.0,348.39,0.08,2004.0,Furnished,18.0,21.0,21.0,3.0,8.0,High,No,No,"Playground, Garden, Gym, Clubhouse, Pool",South,Broker,Under_Construction
1603.0,West Bengal,Durgapur,Locality_435,Property_Type,1.0,511.0,37.3,0.07,1992.0,Unfurnished,11.0,27.0,33.0,10.0,4.0,Medium,No,No,"Garden, Gym, Playground, Pool, Clubhouse",North,Broker,Ready_to_Move
1604.0,Haryana,Faridabad,Locality_41,Property_Type,2.0,1861.0,193.58,0.1,2021.0,Unfurnished,5.0,3.0,4.0,3.0,6.0,Low,Yes,Yes,"Gym, Pool, Garden",North,Broker,Ready_to_Move
1605.0,Delhi,Dwarka,Locality_472,Property_Type,4.0,850.0,167.77,0.2,2016.0,Furnished,21.0,17.0,9.0,2.0,1.0,Medium,Yes,No,"Playground, Garden, Gym",West,Builder,Ready_to_Move
1606.0,Jharkhand,Ranchi,Locality_497,Property_Type,4.0,692.0,387.68,0.56,2019.0,Semi-furnished,25.0,6.0,6.0,2.0,9.0,High,No,Yes,"Pool, Clubhouse",North,Builder,Ready_to_Move
1607.0,West Bengal,Durgapur,Locality_89,Property_Type,3.0,2873.0,67.11,0.02,2021.0,Semi-furnished,6.0,16.0,4.0,2.0,6.0,Medium,No,Yes,"Gym, Clubhouse, Playground",East,Broker,Ready_to_Move
1608.0,Madhya Pradesh,Bhopal,Locality_39,Property_Type,4.0,3056.0,151.34,0.05,1999.0,Furnished,1.0,5.0,26.0,1.0,3.0,High,No,No,"Playground, Garden",East,Broker,Under_Construction
1609.0,Kerala,Kochi,Locality_383,Property_Type,2.0,3173.0,353.67,0.11,2013.0,Semi-furnished,6.0,18.0,12.0,3.0,1.0,Low,Yes,No,"Clubhouse, Gym, Pool",South,Owner,Under_Construction
1610.0,Andhra Pradesh,Vijayawada,Locality_333,Property_Type,4.0,2838.0,310.76,0.11,2011.0,Semi-furnished,12.0,16.0,14.0,2.0,10.0,Low,Yes,Yes,"Pool, Playground, Gym, Clubhouse, Garden",West,Broker,Under_Construction
1611.0,West Bengal,Durgapur,Locality_333,Property_Type,1.0,633.0,186.3,0.29,2002.0,Semi-furnished,18.0,1.0,23.0,1.0,9.0,High,No,Yes,"Garden, Gym, Pool",West,Owner,Ready_to_Move
1612.0,Uttarakhand,Dehradun,Locality_403,Property_Type,3.0,3340.0,364.6,0.11,2013.0,Semi-furnished,10.0,8.0,12.0,5.0,2.0,High,Yes,No,"Clubhouse, Garden",West,Owner,Under_Construction
1613.0,Delhi,Dwarka,Locality_365,Property_Type,1.0,3922.0,134.96,0.03,2002.0,Furnished,6.0,8.0,23.0,2.0,3.0,Low,Yes,Yes,"Clubhouse, Gym, Pool, Playground",East,Owner,Ready_to_Move
1614.0,Kerala,Trivandrum,Locality_481,Property_Type,3.0,502.0,97.21,0.19,2011.0,Furnished,15.0,2.0,14.0,4.0,9.0,Low,No,No,Garden,North,Owner,Under_Construction
1615.0,Chhattisgarh,Raipur,Locality_365,Property_Type,3.0,1096.0,236.9,0.22,1996.0,Semi-furnished,24.0,2.0,29.0,9.0,8.0,Medium,Yes,No,"Playground, Pool",South,Broker,Ready_to_Move
1616.0,Andhra Pradesh,Vijayawada,Locality_396,Property_Type,4.0,938.0,345.54,0.37,1993.0,Furnished,21.0,26.0,32.0,8.0,4.0,Medium,No,Yes,"Playground, Garden, Gym",East,Builder,Ready_to_Move
1617.0,Haryana,Faridabad,Locality_471,Property_Type,3.0,3646.0,361.65,0.1,1998.0,Furnished,24.0,12.0,27.0,7.0,3.0,Medium,No,Yes,"Gym, Playground, Pool",East,Builder,Under_Construction
1618.0,West Bengal,Durgapur,Locality_82,Property_Type,4.0,3787.0,130.03,0.03,2022.0,Semi-furnished,13.0,26.0,3.0,9.0,4.0,High,Yes,No,"Pool, Gym",South,Owner,Under_Construction
1619.0,Assam,Guwahati,Locality_378,Property_Type,2.0,4510.0,79.77,0.02,2007.0,Semi-furnished,7.0,2.0,18.0,8.0,3.0,Medium,Yes,Yes,"Garden, Clubhouse, Playground",South,Owner,Ready_to_Move
1620.0,Delhi,New Delhi,Locality_1,Property_Type,4.0,4823.0,362.8,0.08,1991.0,Semi-furnished,15.0,7.0,34.0,3.0,2.0,Medium,No,Yes,"Playground, Pool, Garden",East,Broker,Ready_to_Move
1621.0,Telangana,Hyderabad,Locality_452,Property_Type,4.0,2334.0,91.47,0.04,2014.0,Semi-furnished,2.0,17.0,11.0,3.0,1.0,High,Yes,Yes,"Gym, Pool, Garden, Playground",West,Builder,Ready_to_Move
1622.0,Assam,Guwahati,Locality_290,Property_Type,1.0,4762.0,230.55,0.05,1991.0,Unfurnished,5.0,17.0,34.0,8.0,5.0,Low,Yes,No,"Gym, Playground",North,Builder,Ready_to_Move
1623.0,Madhya Pradesh,Indore,Locality_389,Property_Type,1.0,678.0,193.01,0.28,2008.0,Semi-furnished,23.0,20.0,17.0,10.0,4.0,Medium,No,Yes,"Gym, Playground, Pool, Garden",South,Broker,Under_Construction
1624.0,Maharashtra,Pune,Locality_198,Property_Type,5.0,3787.0,406.96,0.11,2020.0,Semi-furnished,3.0,16.0,5.0,1.0,7.0,Low,Yes,Yes,"Garden, Pool",South,Owner,Under_Construction
1625.0,Madhya Pradesh,Indore,Locality_117,Property_Type,5.0,1041.0,247.24,0.24,2022.0,Unfurnished,22.0,11.0,3.0,5.0,5.0,Low,Yes,Yes,"Clubhouse, Garden",South,Owner,Under_Construction
1626.0,Kerala,Trivandrum,Locality_458,Property_Type,1.0,3905.0,116.57,0.03,1998.0,Furnished,13.0,8.0,27.0,6.0,1.0,Low,No,Yes,Pool,South,Owner,Under_Construction
1627.0,Gujarat,Ahmedabad,Locality_185,Property_Type,1.0,1940.0,410.3,0.21,1996.0,Furnished,3.0,13.0,29.0,10.0,7.0,Low,No,No,"Garden, Pool, Clubhouse, Playground, Gym",West,Broker,Ready_to_Move
1628.0,Uttar Pradesh,Lucknow,Locality_422,Property_Type,3.0,3668.0,484.06,0.13,1999.0,Furnished,0.0,21.0,26.0,4.0,5.0,Low,Yes,No,"Garden, Playground",South,Broker,Under_Construction
1629.0,Haryana,Gurgaon,Locality_325,Property_Type,5.0,4705.0,137.6,0.03,1997.0,Furnished,5.0,28.0,28.0,8.0,6.0,Medium,No,No,"Pool, Playground, Clubhouse",East,Broker,Under_Construction
1630.0,Odisha,Bhubaneswar,Locality_498,Property_Type,1.0,4765.0,101.01,0.02,2009.0,Semi-furnished,16.0,17.0,16.0,10.0,5.0,High,Yes,Yes,"Garden, Clubhouse, Playground, Pool",West,Builder,Ready_to_Move
1631.0,Uttar Pradesh,Noida,Locality_177,Property_Type,2.0,745.0,183.77,0.25,2021.0,Semi-furnished,11.0,13.0,4.0,4.0,2.0,High,Yes,Yes,Playground,North,Broker,Ready_to_Move
1632.0,Rajasthan,Jaipur,Locality_158,Property_Type,2.0,711.0,172.08,0.24,1992.0,Furnished,11.0,11.0,33.0,6.0,9.0,Low,No,Yes,"Clubhouse, Gym, Playground, Pool",North,Builder,Under_Construction
1633.0,West Bengal,Kolkata,Locality_241,Property_Type,3.0,1418.0,445.68,0.31,2014.0,Unfurnished,9.0,20.0,11.0,5.0,4.0,Low,Yes,Yes,"Pool, Garden, Gym",South,Builder,Ready_to_Move
1634.0,West Bengal,Durgapur,Locality_166,Property_Type,3.0,4386.0,83.51,0.02,2018.0,Unfurnished,12.0,29.0,7.0,3.0,3.0,High,No,No,"Gym, Clubhouse, Playground",West,Broker,Under_Construction
1635.0,Delhi,Dwarka,Locality_67,Property_Type,2.0,817.0,343.53,0.42,2021.0,Furnished,22.0,7.0,4.0,7.0,6.0,Medium,Yes,No,"Clubhouse, Playground, Garden, Gym",West,Owner,Ready_to_Move
1636.0,Kerala,Kochi,Locality_120,Property_Type,2.0,4678.0,482.38,0.1,2003.0,Semi-furnished,9.0,26.0,22.0,10.0,1.0,Low,No,No,"Pool, Gym, Garden, Clubhouse",North,Broker,Ready_to_Move
1637.0,Tamil Nadu,Chennai,Locality_481,Property_Type,4.0,3303.0,48.76,0.01,1996.0,Furnished,1.0,4.0,29.0,3.0,8.0,Medium,No,Yes,"Clubhouse, Garden, Pool, Playground, Gym",South,Builder,Ready_to_Move
1638.0,Assam,Silchar,Locality_456,Property_Type,2.0,4582.0,371.24,0.08,2002.0,Unfurnished,12.0,27.0,23.0,5.0,10.0,Low,No,No,Pool,East,Builder,Under_Construction
1639.0,Chhattisgarh,Raipur,Locality_49,Property_Type,3.0,3146.0,53.27,0.02,2017.0,Unfurnished,11.0,5.0,8.0,10.0,5.0,Low,No,No,Clubhouse,West,Builder,Under_Construction
1640.0,Assam,Silchar,Locality_240,Property_Type,4.0,3606.0,171.41,0.05,2019.0,Unfurnished,29.0,8.0,6.0,10.0,9.0,Low,No,No,"Clubhouse, Playground, Pool, Gym, Garden",South,Builder,Under_Construction
1641.0,Karnataka,Mysore,Locality_467,Property_Type,3.0,1165.0,463.73,0.4,2000.0,Unfurnished,22.0,2.0,25.0,3.0,7.0,Medium,Yes,Yes,"Playground, Pool, Gym, Garden, Clubhouse",West,Builder,Ready_to_Move
1642.0,Haryana,Faridabad,Locality_51,Property_Type,4.0,504.0,285.85,0.57,2019.0,Semi-furnished,20.0,10.0,6.0,6.0,5.0,High,Yes,No,Playground,West,Broker,Ready_to_Move
1643.0,Uttarakhand,Haridwar,Locality_454,Property_Type,2.0,1230.0,299.18,0.24,2006.0,Semi-furnished,8.0,5.0,19.0,10.0,2.0,High,Yes,Yes,"Gym, Clubhouse, Pool, Playground",West,Builder,Under_Construction
1644.0,West Bengal,Durgapur,Locality_162,Property_Type,1.0,3035.0,202.06,0.07,2013.0,Unfurnished,28.0,12.0,12.0,5.0,7.0,Medium,Yes,No,"Playground, Clubhouse",East,Broker,Under_Construction
1645.0,Uttarakhand,Haridwar,Locality_85,Property_Type,4.0,2521.0,177.59,0.07,2023.0,Unfurnished,7.0,19.0,2.0,8.0,1.0,Low,Yes,No,"Garden, Pool, Clubhouse",South,Broker,Under_Construction
1646.0,Andhra Pradesh,Vijayawada,Locality_150,Property_Type,4.0,3535.0,56.06,0.02,2005.0,Unfurnished,2.0,1.0,20.0,3.0,3.0,Medium,Yes,Yes,Gym,North,Owner,Under_Construction
1647.0,West Bengal,Durgapur,Locality_107,Property_Type,4.0,1460.0,212.58,0.15,1992.0,Unfurnished,6.0,13.0,33.0,7.0,5.0,Medium,No,Yes,"Clubhouse, Playground",North,Broker,Under_Construction
1648.0,Gujarat,Ahmedabad,Locality_68,Property_Type,1.0,2376.0,199.68,0.08,2019.0,Semi-furnished,28.0,15.0,6.0,10.0,6.0,High,Yes,Yes,"Pool, Garden, Gym, Playground, Clubhouse",East,Owner,Ready_to_Move
1649.0,Gujarat,Surat,Locality_163,Property_Type,4.0,3230.0,212.37,0.07,2000.0,Furnished,1.0,11.0,25.0,8.0,7.0,Low,Yes,No,"Gym, Playground, Garden",South,Builder,Under_Construction
1650.0,Uttarakhand,Dehradun,Locality_180,Property_Type,2.0,2656.0,329.45,0.12,2000.0,Furnished,11.0,9.0,25.0,10.0,5.0,Low,No,Yes,"Pool, Garden, Playground",North,Owner,Ready_to_Move
1651.0,Gujarat,Ahmedabad,Locality_298,Property_Type,3.0,3815.0,462.69,0.12,1998.0,Furnished,3.0,11.0,27.0,8.0,5.0,Low,No,Yes,"Gym, Playground, Garden, Pool, Clubhouse",North,Broker,Ready_to_Move
1652.0,Bihar,Gaya,Locality_54,Property_Type,4.0,3996.0,225.35,0.06,1990.0,Furnished,15.0,20.0,35.0,10.0,9.0,Medium,No,Yes,"Pool, Garden",North,Broker,Ready_to_Move
1653.0,Karnataka,Mysore,Locality_485,Property_Type,1.0,3661.0,182.92,0.05,2000.0,Unfurnished,23.0,1.0,25.0,7.0,10.0,High,No,No,"Playground, Gym, Clubhouse",North,Builder,Ready_to_Move
1654.0,Telangana,Warangal,Locality_488,Property_Type,4.0,3433.0,357.46,0.1,2021.0,Unfurnished,25.0,11.0,4.0,7.0,3.0,High,No,No,"Pool, Playground, Gym",North,Builder,Ready_to_Move
1655.0,Madhya Pradesh,Bhopal,Locality_202,Property_Type,5.0,4253.0,399.89,0.09,2015.0,Semi-furnished,26.0,11.0,10.0,1.0,4.0,High,Yes,No,"Garden, Playground, Pool, Gym",North,Broker,Ready_to_Move
1656.0,Rajasthan,Jaipur,Locality_363,Property_Type,2.0,2313.0,297.42,0.13,1997.0,Furnished,25.0,14.0,28.0,1.0,8.0,Medium,No,Yes,"Garden, Playground, Clubhouse",West,Builder,Ready_to_Move
1657.0,Bihar,Gaya,Locality_349,Property_Type,3.0,3318.0,394.56,0.12,2001.0,Furnished,3.0,23.0,24.0,5.0,2.0,High,Yes,Yes,"Gym, Playground, Pool",East,Owner,Under_Construction
1658.0,Uttarakhand,Dehradun,Locality_150,Property_Type,5.0,785.0,368.91,0.47,1997.0,Semi-furnished,24.0,21.0,28.0,6.0,8.0,Medium,Yes,Yes,"Garden, Pool, Playground, Gym, Clubhouse",South,Builder,Under_Construction
1659.0,Kerala,Trivandrum,Locality_419,Property_Type,4.0,1103.0,385.11,0.35,2008.0,Semi-furnished,5.0,27.0,17.0,10.0,10.0,High,No,Yes,"Playground, Gym, Clubhouse, Pool, Garden",North,Broker,Under_Construction
1660.0,Bihar,Patna,Locality_454,Property_Type,1.0,2144.0,86.05,0.04,2010.0,Semi-furnished,17.0,6.0,15.0,6.0,7.0,Medium,Yes,Yes,"Clubhouse, Gym, Pool, Garden, Playground",South,Broker,Under_Construction
1661.0,Rajasthan,Jaipur,Locality_397,Property_Type,3.0,4620.0,273.0,0.06,1995.0,Semi-furnished,29.0,17.0,30.0,2.0,1.0,Medium,Yes,Yes,Playground,West,Owner,Under_Construction
1662.0,Chhattisgarh,Bilaspur,Locality_79,Property_Type,1.0,3310.0,321.08,0.1,2007.0,Semi-furnished,2.0,8.0,18.0,4.0,4.0,Medium,Yes,No,"Playground, Gym, Pool",West,Owner,Ready_to_Move
1663.0,Rajasthan,Jodhpur,Locality_260,Property_Type,3.0,3638.0,380.2,0.1,2007.0,Unfurnished,19.0,12.0,18.0,6.0,9.0,Medium,Yes,No,"Pool, Clubhouse",East,Builder,Under_Construction
1664.0,Kerala,Kochi,Locality_9,Property_Type,5.0,3998.0,406.32,0.1,2022.0,Semi-furnished,30.0,17.0,3.0,2.0,10.0,High,No,No,"Clubhouse, Garden",East,Broker,Under_Construction
1665.0,Odisha,Bhubaneswar,Locality_175,Property_Type,3.0,2931.0,96.5,0.03,2003.0,Furnished,14.0,6.0,22.0,2.0,9.0,High,Yes,No,"Garden, Playground",West,Owner,Under_Construction
1666.0,Uttar Pradesh,Noida,Locality_168,Property_Type,4.0,3962.0,31.58,0.01,2007.0,Furnished,25.0,5.0,18.0,3.0,10.0,Medium,Yes,Yes,"Pool, Playground, Clubhouse, Garden",East,Builder,Under_Construction
1667.0,Madhya Pradesh,Indore,Locality_57,Property_Type,3.0,641.0,378.27,0.59,2003.0,Semi-furnished,19.0,23.0,22.0,4.0,10.0,Medium,Yes,No,"Clubhouse, Pool, Playground",East,Builder,Ready_to_Move
1668.0,Jharkhand,Jamshedpur,Locality_366,Property_Type,2.0,4079.0,151.66,0.04,2010.0,Unfurnished,20.0,8.0,15.0,5.0,2.0,Medium,Yes,No,"Garden, Gym",South,Broker,Ready_to_Move
1669.0,Bihar,Patna,Locality_448,Property_Type,5.0,2765.0,430.76,0.16,1993.0,Furnished,5.0,26.0,32.0,1.0,5.0,High,No,No,"Pool, Gym, Playground, Clubhouse",North,Owner,Under_Construction
1670.0,Bihar,Gaya,Locality_269,Property_Type,4.0,2826.0,497.75,0.18,2017.0,Furnished,11.0,24.0,8.0,5.0,2.0,Medium,No,No,"Playground, Gym, Pool",North,Owner,Ready_to_Move
1671.0,Kerala,Trivandrum,Locality_336,Property_Type,2.0,2685.0,347.34,0.13,1991.0,Unfurnished,27.0,3.0,34.0,10.0,4.0,High,No,Yes,"Pool, Clubhouse",East,Builder,Under_Construction
1672.0,Andhra Pradesh,Vijayawada,Locality_441,Property_Type,3.0,4241.0,350.88,0.08,2023.0,Furnished,0.0,28.0,2.0,1.0,10.0,High,Yes,Yes,Playground,South,Owner,Ready_to_Move
1673.0,Assam,Guwahati,Locality_113,Property_Type,5.0,3022.0,206.26,0.07,2022.0,Unfurnished,24.0,25.0,3.0,6.0,10.0,Low,Yes,Yes,"Garden, Gym, Pool",North,Broker,Under_Construction
1674.0,Assam,Silchar,Locality_101,Property_Type,1.0,4547.0,77.66,0.02,2021.0,Semi-furnished,16.0,19.0,4.0,8.0,7.0,High,No,Yes,"Garden, Gym, Clubhouse",North,Builder,Ready_to_Move
1675.0,Telangana,Warangal,Locality_285,Property_Type,1.0,1534.0,376.02,0.25,2011.0,Semi-furnished,2.0,15.0,14.0,1.0,6.0,Medium,No,No,"Playground, Garden, Gym, Pool, Clubhouse",North,Builder,Under_Construction
1676.0,Gujarat,Ahmedabad,Locality_433,Property_Type,2.0,3470.0,39.0,0.01,2008.0,Semi-furnished,25.0,29.0,17.0,5.0,3.0,Medium,Yes,Yes,"Pool, Gym, Clubhouse, Garden",West,Broker,Ready_to_Move
1677.0,Uttar Pradesh,Lucknow,Locality_156,Property_Type,3.0,4285.0,390.62,0.09,2015.0,Furnished,10.0,23.0,10.0,3.0,7.0,Medium,Yes,No,"Garden, Gym, Playground",East,Broker,Under_Construction
1678.0,Uttarakhand,Haridwar,Locality_103,Property_Type,1.0,1796.0,373.86,0.21,2006.0,Semi-furnished,30.0,7.0,19.0,6.0,1.0,Low,Yes,Yes,"Clubhouse, Pool, Gym",North,Broker,Under_Construction
1679.0,West Bengal,Kolkata,Locality_112,Property_Type,1.0,4447.0,178.35,0.04,1999.0,Furnished,14.0,4.0,26.0,8.0,2.0,Low,Yes,No,"Playground, Garden",East,Owner,Ready_to_Move
1680.0,Punjab,Amritsar,Locality_26,Property_Type,3.0,2885.0,244.91,0.08,2019.0,Furnished,30.0,23.0,6.0,10.0,1.0,Low,No,Yes,"Gym, Playground, Pool, Clubhouse, Garden",North,Broker,Under_Construction
1681.0,Karnataka,Bangalore,Locality_405,Property_Type,5.0,2047.0,166.17,0.08,2010.0,Furnished,2.0,30.0,15.0,6.0,8.0,Low,Yes,No,"Gym, Playground",North,Owner,Ready_to_Move
1682.0,Odisha,Cuttack,Locality_302,Property_Type,1.0,4372.0,207.67,0.05,2012.0,Unfurnished,21.0,23.0,13.0,10.0,6.0,Medium,No,Yes,"Clubhouse, Playground, Garden, Pool, Gym",East,Builder,Ready_to_Move
1683.0,Madhya Pradesh,Bhopal,Locality_62,Property_Type,2.0,3271.0,44.78,0.01,2009.0,Furnished,17.0,12.0,16.0,7.0,7.0,High,Yes,Yes,"Clubhouse, Garden, Playground, Pool, Gym",West,Builder,Ready_to_Move
1684.0,Chhattisgarh,Raipur,Locality_274,Property_Type,3.0,3296.0,114.58,0.03,2002.0,Unfurnished,26.0,23.0,23.0,9.0,5.0,Low,No,No,"Clubhouse, Garden, Playground, Gym, Pool",East,Builder,Under_Construction
1685.0,Tamil Nadu,Chennai,Locality_135,Property_Type,1.0,1937.0,329.27,0.17,2020.0,Furnished,17.0,2.0,5.0,10.0,5.0,High,No,Yes,Clubhouse,West,Broker,Ready_to_Move
1686.0,Assam,Guwahati,Locality_433,Property_Type,5.0,4834.0,407.61,0.08,2002.0,Furnished,1.0,9.0,23.0,8.0,6.0,Low,No,Yes,"Garden, Clubhouse, Playground, Gym, Pool",East,Builder,Under_Construction
1687.0,Tamil Nadu,Coimbatore,Locality_53,Property_Type,2.0,4143.0,154.65,0.04,2006.0,Semi-furnished,0.0,15.0,19.0,6.0,6.0,Low,Yes,Yes,Garden,East,Owner,Under_Construction
1688.0,Kerala,Trivandrum,Locality_378,Property_Type,4.0,1373.0,152.53,0.11,2006.0,Unfurnished,28.0,15.0,19.0,6.0,6.0,High,No,Yes,"Playground, Gym",West,Broker,Under_Construction
1689.0,Delhi,New Delhi,Locality_58,Property_Type,4.0,2756.0,268.08,0.1,1999.0,Furnished,27.0,4.0,26.0,1.0,8.0,Low,Yes,Yes,"Pool, Garden, Playground",South,Broker,Under_Construction
1690.0,Gujarat,Surat,Locality_132,Property_Type,4.0,701.0,437.8,0.62,1996.0,Semi-furnished,11.0,8.0,29.0,3.0,3.0,Medium,Yes,No,Pool,West,Owner,Under_Construction
1691.0,Punjab,Ludhiana,Locality_197,Property_Type,5.0,3097.0,189.7,0.06,1999.0,Unfurnished,28.0,25.0,26.0,2.0,4.0,High,Yes,No,Playground,North,Builder,Under_Construction
1692.0,Bihar,Gaya,Locality_243,Property_Type,1.0,2897.0,363.59,0.13,2006.0,Unfurnished,3.0,7.0,19.0,9.0,8.0,High,Yes,Yes,Clubhouse,South,Owner,Under_Construction
1693.0,Assam,Silchar,Locality_463,Property_Type,2.0,1825.0,379.86,0.21,2006.0,Semi-furnished,25.0,11.0,19.0,4.0,5.0,Low,No,No,"Playground, Garden, Pool, Gym",West,Broker,Ready_to_Move
1694.0,West Bengal,Durgapur,Locality_468,Property_Type,1.0,4264.0,474.04,0.11,2010.0,Unfurnished,23.0,24.0,15.0,4.0,2.0,High,No,No,"Garden, Gym, Clubhouse, Playground, Pool",West,Owner,Ready_to_Move
1695.0,Telangana,Warangal,Locality_283,Property_Type,3.0,2735.0,126.67,0.05,2015.0,Semi-furnished,2.0,29.0,10.0,4.0,7.0,High,Yes,Yes,"Playground, Clubhouse, Garden, Gym",North,Builder,Under_Construction
1696.0,Delhi,New Delhi,Locality_430,Property_Type,1.0,4843.0,390.11,0.08,1990.0,Semi-furnished,7.0,23.0,35.0,4.0,10.0,High,No,No,"Gym, Garden, Playground, Clubhouse",North,Builder,Under_Construction
1697.0,Rajasthan,Jaipur,Locality_461,Property_Type,4.0,3643.0,382.83,0.11,2001.0,Furnished,30.0,17.0,24.0,10.0,8.0,Low,No,Yes,"Gym, Playground, Garden, Clubhouse, Pool",East,Owner,Under_Construction
1698.0,Bihar,Patna,Locality_133,Property_Type,5.0,1109.0,404.44,0.36,2003.0,Furnished,11.0,26.0,22.0,10.0,9.0,High,Yes,No,"Garden, Pool, Playground",East,Owner,Under_Construction
1699.0,Madhya Pradesh,Bhopal,Locality_395,Property_Type,2.0,4875.0,486.09,0.1,2000.0,Unfurnished,13.0,27.0,25.0,7.0,8.0,Medium,No,No,"Garden, Gym, Pool, Clubhouse",East,Builder,Ready_to_Move
1700.0,Maharashtra,Nagpur,Locality_404,Property_Type,3.0,4006.0,409.74,0.1,2010.0,Semi-furnished,2.0,8.0,15.0,3.0,10.0,Low,No,No,"Gym, Garden",North,Broker,Under_Construction
1701.0,Telangana,Hyderabad,Locality_441,Property_Type,1.0,4008.0,78.01,0.02,2005.0,Semi-furnished,12.0,23.0,20.0,10.0,5.0,Medium,No,No,"Gym, Pool",West,Broker,Ready_to_Move
1702.0,Karnataka,Mysore,Locality_196,Property_Type,3.0,1106.0,126.94,0.11,2010.0,Unfurnished,23.0,18.0,15.0,3.0,3.0,High,No,No,"Playground, Clubhouse, Gym, Pool",South,Builder,Under_Construction
1703.0,Andhra Pradesh,Vishakhapatnam,Locality_319,Property_Type,3.0,2381.0,226.75,0.1,2003.0,Furnished,18.0,1.0,22.0,2.0,8.0,Low,Yes,No,"Playground, Garden",West,Builder,Ready_to_Move
1704.0,Assam,Silchar,Locality_456,Property_Type,4.0,2458.0,294.87,0.12,2015.0,Unfurnished,13.0,29.0,10.0,8.0,10.0,High,Yes,Yes,"Clubhouse, Garden",South,Builder,Under_Construction
1705.0,Madhya Pradesh,Bhopal,Locality_120,Property_Type,2.0,1524.0,101.52,0.07,2001.0,Unfurnished,14.0,29.0,24.0,9.0,3.0,Low,No,Yes,"Pool, Gym, Playground",South,Broker,Ready_to_Move
1706.0,Rajasthan,Jodhpur,Locality_430,Property_Type,1.0,3934.0,265.6,0.07,2018.0,Unfurnished,21.0,18.0,7.0,4.0,4.0,Medium,No,Yes,Pool,West,Builder,Under_Construction
1707.0,Andhra Pradesh,Vishakhapatnam,Locality_166,Property_Type,3.0,1233.0,422.6,0.34,2022.0,Semi-furnished,0.0,3.0,3.0,5.0,10.0,Medium,Yes,Yes,"Playground, Pool, Clubhouse, Garden, Gym",East,Broker,Ready_to_Move
1708.0,Delhi,Dwarka,Locality_459,Property_Type,1.0,3979.0,81.15,0.02,2006.0,Unfurnished,20.0,12.0,19.0,8.0,5.0,Medium,No,No,Pool,South,Owner,Under_Construction
1709.0,Madhya Pradesh,Indore,Locality_162,Property_Type,3.0,1696.0,107.21,0.06,2020.0,Semi-furnished,28.0,9.0,5.0,9.0,3.0,High,No,Yes,Pool,West,Broker,Ready_to_Move
1710.0,Rajasthan,Jodhpur,Locality_476,Property_Type,3.0,2242.0,313.47,0.14,2023.0,Semi-furnished,27.0,23.0,2.0,9.0,5.0,High,Yes,Yes,"Gym, Garden, Pool, Clubhouse",North,Builder,Ready_to_Move
1711.0,Maharashtra,Mumbai,Locality_400,Property_Type,1.0,3523.0,466.43,0.13,2005.0,Unfurnished,24.0,2.0,20.0,7.0,8.0,Low,No,No,"Playground, Gym",East,Builder,Ready_to_Move
1712.0,Haryana,Gurgaon,Locality_249,Property_Type,3.0,4723.0,235.8,0.05,1996.0,Unfurnished,16.0,6.0,29.0,1.0,3.0,Medium,Yes,No,"Pool, Playground, Garden, Gym",East,Builder,Under_Construction
1713.0,Tamil Nadu,Coimbatore,Locality_144,Property_Type,1.0,1987.0,255.71,0.13,1995.0,Unfurnished,5.0,11.0,30.0,1.0,7.0,High,Yes,Yes,"Garden, Playground, Pool",East,Broker,Under_Construction
1714.0,Haryana,Gurgaon,Locality_169,Property_Type,3.0,623.0,423.72,0.68,1990.0,Semi-furnished,13.0,21.0,35.0,6.0,3.0,Low,Yes,Yes,"Gym, Pool, Clubhouse, Garden, Playground",North,Broker,Ready_to_Move
1715.0,West Bengal,Durgapur,Locality_328,Property_Type,3.0,972.0,316.01,0.33,2015.0,Semi-furnished,11.0,8.0,10.0,5.0,1.0,Medium,No,Yes,"Pool, Gym, Clubhouse, Playground",East,Broker,Under_Construction
1716.0,West Bengal,Kolkata,Locality_205,Property_Type,2.0,1483.0,32.86,0.02,1997.0,Furnished,8.0,14.0,28.0,8.0,9.0,Medium,Yes,No,"Garden, Pool, Gym, Clubhouse, Playground",East,Builder,Ready_to_Move
1717.0,Karnataka,Mangalore,Locality_419,Property_Type,2.0,975.0,190.56,0.2,2003.0,Semi-furnished,21.0,13.0,22.0,5.0,1.0,High,Yes,Yes,"Garden, Pool, Playground, Gym, Clubhouse",East,Owner,Under_Construction
1718.0,Kerala,Kochi,Locality_194,Property_Type,3.0,1667.0,98.66,0.06,2012.0,Semi-furnished,19.0,17.0,13.0,9.0,8.0,Medium,No,No,"Playground, Clubhouse",South,Owner,Under_Construction
1719.0,Odisha,Cuttack,Locality_338,Property_Type,4.0,3157.0,21.35,0.01,1993.0,Semi-furnished,27.0,1.0,32.0,5.0,6.0,Medium,No,No,"Garden, Gym, Clubhouse",East,Owner,Under_Construction
1720.0,West Bengal,Kolkata,Locality_496,Property_Type,1.0,1864.0,11.36,0.01,2014.0,Unfurnished,2.0,7.0,11.0,7.0,2.0,Medium,No,Yes,"Gym, Garden, Clubhouse, Playground, Pool",West,Builder,Under_Construction
1721.0,Odisha,Cuttack,Locality_223,Property_Type,1.0,1658.0,312.73,0.19,2012.0,Unfurnished,8.0,23.0,13.0,7.0,8.0,High,No,No,"Garden, Pool, Gym, Playground",East,Broker,Under_Construction
1722.0,Bihar,Gaya,Locality_398,Property_Type,2.0,1472.0,121.32,0.08,2010.0,Semi-furnished,18.0,22.0,15.0,3.0,5.0,High,No,Yes,"Clubhouse, Playground, Gym, Pool",East,Owner,Under_Construction
1723.0,Uttarakhand,Haridwar,Locality_397,Property_Type,2.0,4260.0,291.7,0.07,2015.0,Furnished,2.0,20.0,10.0,4.0,6.0,High,No,Yes,"Pool, Playground",South,Broker,Ready_to_Move
1724.0,Maharashtra,Pune,Locality_271,Property_Type,5.0,4973.0,87.36,0.02,1994.0,Unfurnished,14.0,6.0,31.0,7.0,7.0,Low,Yes,Yes,"Pool, Playground, Clubhouse, Garden, Gym",South,Builder,Ready_to_Move
1725.0,Delhi,New Delhi,Locality_62,Property_Type,5.0,1326.0,490.25,0.37,2001.0,Unfurnished,6.0,28.0,24.0,7.0,8.0,Medium,No,No,"Garden, Pool, Gym, Playground, Clubhouse",East,Broker,Under_Construction
1726.0,Maharashtra,Mumbai,Locality_314,Property_Type,3.0,2849.0,135.86,0.05,2003.0,Furnished,22.0,5.0,22.0,5.0,4.0,High,Yes,Yes,"Pool, Playground, Garden, Gym, Clubhouse",West,Owner,Under_Construction
1727.0,Punjab,Ludhiana,Locality_163,Property_Type,4.0,2355.0,22.64,0.01,1993.0,Unfurnished,23.0,28.0,32.0,1.0,4.0,Low,Yes,No,Pool,South,Broker,Ready_to_Move
1728.0,Uttar Pradesh,Lucknow,Locality_333,Property_Type,3.0,2080.0,34.89,0.02,2012.0,Furnished,10.0,20.0,13.0,8.0,5.0,High,Yes,No,Clubhouse,South,Builder,Ready_to_Move
1729.0,West Bengal,Kolkata,Locality_436,Property_Type,2.0,664.0,350.39,0.53,2011.0,Semi-furnished,19.0,23.0,14.0,2.0,3.0,High,No,Yes,"Playground, Clubhouse",South,Builder,Ready_to_Move
1730.0,Chhattisgarh,Bilaspur,Locality_84,Property_Type,4.0,2048.0,476.61,0.23,2022.0,Semi-furnished,10.0,13.0,3.0,3.0,2.0,Low,No,No,"Pool, Clubhouse, Gym, Playground",North,Broker,Ready_to_Move
1731.0,Uttarakhand,Haridwar,Locality_86,Property_Type,2.0,3571.0,318.93,0.09,2016.0,Semi-furnished,24.0,9.0,9.0,4.0,7.0,High,Yes,No,"Pool, Clubhouse, Gym, Garden, Playground",West,Owner,Under_Construction
1732.0,Assam,Silchar,Locality_98,Property_Type,1.0,4118.0,137.55,0.03,1990.0,Unfurnished,2.0,23.0,35.0,9.0,5.0,High,Yes,No,"Garden, Clubhouse, Pool, Gym",West,Owner,Ready_to_Move
1733.0,Telangana,Warangal,Locality_76,Property_Type,4.0,2283.0,213.92,0.09,1997.0,Unfurnished,7.0,6.0,28.0,7.0,8.0,High,No,Yes,"Clubhouse, Gym, Pool",North,Broker,Under_Construction
1734.0,Tamil Nadu,Chennai,Locality_230,Property_Type,4.0,2027.0,454.02,0.22,2019.0,Semi-furnished,18.0,18.0,6.0,9.0,4.0,High,No,No,"Garden, Pool",North,Owner,Ready_to_Move
1735.0,Kerala,Trivandrum,Locality_239,Property_Type,5.0,3127.0,447.02,0.14,2000.0,Furnished,10.0,16.0,25.0,6.0,10.0,High,No,No,"Garden, Gym",North,Builder,Ready_to_Move
1736.0,Rajasthan,Jaipur,Locality_95,Property_Type,3.0,4748.0,112.72,0.02,1993.0,Unfurnished,2.0,9.0,32.0,9.0,8.0,Medium,No,Yes,"Clubhouse, Playground, Garden",West,Builder,Under_Construction
1737.0,Kerala,Trivandrum,Locality_316,Property_Type,5.0,3221.0,258.12,0.08,2003.0,Unfurnished,9.0,29.0,22.0,9.0,9.0,Medium,Yes,No,Clubhouse,North,Builder,Under_Construction
1738.0,Tamil Nadu,Chennai,Locality_185,Property_Type,1.0,1473.0,38.65,0.03,2005.0,Furnished,15.0,2.0,20.0,1.0,6.0,High,No,Yes,"Playground, Gym, Clubhouse, Garden",South,Broker,Ready_to_Move
1739.0,Karnataka,Mangalore,Locality_322,Property_Type,5.0,616.0,95.62,0.16,2015.0,Furnished,19.0,21.0,10.0,5.0,7.0,Medium,No,No,"Clubhouse, Gym",South,Owner,Ready_to_Move
1740.0,Rajasthan,Jaipur,Locality_283,Property_Type,4.0,1091.0,40.53,0.04,2022.0,Semi-furnished,21.0,30.0,3.0,3.0,5.0,Medium,Yes,No,"Pool, Clubhouse",West,Builder,Under_Construction
1741.0,Telangana,Warangal,Locality_35,Property_Type,1.0,3319.0,208.94,0.06,2011.0,Furnished,0.0,13.0,14.0,8.0,9.0,Low,No,Yes,Pool,West,Builder,Ready_to_Move
1742.0,Uttarakhand,Haridwar,Locality_470,Property_Type,5.0,2996.0,493.43,0.16,2023.0,Semi-furnished,10.0,30.0,2.0,7.0,6.0,High,Yes,Yes,"Playground, Pool, Clubhouse, Gym",West,Owner,Ready_to_Move
1743.0,Bihar,Gaya,Locality_192,Property_Type,4.0,776.0,62.49,0.08,2007.0,Furnished,6.0,20.0,18.0,5.0,7.0,Low,Yes,No,Clubhouse,South,Owner,Ready_to_Move
1744.0,Delhi,New Delhi,Locality_357,Property_Type,2.0,1981.0,81.32,0.04,2012.0,Unfurnished,20.0,4.0,13.0,6.0,5.0,Medium,Yes,No,"Pool, Gym, Garden",East,Broker,Ready_to_Move
1745.0,Tamil Nadu,Chennai,Locality_5,Property_Type,1.0,3629.0,499.85,0.14,2022.0,Furnished,12.0,10.0,3.0,5.0,2.0,Low,Yes,Yes,"Gym, Clubhouse, Playground",East,Broker,Ready_to_Move
1746.0,Odisha,Cuttack,Locality_292,Property_Type,5.0,3767.0,50.7,0.01,2010.0,Semi-furnished,17.0,19.0,15.0,3.0,4.0,Medium,Yes,No,"Playground, Clubhouse, Garden, Gym",West,Builder,Ready_to_Move
1747.0,Uttarakhand,Dehradun,Locality_185,Property_Type,3.0,528.0,390.32,0.74,2011.0,Semi-furnished,7.0,5.0,14.0,10.0,4.0,Medium,Yes,Yes,"Gym, Clubhouse",West,Owner,Ready_to_Move
1748.0,Chhattisgarh,Bilaspur,Locality_79,Property_Type,2.0,4847.0,256.18,0.05,2001.0,Furnished,4.0,17.0,24.0,6.0,10.0,High,Yes,No,Pool,North,Owner,Under_Construction
1749.0,Maharashtra,Nagpur,Locality_273,Property_Type,1.0,3206.0,375.29,0.12,2020.0,Unfurnished,28.0,3.0,5.0,9.0,7.0,Low,Yes,No,"Gym, Garden, Clubhouse, Playground, Pool",East,Builder,Under_Construction
1750.0,Assam,Guwahati,Locality_308,Property_Type,5.0,747.0,119.13,0.16,2008.0,Semi-furnished,28.0,16.0,17.0,2.0,10.0,Medium,Yes,Yes,"Playground, Clubhouse, Pool",South,Owner,Ready_to_Move
1751.0,Jharkhand,Jamshedpur,Locality_481,Property_Type,2.0,4797.0,267.25,0.06,1993.0,Semi-furnished,16.0,11.0,32.0,2.0,10.0,High,Yes,Yes,"Pool, Garden",South,Builder,Under_Construction
1752.0,Rajasthan,Jaipur,Locality_176,Property_Type,1.0,3251.0,12.21,0.0,1995.0,Furnished,0.0,16.0,30.0,9.0,2.0,Medium,No,No,Playground,West,Builder,Under_Construction
1753.0,West Bengal,Kolkata,Locality_386,Property_Type,5.0,2316.0,338.06,0.15,2008.0,Semi-furnished,28.0,22.0,17.0,2.0,10.0,Medium,No,Yes,"Clubhouse, Garden",North,Broker,Ready_to_Move
1754.0,Kerala,Trivandrum,Locality_357,Property_Type,3.0,1726.0,150.53,0.09,1991.0,Unfurnished,8.0,8.0,34.0,7.0,1.0,High,Yes,No,"Clubhouse, Playground",West,Owner,Ready_to_Move
1755.0,Telangana,Warangal,Locality_323,Property_Type,1.0,1269.0,392.75,0.31,1998.0,Semi-furnished,27.0,10.0,27.0,7.0,9.0,Low,No,No,"Garden, Clubhouse, Gym",South,Owner,Under_Construction
1756.0,Maharashtra,Nagpur,Locality_411,Property_Type,2.0,1346.0,27.76,0.02,1999.0,Furnished,16.0,19.0,26.0,3.0,10.0,High,No,Yes,Clubhouse,South,Broker,Under_Construction
1757.0,Uttarakhand,Haridwar,Locality_500,Property_Type,5.0,2365.0,157.01,0.07,1990.0,Unfurnished,12.0,24.0,35.0,9.0,3.0,Medium,Yes,No,"Garden, Clubhouse",West,Owner,Under_Construction
1758.0,Madhya Pradesh,Indore,Locality_73,Property_Type,3.0,4860.0,234.74,0.05,2017.0,Semi-furnished,3.0,24.0,8.0,1.0,8.0,High,Yes,No,"Clubhouse, Pool, Garden, Playground",East,Broker,Under_Construction
1759.0,Rajasthan,Jaipur,Locality_209,Property_Type,1.0,2479.0,338.66,0.14,2003.0,Furnished,29.0,24.0,22.0,6.0,3.0,High,No,No,"Gym, Playground, Pool, Clubhouse, Garden",South,Builder,Ready_to_Move
1760.0,Jharkhand,Ranchi,Locality_331,Property_Type,5.0,2327.0,471.55,0.2,2021.0,Furnished,14.0,11.0,4.0,9.0,9.0,High,Yes,No,"Gym, Garden, Clubhouse, Pool",West,Builder,Ready_to_Move
1761.0,Telangana,Warangal,Locality_178,Property_Type,2.0,4386.0,88.45,0.02,2011.0,Semi-furnished,9.0,30.0,14.0,6.0,6.0,High,No,No,"Playground, Clubhouse, Garden",North,Builder,Under_Construction
1762.0,Gujarat,Ahmedabad,Locality_95,Property_Type,3.0,1366.0,290.67,0.21,2011.0,Unfurnished,27.0,21.0,14.0,6.0,3.0,High,Yes,No,"Gym, Pool",East,Owner,Under_Construction
1763.0,Delhi,New Delhi,Locality_334,Property_Type,4.0,2538.0,59.79,0.02,2021.0,Unfurnished,12.0,19.0,4.0,8.0,6.0,Low,Yes,No,Clubhouse,North,Owner,Under_Construction
1764.0,Assam,Guwahati,Locality_440,Property_Type,2.0,3475.0,370.66,0.11,2003.0,Semi-furnished,22.0,1.0,22.0,6.0,2.0,Medium,No,Yes,Garden,East,Broker,Under_Construction
1765.0,Madhya Pradesh,Bhopal,Locality_110,Property_Type,1.0,1096.0,411.44,0.38,2002.0,Unfurnished,12.0,2.0,23.0,4.0,7.0,Medium,No,Yes,"Clubhouse, Pool, Playground, Gym",North,Owner,Under_Construction
1766.0,Delhi,Dwarka,Locality_274,Property_Type,3.0,1404.0,430.11,0.31,2023.0,Unfurnished,28.0,11.0,2.0,7.0,5.0,Low,No,No,"Clubhouse, Garden",South,Broker,Under_Construction
1767.0,Assam,Guwahati,Locality_26,Property_Type,2.0,3996.0,391.37,0.1,2023.0,Unfurnished,11.0,16.0,2.0,4.0,4.0,Low,No,Yes,"Playground, Pool, Clubhouse",North,Owner,Ready_to_Move
1768.0,Chhattisgarh,Raipur,Locality_485,Property_Type,1.0,3458.0,258.25,0.07,2006.0,Unfurnished,8.0,9.0,19.0,1.0,3.0,High,No,No,"Pool, Clubhouse, Garden",East,Broker,Under_Construction
1769.0,Assam,Guwahati,Locality_443,Property_Type,2.0,3176.0,458.95,0.14,2014.0,Unfurnished,10.0,2.0,11.0,9.0,6.0,High,No,No,"Playground, Gym, Clubhouse",North,Builder,Under_Construction
1770.0,Assam,Guwahati,Locality_129,Property_Type,4.0,1542.0,305.95,0.2,2007.0,Furnished,20.0,24.0,18.0,9.0,4.0,Low,No,Yes,Clubhouse,West,Broker,Ready_to_Move
1771.0,Chhattisgarh,Bilaspur,Locality_85,Property_Type,3.0,514.0,388.43,0.76,2017.0,Unfurnished,1.0,1.0,8.0,9.0,7.0,High,Yes,No,"Pool, Gym, Clubhouse",South,Owner,Ready_to_Move
1772.0,Maharashtra,Mumbai,Locality_179,Property_Type,4.0,1235.0,442.22,0.36,1992.0,Furnished,27.0,13.0,33.0,3.0,1.0,High,No,Yes,"Clubhouse, Gym, Garden, Pool",West,Owner,Ready_to_Move
1773.0,Andhra Pradesh,Vishakhapatnam,Locality_115,Property_Type,2.0,2116.0,86.29,0.04,2003.0,Semi-furnished,10.0,13.0,22.0,9.0,2.0,Low,No,Yes,"Clubhouse, Garden, Playground, Gym, Pool",East,Builder,Under_Construction
1774.0,Odisha,Cuttack,Locality_260,Property_Type,2.0,2673.0,54.97,0.02,2009.0,Furnished,11.0,6.0,16.0,4.0,2.0,High,No,Yes,"Garden, Gym, Playground, Clubhouse",West,Builder,Under_Construction
1775.0,Karnataka,Mangalore,Locality_5,Property_Type,4.0,546.0,155.59,0.28,2021.0,Unfurnished,5.0,5.0,4.0,9.0,5.0,High,Yes,No,"Pool, Garden, Clubhouse",South,Owner,Ready_to_Move
1776.0,Andhra Pradesh,Vijayawada,Locality_457,Property_Type,1.0,4200.0,212.31,0.05,2009.0,Semi-furnished,23.0,22.0,16.0,2.0,3.0,Medium,No,Yes,"Clubhouse, Gym, Playground",South,Builder,Ready_to_Move
1777.0,Madhya Pradesh,Indore,Locality_209,Property_Type,1.0,4300.0,236.61,0.06,2012.0,Furnished,23.0,8.0,13.0,5.0,10.0,Medium,No,Yes,"Gym, Clubhouse, Pool",West,Owner,Ready_to_Move
1778.0,Punjab,Amritsar,Locality_272,Property_Type,4.0,1400.0,222.64,0.16,1993.0,Semi-furnished,6.0,17.0,32.0,2.0,4.0,Low,No,No,Pool,South,Owner,Under_Construction
1779.0,Maharashtra,Pune,Locality_68,Property_Type,3.0,1878.0,403.02,0.21,2015.0,Unfurnished,25.0,3.0,10.0,8.0,1.0,Low,Yes,Yes,Pool,East,Builder,Ready_to_Move
1780.0,Madhya Pradesh,Bhopal,Locality_474,Property_Type,2.0,1082.0,315.92,0.29,2009.0,Semi-furnished,2.0,9.0,16.0,5.0,4.0,Medium,Yes,No,Playground,North,Broker,Ready_to_Move
1781.0,Delhi,New Delhi,Locality_187,Property_Type,3.0,3609.0,174.45,0.05,1998.0,Unfurnished,0.0,28.0,27.0,9.0,6.0,High,No,No,Pool,East,Broker,Ready_to_Move
1782.0,Madhya Pradesh,Indore,Locality_351,Property_Type,1.0,4806.0,299.38,0.06,2021.0,Furnished,6.0,3.0,4.0,1.0,7.0,High,Yes,No,"Pool, Playground, Clubhouse, Gym",North,Builder,Under_Construction
1783.0,Rajasthan,Jodhpur,Locality_367,Property_Type,4.0,3419.0,211.39,0.06,2017.0,Furnished,10.0,27.0,8.0,4.0,9.0,Medium,No,No,"Pool, Gym, Garden, Playground, Clubhouse",West,Builder,Ready_to_Move
1784.0,Tamil Nadu,Chennai,Locality_401,Property_Type,4.0,4698.0,358.76,0.08,1997.0,Unfurnished,8.0,23.0,28.0,8.0,7.0,Low,Yes,Yes,"Garden, Clubhouse, Gym, Playground",South,Broker,Ready_to_Move
1785.0,Jharkhand,Ranchi,Locality_260,Property_Type,5.0,4436.0,231.15,0.05,2013.0,Furnished,10.0,8.0,12.0,7.0,9.0,Low,No,Yes,"Pool, Playground, Garden, Gym",North,Builder,Ready_to_Move
1786.0,Haryana,Faridabad,Locality_233,Property_Type,5.0,1010.0,462.58,0.46,1994.0,Unfurnished,5.0,15.0,31.0,5.0,6.0,Low,No,Yes,Gym,East,Owner,Ready_to_Move
1787.0,West Bengal,Kolkata,Locality_207,Property_Type,4.0,2773.0,232.92,0.08,1992.0,Furnished,2.0,6.0,33.0,4.0,5.0,High,Yes,Yes,"Garden, Clubhouse, Pool",West,Builder,Ready_to_Move
1788.0,Karnataka,Mangalore,Locality_476,Property_Type,4.0,663.0,15.64,0.02,2010.0,Unfurnished,17.0,15.0,15.0,10.0,1.0,High,No,No,"Playground, Clubhouse",North,Owner,Ready_to_Move
1789.0,Madhya Pradesh,Bhopal,Locality_174,Property_Type,3.0,4889.0,480.91,0.1,1995.0,Unfurnished,7.0,30.0,30.0,1.0,1.0,High,Yes,No,Garden,East,Owner,Ready_to_Move
1790.0,Chhattisgarh,Raipur,Locality_462,Property_Type,2.0,4709.0,50.56,0.01,2002.0,Semi-furnished,16.0,19.0,23.0,6.0,1.0,Medium,No,Yes,"Gym, Playground",North,Owner,Ready_to_Move
1791.0,Haryana,Faridabad,Locality_190,Property_Type,3.0,4996.0,167.79,0.03,2016.0,Semi-furnished,28.0,7.0,9.0,1.0,4.0,Low,No,No,"Garden, Gym, Pool, Playground",East,Owner,Under_Construction
1792.0,Gujarat,Ahmedabad,Locality_227,Property_Type,3.0,1448.0,314.25,0.22,2023.0,Unfurnished,21.0,13.0,2.0,6.0,1.0,High,No,Yes,"Gym, Garden",South,Builder,Ready_to_Move
1793.0,Bihar,Patna,Locality_406,Property_Type,3.0,542.0,101.09,0.19,2015.0,Furnished,15.0,30.0,10.0,8.0,1.0,Medium,No,Yes,"Pool, Playground, Clubhouse, Gym, Garden",West,Owner,Under_Construction
1794.0,Odisha,Cuttack,Locality_395,Property_Type,1.0,2968.0,205.02,0.07,2021.0,Semi-furnished,22.0,28.0,4.0,3.0,7.0,Low,No,No,"Pool, Gym, Clubhouse, Garden, Playground",East,Broker,Under_Construction
1795.0,Gujarat,Ahmedabad,Locality_418,Property_Type,2.0,3625.0,66.47,0.02,2004.0,Unfurnished,10.0,4.0,21.0,1.0,3.0,High,Yes,No,"Gym, Pool",East,Builder,Under_Construction
1796.0,West Bengal,Kolkata,Locality_447,Property_Type,5.0,4303.0,61.9,0.01,1999.0,Semi-furnished,16.0,14.0,26.0,5.0,1.0,Low,Yes,No,"Pool, Playground, Garden, Clubhouse",North,Broker,Ready_to_Move
1797.0,Delhi,New Delhi,Locality_180,Property_Type,1.0,2142.0,303.37,0.14,2004.0,Semi-furnished,21.0,8.0,21.0,3.0,5.0,Medium,Yes,No,"Gym, Clubhouse, Pool, Garden",West,Broker,Ready_to_Move
1798.0,Bihar,Patna,Locality_465,Property_Type,5.0,2834.0,474.84,0.17,2005.0,Unfurnished,23.0,5.0,20.0,8.0,8.0,Medium,No,No,"Gym, Playground",West,Broker,Under_Construction
1799.0,Karnataka,Bangalore,Locality_251,Property_Type,1.0,1539.0,75.33,0.05,1998.0,Furnished,17.0,27.0,27.0,1.0,10.0,High,Yes,No,"Pool, Gym, Garden",North,Owner,Under_Construction
1800.0,Kerala,Trivandrum,Locality_384,Property_Type,3.0,3720.0,66.06,0.02,2006.0,Furnished,23.0,13.0,19.0,10.0,1.0,Medium,Yes,Yes,"Gym, Garden, Clubhouse, Playground",East,Owner,Under_Construction
1801.0,Uttar Pradesh,Noida,Locality_386,Property_Type,1.0,4529.0,240.98,0.05,2003.0,Semi-furnished,3.0,19.0,22.0,5.0,4.0,High,Yes,No,"Garden, Clubhouse, Playground, Gym, Pool",East,Broker,Under_Construction
1802.0,Karnataka,Bangalore,Locality_217,Property_Type,2.0,3537.0,403.11,0.11,2018.0,Unfurnished,16.0,17.0,7.0,9.0,6.0,High,Yes,Yes,"Pool, Garden",West,Broker,Under_Construction
1803.0,Uttar Pradesh,Noida,Locality_149,Property_Type,3.0,2690.0,195.7,0.07,2021.0,Semi-furnished,28.0,6.0,4.0,2.0,6.0,Low,No,No,Clubhouse,East,Owner,Ready_to_Move
1804.0,Karnataka,Mangalore,Locality_482,Property_Type,5.0,4721.0,133.33,0.03,2009.0,Semi-furnished,11.0,25.0,16.0,1.0,4.0,Low,No,Yes,"Playground, Garden, Clubhouse, Pool",North,Broker,Under_Construction
1805.0,Haryana,Faridabad,Locality_175,Property_Type,2.0,2867.0,190.22,0.07,2007.0,Semi-furnished,18.0,24.0,18.0,7.0,4.0,Medium,Yes,No,"Pool, Gym, Playground",North,Builder,Under_Construction
1806.0,Kerala,Trivandrum,Locality_330,Property_Type,1.0,904.0,461.9,0.51,2002.0,Semi-furnished,6.0,11.0,23.0,1.0,4.0,Low,No,No,"Clubhouse, Gym",East,Owner,Under_Construction
1807.0,Assam,Silchar,Locality_14,Property_Type,1.0,2855.0,363.11,0.13,2011.0,Unfurnished,0.0,8.0,14.0,10.0,10.0,Low,Yes,No,"Garden, Playground",West,Broker,Ready_to_Move
1808.0,Andhra Pradesh,Vijayawada,Locality_184,Property_Type,5.0,3168.0,147.24,0.05,2010.0,Furnished,7.0,4.0,15.0,7.0,7.0,Low,Yes,No,"Clubhouse, Pool, Playground, Garden, Gym",East,Owner,Ready_to_Move
1809.0,Chhattisgarh,Bilaspur,Locality_235,Property_Type,5.0,1253.0,46.58,0.04,1995.0,Unfurnished,22.0,19.0,30.0,8.0,4.0,Medium,No,No,"Gym, Clubhouse, Playground, Garden",West,Owner,Under_Construction
1810.0,Odisha,Cuttack,Locality_68,Property_Type,1.0,4796.0,475.09,0.1,2006.0,Furnished,30.0,29.0,19.0,4.0,2.0,Low,Yes,No,"Clubhouse, Garden, Playground, Pool, Gym",South,Broker,Ready_to_Move
1811.0,Punjab,Amritsar,Locality_90,Property_Type,2.0,2240.0,116.44,0.05,1994.0,Unfurnished,1.0,30.0,31.0,7.0,7.0,High,No,No,"Playground, Pool",East,Broker,Ready_to_Move
1812.0,Karnataka,Mysore,Locality_247,Property_Type,5.0,4395.0,438.34,0.1,1990.0,Furnished,27.0,2.0,35.0,3.0,6.0,Low,No,Yes,"Clubhouse, Pool",East,Owner,Under_Construction
1813.0,Uttar Pradesh,Lucknow,Locality_108,Property_Type,3.0,2845.0,225.11,0.08,2018.0,Unfurnished,19.0,2.0,7.0,8.0,2.0,Medium,Yes,Yes,Gym,East,Owner,Under_Construction
1814.0,Kerala,Trivandrum,Locality_329,Property_Type,5.0,3589.0,287.97,0.08,1995.0,Furnished,2.0,22.0,30.0,3.0,2.0,High,No,Yes,"Pool, Clubhouse, Playground, Gym, Garden",East,Builder,Under_Construction
1815.0,Madhya Pradesh,Indore,Locality_359,Property_Type,3.0,2179.0,390.27,0.18,1994.0,Furnished,9.0,19.0,31.0,2.0,1.0,Medium,No,Yes,"Gym, Garden, Pool, Clubhouse, Playground",South,Broker,Under_Construction
1816.0,Karnataka,Mangalore,Locality_113,Property_Type,2.0,1757.0,185.6,0.11,2013.0,Unfurnished,2.0,1.0,12.0,6.0,6.0,High,No,No,"Clubhouse, Gym, Garden, Playground, Pool",East,Builder,Under_Construction
1817.0,Haryana,Gurgaon,Locality_478,Property_Type,5.0,2435.0,73.07,0.03,1990.0,Furnished,27.0,1.0,35.0,5.0,3.0,Medium,Yes,No,"Pool, Clubhouse, Playground",South,Owner,Ready_to_Move
1818.0,Punjab,Amritsar,Locality_61,Property_Type,2.0,850.0,402.25,0.47,1995.0,Furnished,25.0,19.0,30.0,8.0,7.0,Low,Yes,No,Gym,West,Broker,Ready_to_Move
1819.0,Tamil Nadu,Chennai,Locality_101,Property_Type,4.0,4069.0,84.11,0.02,2002.0,Furnished,16.0,15.0,23.0,1.0,4.0,Low,Yes,Yes,"Pool, Playground, Clubhouse, Garden, Gym",South,Builder,Ready_to_Move
1820.0,Madhya Pradesh,Indore,Locality_154,Property_Type,2.0,3408.0,236.86,0.07,2008.0,Semi-furnished,13.0,24.0,17.0,10.0,7.0,Low,Yes,No,"Playground, Garden, Gym, Clubhouse, Pool",North,Builder,Under_Construction
1821.0,Telangana,Warangal,Locality_211,Property_Type,2.0,1937.0,429.39,0.22,2013.0,Unfurnished,13.0,5.0,12.0,5.0,3.0,Medium,Yes,No,"Gym, Garden, Pool",West,Builder,Under_Construction
1822.0,Andhra Pradesh,Vishakhapatnam,Locality_20,Property_Type,1.0,1258.0,479.57,0.38,2012.0,Furnished,5.0,16.0,13.0,10.0,10.0,Medium,Yes,No,"Pool, Gym, Garden",North,Broker,Under_Construction
1823.0,Bihar,Patna,Locality_259,Property_Type,4.0,4639.0,497.07,0.11,2007.0,Furnished,30.0,17.0,18.0,10.0,10.0,Medium,No,No,"Garden, Pool, Gym, Clubhouse, Playground",North,Builder,Ready_to_Move
1824.0,Andhra Pradesh,Vijayawada,Locality_40,Property_Type,5.0,2979.0,303.09,0.1,2014.0,Furnished,14.0,29.0,11.0,3.0,5.0,Low,No,Yes,"Gym, Playground, Clubhouse, Garden",East,Owner,Under_Construction
1825.0,Haryana,Faridabad,Locality_401,Property_Type,3.0,3002.0,34.89,0.01,1995.0,Semi-furnished,23.0,26.0,30.0,3.0,9.0,High,No,No,"Pool, Clubhouse, Garden, Playground, Gym",North,Broker,Ready_to_Move
1826.0,Gujarat,Ahmedabad,Locality_109,Property_Type,1.0,1904.0,485.27,0.25,2021.0,Semi-furnished,13.0,30.0,4.0,1.0,9.0,Low,No,No,Gym,East,Builder,Ready_to_Move
1827.0,Odisha,Cuttack,Locality_208,Property_Type,1.0,3399.0,451.45,0.13,2015.0,Furnished,23.0,7.0,10.0,7.0,5.0,Low,Yes,Yes,"Playground, Gym",East,Builder,Under_Construction
1828.0,Odisha,Bhubaneswar,Locality_471,Property_Type,2.0,2988.0,222.56,0.07,1993.0,Unfurnished,25.0,9.0,32.0,9.0,7.0,Low,No,No,Gym,North,Broker,Under_Construction
1829.0,Madhya Pradesh,Bhopal,Locality_353,Property_Type,4.0,4270.0,148.08,0.03,2002.0,Unfurnished,2.0,30.0,23.0,4.0,1.0,Medium,No,Yes,"Garden, Gym",North,Builder,Ready_to_Move
1830.0,Assam,Silchar,Locality_353,Property_Type,1.0,4402.0,181.8,0.04,1999.0,Unfurnished,15.0,7.0,26.0,8.0,10.0,Low,No,No,"Clubhouse, Gym",East,Owner,Under_Construction
1831.0,Punjab,Ludhiana,Locality_477,Property_Type,5.0,1928.0,59.85,0.03,2022.0,Semi-furnished,15.0,1.0,3.0,5.0,8.0,Low,No,Yes,"Clubhouse, Playground, Garden",South,Owner,Under_Construction
1832.0,Delhi,Dwarka,Locality_240,Property_Type,1.0,4949.0,395.24,0.08,1997.0,Semi-furnished,12.0,16.0,28.0,8.0,8.0,High,Yes,No,"Garden, Clubhouse",South,Owner,Ready_to_Move
1833.0,Telangana,Hyderabad,Locality_470,Property_Type,1.0,572.0,167.61,0.29,1990.0,Semi-furnished,20.0,28.0,35.0,6.0,6.0,High,No,No,Clubhouse,East,Broker,Under_Construction
1834.0,Delhi,Dwarka,Locality_417,Property_Type,2.0,4823.0,378.73,0.08,1998.0,Semi-furnished,30.0,17.0,27.0,6.0,6.0,Medium,No,Yes,"Playground, Pool, Garden",North,Owner,Ready_to_Move
1835.0,Telangana,Hyderabad,Locality_174,Property_Type,3.0,2256.0,396.14,0.18,2009.0,Furnished,18.0,16.0,16.0,8.0,10.0,High,Yes,No,"Gym, Garden, Playground, Clubhouse, Pool",East,Builder,Ready_to_Move
1836.0,Uttarakhand,Dehradun,Locality_462,Property_Type,2.0,1852.0,323.22,0.17,2018.0,Unfurnished,30.0,22.0,7.0,7.0,10.0,High,Yes,No,"Gym, Pool, Garden, Clubhouse, Playground",North,Builder,Under_Construction
1837.0,Gujarat,Ahmedabad,Locality_271,Property_Type,2.0,4302.0,161.12,0.04,2002.0,Furnished,0.0,9.0,23.0,7.0,1.0,High,No,Yes,"Garden, Gym, Playground, Clubhouse",East,Builder,Ready_to_Move
1838.0,Chhattisgarh,Raipur,Locality_358,Property_Type,4.0,3506.0,488.31,0.14,2003.0,Furnished,9.0,7.0,22.0,8.0,10.0,High,No,Yes,"Garden, Clubhouse, Gym",West,Builder,Ready_to_Move
1839.0,Kerala,Kochi,Locality_326,Property_Type,2.0,1200.0,267.45,0.22,2012.0,Unfurnished,30.0,28.0,13.0,8.0,10.0,Medium,No,No,"Clubhouse, Gym, Garden",West,Builder,Ready_to_Move
1840.0,Haryana,Faridabad,Locality_393,Property_Type,5.0,3713.0,497.29,0.13,2016.0,Unfurnished,25.0,29.0,9.0,8.0,4.0,High,Yes,No,Clubhouse,East,Owner,Ready_to_Move
1841.0,Tamil Nadu,Coimbatore,Locality_18,Property_Type,3.0,2498.0,157.96,0.06,2017.0,Semi-furnished,7.0,19.0,8.0,7.0,9.0,Low,No,Yes,"Playground, Pool, Garden, Gym",North,Owner,Under_Construction
1842.0,Delhi,New Delhi,Locality_421,Property_Type,2.0,4652.0,362.62,0.08,1992.0,Furnished,9.0,7.0,33.0,10.0,5.0,Medium,No,Yes,"Pool, Clubhouse, Playground, Garden",North,Builder,Under_Construction
1843.0,Haryana,Gurgaon,Locality_156,Property_Type,1.0,4473.0,255.42,0.06,2003.0,Furnished,16.0,6.0,22.0,1.0,1.0,Low,Yes,Yes,"Gym, Pool, Playground",South,Builder,Under_Construction
1844.0,Kerala,Trivandrum,Locality_63,Property_Type,4.0,4593.0,285.5,0.06,2015.0,Unfurnished,13.0,28.0,10.0,8.0,2.0,High,No,No,Pool,North,Owner,Under_Construction
1845.0,Kerala,Kochi,Locality_396,Property_Type,5.0,1715.0,65.23,0.04,1994.0,Furnished,19.0,30.0,31.0,9.0,8.0,Medium,Yes,Yes,"Clubhouse, Playground, Garden",East,Broker,Ready_to_Move
1846.0,Bihar,Patna,Locality_32,Property_Type,3.0,598.0,341.53,0.57,2015.0,Unfurnished,26.0,12.0,10.0,9.0,4.0,High,Yes,No,Garden,South,Builder,Under_Construction
1847.0,Uttarakhand,Dehradun,Locality_200,Property_Type,4.0,3192.0,440.23,0.14,2009.0,Unfurnished,18.0,9.0,16.0,7.0,10.0,High,No,No,"Gym, Playground, Clubhouse, Pool",West,Builder,Under_Construction
1848.0,Telangana,Warangal,Locality_451,Property_Type,2.0,2721.0,219.78,0.08,2019.0,Unfurnished,17.0,22.0,6.0,10.0,3.0,Low,No,Yes,Pool,West,Builder,Under_Construction
1849.0,Gujarat,Surat,Locality_283,Property_Type,4.0,2388.0,470.42,0.2,2001.0,Furnished,23.0,4.0,24.0,7.0,8.0,Medium,Yes,Yes,"Gym, Garden",South,Builder,Under_Construction
1850.0,Bihar,Patna,Locality_268,Property_Type,4.0,2460.0,325.97,0.13,2017.0,Furnished,6.0,8.0,8.0,8.0,10.0,High,No,No,"Gym, Garden, Pool",West,Broker,Under_Construction
1851.0,Madhya Pradesh,Indore,Locality_465,Property_Type,1.0,4887.0,40.9,0.01,1998.0,Furnished,27.0,19.0,27.0,10.0,7.0,Low,Yes,Yes,"Pool, Gym, Garden, Playground",South,Owner,Under_Construction
1852.0,Bihar,Gaya,Locality_294,Property_Type,3.0,4908.0,155.4,0.03,1997.0,Semi-furnished,24.0,3.0,28.0,8.0,5.0,Low,No,No,"Pool, Gym, Playground",East,Broker,Ready_to_Move
1853.0,Karnataka,Mysore,Locality_335,Property_Type,1.0,4275.0,58.53,0.01,2006.0,Unfurnished,5.0,13.0,19.0,9.0,2.0,Medium,No,Yes,"Clubhouse, Garden, Pool, Gym, Playground",East,Broker,Ready_to_Move
1854.0,Madhya Pradesh,Indore,Locality_56,Property_Type,1.0,4645.0,222.72,0.05,1990.0,Semi-furnished,11.0,13.0,35.0,2.0,8.0,High,No,Yes,"Garden, Gym, Playground, Clubhouse, Pool",North,Broker,Ready_to_Move
1855.0,Uttarakhand,Dehradun,Locality_442,Property_Type,3.0,3097.0,367.55,0.12,2016.0,Semi-furnished,6.0,15.0,9.0,2.0,7.0,Medium,No,No,"Playground, Garden, Clubhouse, Gym, Pool",North,Broker,Under_Construction
1856.0,Telangana,Warangal,Locality_455,Property_Type,5.0,3980.0,394.95,0.1,2014.0,Furnished,16.0,12.0,11.0,6.0,5.0,High,Yes,No,"Playground, Clubhouse, Pool",North,Builder,Under_Construction
1857.0,Punjab,Amritsar,Locality_465,Property_Type,4.0,1729.0,68.03,0.04,2011.0,Semi-furnished,8.0,30.0,14.0,4.0,1.0,Low,No,Yes,"Garden, Playground, Gym, Clubhouse, Pool",South,Owner,Under_Construction
1858.0,Karnataka,Mangalore,Locality_129,Property_Type,2.0,1334.0,422.85,0.32,2014.0,Furnished,18.0,17.0,11.0,6.0,6.0,Low,Yes,Yes,"Pool, Clubhouse",East,Builder,Ready_to_Move
1859.0,Delhi,New Delhi,Locality_71,Property_Type,3.0,1720.0,193.94,0.11,2021.0,Furnished,26.0,21.0,4.0,2.0,7.0,Medium,No,No,"Pool, Gym, Clubhouse, Garden, Playground",North,Builder,Under_Construction
1860.0,Andhra Pradesh,Vishakhapatnam,Locality_304,Property_Type,4.0,3533.0,82.49,0.02,2021.0,Unfurnished,17.0,14.0,4.0,4.0,9.0,Low,Yes,No,"Gym, Playground, Clubhouse, Pool",South,Owner,Under_Construction
1861.0,Madhya Pradesh,Bhopal,Locality_173,Property_Type,4.0,3863.0,157.49,0.04,1995.0,Furnished,23.0,17.0,30.0,5.0,10.0,Medium,No,Yes,Gym,West,Broker,Ready_to_Move
1862.0,Assam,Guwahati,Locality_345,Property_Type,5.0,4824.0,396.9,0.08,2003.0,Furnished,7.0,18.0,22.0,2.0,10.0,High,Yes,No,"Pool, Garden, Gym",West,Broker,Ready_to_Move
1863.0,Gujarat,Surat,Locality_402,Property_Type,1.0,1124.0,479.31,0.43,2016.0,Semi-furnished,25.0,15.0,9.0,7.0,5.0,Medium,Yes,Yes,Pool,North,Builder,Under_Construction
1864.0,Maharashtra,Mumbai,Locality_14,Property_Type,2.0,1305.0,95.13,0.07,2014.0,Furnished,21.0,9.0,11.0,5.0,2.0,High,Yes,Yes,"Playground, Gym, Pool",North,Builder,Under_Construction
1865.0,West Bengal,Durgapur,Locality_284,Property_Type,4.0,1404.0,327.69,0.23,1998.0,Unfurnished,17.0,29.0,27.0,7.0,1.0,Medium,No,No,"Clubhouse, Pool, Gym, Garden",South,Builder,Ready_to_Move
1866.0,Uttarakhand,Dehradun,Locality_310,Property_Type,2.0,1652.0,420.51,0.25,1992.0,Unfurnished,10.0,18.0,33.0,6.0,4.0,Low,Yes,Yes,"Garden, Pool, Playground",West,Builder,Under_Construction
1867.0,Bihar,Patna,Locality_460,Property_Type,5.0,4343.0,397.35,0.09,2016.0,Furnished,11.0,30.0,9.0,1.0,10.0,High,No,No,"Gym, Garden, Clubhouse, Playground, Pool",North,Builder,Under_Construction
1868.0,Karnataka,Mangalore,Locality_324,Property_Type,2.0,2335.0,274.17,0.12,2023.0,Unfurnished,5.0,10.0,2.0,10.0,3.0,Low,No,No,"Pool, Garden, Gym, Playground, Clubhouse",South,Broker,Ready_to_Move
1869.0,West Bengal,Durgapur,Locality_360,Property_Type,5.0,2306.0,253.95,0.11,1990.0,Unfurnished,7.0,16.0,35.0,6.0,6.0,Low,Yes,No,"Playground, Pool",North,Builder,Ready_to_Move
1870.0,Delhi,New Delhi,Locality_392,Property_Type,2.0,1628.0,29.37,0.02,2013.0,Semi-furnished,4.0,6.0,12.0,7.0,7.0,High,Yes,Yes,"Garden, Playground, Gym",North,Broker,Ready_to_Move
1871.0,Rajasthan,Jaipur,Locality_193,Property_Type,1.0,1936.0,447.34,0.23,2010.0,Furnished,30.0,3.0,15.0,6.0,8.0,High,Yes,Yes,Playground,East,Owner,Under_Construction
1872.0,Madhya Pradesh,Indore,Locality_418,Property_Type,4.0,4425.0,60.36,0.01,2000.0,Furnished,3.0,17.0,25.0,8.0,1.0,Low,Yes,Yes,Clubhouse,East,Owner,Under_Construction
1873.0,Madhya Pradesh,Indore,Locality_415,Property_Type,5.0,4481.0,388.52,0.09,2000.0,Unfurnished,3.0,2.0,25.0,9.0,1.0,Low,Yes,Yes,"Clubhouse, Gym, Garden",South,Builder,Under_Construction
1874.0,Andhra Pradesh,Vijayawada,Locality_334,Property_Type,5.0,2021.0,303.44,0.15,2020.0,Furnished,2.0,1.0,5.0,10.0,3.0,High,Yes,No,"Playground, Gym, Garden, Clubhouse, Pool",North,Builder,Ready_to_Move
1875.0,Jharkhand,Ranchi,Locality_264,Property_Type,1.0,1240.0,188.69,0.15,2023.0,Furnished,3.0,4.0,2.0,5.0,4.0,High,Yes,Yes,"Clubhouse, Playground",North,Broker,Ready_to_Move
1876.0,Karnataka,Bangalore,Locality_432,Property_Type,1.0,1322.0,219.3,0.17,1993.0,Semi-furnished,12.0,1.0,32.0,7.0,9.0,High,No,No,"Pool, Gym",East,Broker,Under_Construction
1877.0,Uttarakhand,Dehradun,Locality_127,Property_Type,1.0,2443.0,457.07,0.19,1994.0,Furnished,29.0,30.0,31.0,5.0,2.0,High,No,Yes,"Clubhouse, Playground",North,Owner,Ready_to_Move
1878.0,West Bengal,Kolkata,Locality_6,Property_Type,3.0,1497.0,267.89,0.18,2005.0,Unfurnished,3.0,29.0,20.0,4.0,6.0,Medium,Yes,Yes,Pool,South,Owner,Ready_to_Move
1879.0,Bihar,Patna,Locality_211,Property_Type,3.0,3872.0,90.56,0.02,2021.0,Unfurnished,2.0,18.0,4.0,4.0,6.0,Medium,No,No,"Playground, Pool, Gym, Garden, Clubhouse",South,Broker,Under_Construction
1880.0,Madhya Pradesh,Bhopal,Locality_395,Property_Type,5.0,4631.0,398.9,0.09,1998.0,Unfurnished,13.0,15.0,27.0,9.0,4.0,Medium,No,No,Clubhouse,North,Builder,Ready_to_Move
1881.0,Madhya Pradesh,Bhopal,Locality_175,Property_Type,4.0,3675.0,362.05,0.1,2010.0,Semi-furnished,22.0,16.0,15.0,10.0,6.0,Medium,No,Yes,"Pool, Clubhouse",South,Owner,Ready_to_Move
1882.0,Bihar,Gaya,Locality_119,Property_Type,1.0,1365.0,322.54,0.24,2016.0,Unfurnished,9.0,11.0,9.0,2.0,8.0,High,No,No,"Clubhouse, Gym, Pool, Garden",East,Owner,Ready_to_Move
1883.0,Delhi,New Delhi,Locality_26,Property_Type,1.0,4189.0,481.58,0.11,2009.0,Semi-furnished,12.0,14.0,16.0,3.0,7.0,Low,No,No,Clubhouse,South,Builder,Under_Construction
1884.0,Jharkhand,Jamshedpur,Locality_476,Property_Type,4.0,4984.0,487.26,0.1,2014.0,Furnished,1.0,20.0,11.0,2.0,10.0,Low,Yes,Yes,Clubhouse,North,Owner,Ready_to_Move
1885.0,West Bengal,Kolkata,Locality_276,Property_Type,3.0,4246.0,445.93,0.11,1990.0,Unfurnished,3.0,14.0,35.0,1.0,7.0,Low,No,No,"Clubhouse, Playground, Gym",North,Owner,Ready_to_Move
1886.0,Assam,Guwahati,Locality_238,Property_Type,1.0,2006.0,227.0,0.11,2005.0,Furnished,20.0,6.0,20.0,10.0,9.0,High,No,Yes,"Clubhouse, Playground",East,Owner,Ready_to_Move
1887.0,Madhya Pradesh,Indore,Locality_14,Property_Type,4.0,1507.0,460.3,0.31,2011.0,Unfurnished,20.0,22.0,14.0,4.0,2.0,High,Yes,No,Garden,East,Owner,Under_Construction
1888.0,Andhra Pradesh,Vishakhapatnam,Locality_184,Property_Type,4.0,1170.0,126.76,0.11,2022.0,Semi-furnished,20.0,11.0,3.0,2.0,7.0,High,Yes,Yes,"Gym, Playground",East,Broker,Ready_to_Move
1889.0,Haryana,Faridabad,Locality_117,Property_Type,4.0,2224.0,99.69,0.04,2009.0,Unfurnished,11.0,14.0,16.0,10.0,9.0,High,No,No,"Pool, Garden",East,Builder,Ready_to_Move
1890.0,Punjab,Amritsar,Locality_471,Property_Type,5.0,2242.0,65.16,0.03,2011.0,Semi-furnished,26.0,7.0,14.0,3.0,5.0,Medium,No,Yes,"Clubhouse, Playground, Gym",East,Broker,Under_Construction
1891.0,Rajasthan,Jaipur,Locality_207,Property_Type,1.0,2382.0,412.36,0.17,1993.0,Unfurnished,18.0,30.0,32.0,3.0,2.0,Low,Yes,Yes,"Pool, Clubhouse, Gym, Garden, Playground",West,Owner,Ready_to_Move
1892.0,Tamil Nadu,Coimbatore,Locality_12,Property_Type,3.0,799.0,75.81,0.09,1993.0,Semi-furnished,14.0,9.0,32.0,3.0,4.0,Medium,Yes,Yes,"Clubhouse, Pool, Gym, Playground, Garden",North,Broker,Under_Construction
1893.0,Maharashtra,Nagpur,Locality_404,Property_Type,2.0,4816.0,449.96,0.09,2001.0,Furnished,26.0,5.0,24.0,3.0,8.0,Medium,No,No,"Pool, Clubhouse, Garden",North,Builder,Under_Construction
1894.0,Gujarat,Ahmedabad,Locality_42,Property_Type,5.0,2376.0,491.0,0.21,2017.0,Semi-furnished,25.0,12.0,8.0,4.0,7.0,Medium,Yes,No,"Garden, Pool",South,Owner,Under_Construction
1895.0,Odisha,Bhubaneswar,Locality_80,Property_Type,5.0,2823.0,478.42,0.17,2005.0,Furnished,23.0,20.0,20.0,4.0,9.0,Low,Yes,No,"Pool, Gym, Playground",East,Builder,Under_Construction
1896.0,Assam,Guwahati,Locality_476,Property_Type,2.0,2803.0,275.59,0.1,2019.0,Unfurnished,12.0,19.0,6.0,1.0,2.0,Medium,No,Yes,"Gym, Pool, Playground, Garden",West,Owner,Ready_to_Move
1897.0,Andhra Pradesh,Vijayawada,Locality_336,Property_Type,3.0,4438.0,438.05,0.1,2012.0,Unfurnished,7.0,11.0,13.0,1.0,5.0,Medium,No,Yes,Clubhouse,West,Owner,Ready_to_Move
1898.0,Chhattisgarh,Bilaspur,Locality_252,Property_Type,1.0,4305.0,258.66,0.06,2016.0,Furnished,30.0,30.0,9.0,9.0,3.0,Low,Yes,Yes,"Garden, Pool, Clubhouse, Gym, Playground",East,Builder,Under_Construction
1899.0,Tamil Nadu,Chennai,Locality_231,Property_Type,5.0,1294.0,450.55,0.35,2012.0,Furnished,20.0,19.0,13.0,4.0,8.0,Low,Yes,Yes,"Playground, Gym",East,Broker,Under_Construction
1900.0,Punjab,Amritsar,Locality_106,Property_Type,1.0,4215.0,76.9,0.02,2021.0,Furnished,8.0,27.0,4.0,7.0,9.0,Medium,No,Yes,"Gym, Playground, Garden, Clubhouse, Pool",South,Owner,Under_Construction
1901.0,Punjab,Amritsar,Locality_434,Property_Type,4.0,2937.0,204.19,0.07,1999.0,Furnished,29.0,30.0,26.0,2.0,3.0,Low,No,No,"Gym, Pool",South,Owner,Ready_to_Move
1902.0,Bihar,Gaya,Locality_114,Property_Type,1.0,4158.0,355.7,0.09,2017.0,Semi-furnished,16.0,22.0,8.0,10.0,5.0,Medium,No,No,"Garden, Pool",South,Broker,Ready_to_Move
1903.0,Uttar Pradesh,Lucknow,Locality_252,Property_Type,2.0,2267.0,208.67,0.09,2002.0,Semi-furnished,20.0,12.0,23.0,7.0,7.0,High,Yes,Yes,"Garden, Playground, Pool, Gym, Clubhouse",North,Builder,Under_Construction
1904.0,Uttarakhand,Dehradun,Locality_413,Property_Type,3.0,2642.0,50.71,0.02,1995.0,Furnished,17.0,22.0,30.0,1.0,2.0,Low,Yes,No,"Playground, Gym",East,Owner,Ready_to_Move
1905.0,Kerala,Kochi,Locality_97,Property_Type,3.0,4344.0,266.45,0.06,2004.0,Unfurnished,5.0,18.0,21.0,7.0,4.0,Low,Yes,Yes,"Clubhouse, Gym, Garden, Pool, Playground",East,Owner,Ready_to_Move
1906.0,Odisha,Cuttack,Locality_218,Property_Type,3.0,3721.0,259.98,0.07,2012.0,Unfurnished,4.0,20.0,13.0,6.0,1.0,Low,Yes,No,"Gym, Garden, Clubhouse, Playground, Pool",South,Broker,Under_Construction
1907.0,Uttar Pradesh,Noida,Locality_376,Property_Type,1.0,3657.0,180.7,0.05,2022.0,Furnished,25.0,12.0,3.0,8.0,7.0,Low,No,No,"Playground, Gym",East,Builder,Ready_to_Move
1908.0,Tamil Nadu,Coimbatore,Locality_297,Property_Type,1.0,2900.0,468.72,0.16,2011.0,Semi-furnished,13.0,17.0,14.0,7.0,10.0,High,No,No,Gym,East,Broker,Under_Construction
1909.0,West Bengal,Kolkata,Locality_500,Property_Type,4.0,1704.0,456.79,0.27,2007.0,Unfurnished,21.0,27.0,18.0,2.0,6.0,Low,No,Yes,"Garden, Clubhouse, Pool, Gym",South,Broker,Ready_to_Move
1910.0,Delhi,New Delhi,Locality_237,Property_Type,3.0,4273.0,276.58,0.06,2012.0,Furnished,25.0,20.0,13.0,6.0,5.0,High,No,Yes,"Playground, Gym, Pool, Clubhouse, Garden",West,Builder,Ready_to_Move
1911.0,Bihar,Patna,Locality_140,Property_Type,3.0,3295.0,234.07,0.07,2016.0,Furnished,0.0,25.0,9.0,3.0,4.0,Medium,No,No,"Garden, Clubhouse, Gym",North,Broker,Under_Construction
1912.0,Gujarat,Surat,Locality_296,Property_Type,1.0,3768.0,339.08,0.09,2005.0,Semi-furnished,19.0,10.0,20.0,9.0,8.0,High,Yes,Yes,Clubhouse,East,Builder,Under_Construction
1913.0,Bihar,Gaya,Locality_266,Property_Type,4.0,3586.0,137.93,0.04,2000.0,Semi-furnished,21.0,2.0,25.0,3.0,1.0,High,No,Yes,Clubhouse,North,Owner,Under_Construction
1914.0,Delhi,Dwarka,Locality_258,Property_Type,5.0,1835.0,193.62,0.11,2011.0,Semi-furnished,22.0,14.0,14.0,9.0,9.0,Low,Yes,Yes,Pool,East,Owner,Ready_to_Move
1915.0,Haryana,Gurgaon,Locality_14,Property_Type,3.0,3025.0,389.83,0.13,2003.0,Semi-furnished,5.0,24.0,22.0,7.0,7.0,High,Yes,Yes,"Garden, Clubhouse, Pool, Playground, Gym",West,Broker,Under_Construction
1916.0,Madhya Pradesh,Indore,Locality_110,Property_Type,3.0,1853.0,420.93,0.23,2012.0,Unfurnished,21.0,12.0,13.0,7.0,6.0,High,No,Yes,"Playground, Gym",North,Owner,Under_Construction
1917.0,Delhi,Dwarka,Locality_372,Property_Type,3.0,2141.0,488.29,0.23,1993.0,Furnished,13.0,4.0,32.0,7.0,5.0,Medium,Yes,No,Playground,South,Broker,Ready_to_Move
1918.0,Chhattisgarh,Raipur,Locality_481,Property_Type,1.0,2819.0,318.41,0.11,2010.0,Furnished,5.0,12.0,15.0,10.0,6.0,Low,Yes,No,Garden,West,Broker,Under_Construction
1919.0,Chhattisgarh,Raipur,Locality_346,Property_Type,4.0,530.0,470.14,0.89,2009.0,Unfurnished,7.0,20.0,16.0,6.0,7.0,Medium,No,Yes,"Pool, Garden",West,Owner,Under_Construction
1920.0,Kerala,Trivandrum,Locality_165,Property_Type,2.0,4535.0,10.42,0.0,1995.0,Semi-furnished,11.0,2.0,30.0,5.0,1.0,Low,No,No,Clubhouse,North,Builder,Ready_to_Move
1921.0,Kerala,Kochi,Locality_290,Property_Type,3.0,937.0,58.26,0.06,2021.0,Unfurnished,10.0,21.0,4.0,3.0,4.0,High,No,Yes,"Pool, Garden, Gym, Playground",South,Owner,Ready_to_Move
1922.0,Gujarat,Ahmedabad,Locality_33,Property_Type,2.0,2601.0,308.55,0.12,1999.0,Unfurnished,9.0,18.0,26.0,5.0,6.0,High,No,Yes,"Pool, Clubhouse, Playground, Gym",South,Builder,Ready_to_Move
1923.0,Gujarat,Ahmedabad,Locality_23,Property_Type,5.0,1294.0,83.55,0.06,2018.0,Semi-furnished,30.0,1.0,7.0,10.0,7.0,Medium,No,Yes,Garden,North,Builder,Ready_to_Move
1924.0,Madhya Pradesh,Indore,Locality_407,Property_Type,2.0,3810.0,88.16,0.02,2005.0,Unfurnished,1.0,3.0,20.0,2.0,3.0,High,No,Yes,"Garden, Pool, Playground",South,Broker,Ready_to_Move
1925.0,Assam,Guwahati,Locality_55,Property_Type,5.0,2941.0,165.7,0.06,1995.0,Semi-furnished,6.0,14.0,30.0,8.0,7.0,High,Yes,Yes,"Clubhouse, Pool, Playground, Garden, Gym",West,Broker,Under_Construction
1926.0,Rajasthan,Jodhpur,Locality_391,Property_Type,5.0,4140.0,302.44,0.07,1991.0,Furnished,4.0,12.0,34.0,3.0,4.0,Medium,Yes,Yes,Gym,South,Builder,Under_Construction
1927.0,Tamil Nadu,Coimbatore,Locality_187,Property_Type,4.0,702.0,28.89,0.04,2008.0,Furnished,25.0,14.0,17.0,6.0,6.0,Low,No,Yes,Garden,North,Owner,Under_Construction
1928.0,Uttar Pradesh,Lucknow,Locality_500,Property_Type,3.0,3885.0,60.2,0.02,2023.0,Furnished,26.0,15.0,2.0,10.0,9.0,Medium,Yes,No,Pool,South,Broker,Under_Construction
1929.0,West Bengal,Kolkata,Locality_213,Property_Type,3.0,3771.0,291.5,0.08,1998.0,Semi-furnished,24.0,25.0,27.0,9.0,4.0,Medium,Yes,Yes,Gym,South,Builder,Under_Construction
1930.0,Rajasthan,Jodhpur,Locality_117,Property_Type,4.0,3143.0,408.65,0.13,1995.0,Semi-furnished,19.0,23.0,30.0,3.0,6.0,Medium,No,Yes,Gym,North,Builder,Ready_to_Move
1931.0,Odisha,Bhubaneswar,Locality_332,Property_Type,2.0,3435.0,24.89,0.01,1992.0,Unfurnished,18.0,10.0,33.0,5.0,7.0,Low,No,Yes,"Garden, Playground",East,Builder,Under_Construction
1932.0,Maharashtra,Pune,Locality_149,Property_Type,5.0,4990.0,444.22,0.09,2001.0,Unfurnished,2.0,27.0,24.0,5.0,1.0,Low,No,No,"Playground, Gym, Garden",West,Owner,Under_Construction
1933.0,Madhya Pradesh,Bhopal,Locality_369,Property_Type,1.0,4887.0,33.81,0.01,2019.0,Furnished,14.0,3.0,6.0,5.0,8.0,Medium,Yes,Yes,"Garden, Playground, Pool",South,Builder,Ready_to_Move
1934.0,Chhattisgarh,Bilaspur,Locality_410,Property_Type,5.0,4182.0,279.18,0.07,1990.0,Furnished,14.0,29.0,35.0,4.0,7.0,Medium,Yes,No,"Playground, Garden, Gym, Clubhouse, Pool",North,Owner,Ready_to_Move
1935.0,Jharkhand,Jamshedpur,Locality_430,Property_Type,5.0,4043.0,335.85,0.08,2017.0,Furnished,11.0,5.0,8.0,1.0,1.0,High,No,No,Pool,North,Broker,Under_Construction
1936.0,Madhya Pradesh,Indore,Locality_140,Property_Type,3.0,4020.0,426.51,0.11,1991.0,Unfurnished,15.0,18.0,34.0,9.0,9.0,Medium,No,No,"Clubhouse, Pool, Gym, Playground",East,Owner,Under_Construction
1937.0,Bihar,Patna,Locality_222,Property_Type,4.0,3484.0,205.29,0.06,1995.0,Semi-furnished,3.0,12.0,30.0,6.0,5.0,Medium,Yes,No,"Clubhouse, Playground, Pool, Garden",East,Broker,Under_Construction
1938.0,Chhattisgarh,Bilaspur,Locality_451,Property_Type,3.0,1226.0,229.84,0.19,2000.0,Furnished,29.0,23.0,25.0,6.0,6.0,Low,Yes,No,Pool,South,Builder,Ready_to_Move
1939.0,West Bengal,Durgapur,Locality_441,Property_Type,5.0,630.0,410.11,0.65,2018.0,Unfurnished,25.0,5.0,7.0,4.0,2.0,Low,Yes,Yes,"Garden, Clubhouse, Playground, Pool, Gym",West,Builder,Under_Construction
1940.0,Uttarakhand,Dehradun,Locality_456,Property_Type,5.0,2265.0,204.59,0.09,2021.0,Unfurnished,25.0,20.0,4.0,1.0,6.0,Medium,Yes,Yes,"Clubhouse, Pool, Gym",West,Builder,Under_Construction
1941.0,Delhi,New Delhi,Locality_486,Property_Type,4.0,4127.0,336.81,0.08,2005.0,Unfurnished,22.0,3.0,20.0,10.0,6.0,Low,No,Yes,"Gym, Playground",West,Builder,Under_Construction
1942.0,Delhi,Dwarka,Locality_371,Property_Type,5.0,3358.0,253.34,0.08,2008.0,Unfurnished,20.0,28.0,17.0,2.0,8.0,Low,No,Yes,"Garden, Gym, Playground, Pool, Clubhouse",South,Broker,Under_Construction
1943.0,Kerala,Trivandrum,Locality_483,Property_Type,2.0,1892.0,84.14,0.04,2019.0,Semi-furnished,17.0,27.0,6.0,2.0,8.0,Medium,Yes,Yes,"Garden, Pool, Gym, Playground, Clubhouse",East,Owner,Under_Construction
1944.0,Andhra Pradesh,Vijayawada,Locality_452,Property_Type,4.0,2165.0,372.08,0.17,2006.0,Furnished,20.0,15.0,19.0,4.0,2.0,Low,Yes,No,"Playground, Garden, Pool, Gym",East,Builder,Ready_to_Move
1945.0,Odisha,Bhubaneswar,Locality_138,Property_Type,2.0,4023.0,95.89,0.02,2000.0,Furnished,22.0,22.0,25.0,5.0,1.0,Medium,Yes,No,"Gym, Garden, Playground, Pool, Clubhouse",South,Owner,Ready_to_Move
1946.0,Assam,Guwahati,Locality_159,Property_Type,2.0,3510.0,150.42,0.04,2006.0,Unfurnished,10.0,4.0,19.0,2.0,7.0,High,No,No,"Playground, Garden, Gym, Pool, Clubhouse",South,Owner,Under_Construction
1947.0,Telangana,Hyderabad,Locality_8,Property_Type,2.0,823.0,418.15,0.51,1994.0,Semi-furnished,12.0,18.0,31.0,9.0,9.0,High,Yes,No,"Gym, Garden",East,Owner,Ready_to_Move
1948.0,Telangana,Hyderabad,Locality_281,Property_Type,1.0,3371.0,53.53,0.02,1997.0,Furnished,19.0,21.0,28.0,10.0,2.0,Medium,No,No,"Gym, Clubhouse, Playground, Garden",East,Broker,Ready_to_Move
1949.0,Jharkhand,Jamshedpur,Locality_161,Property_Type,5.0,2242.0,92.63,0.04,1996.0,Semi-furnished,22.0,15.0,29.0,10.0,4.0,Medium,No,No,Clubhouse,North,Builder,Under_Construction
1950.0,Delhi,Dwarka,Locality_416,Property_Type,5.0,4083.0,292.79,0.07,2013.0,Unfurnished,20.0,21.0,12.0,5.0,2.0,High,Yes,Yes,Clubhouse,North,Builder,Under_Construction
1951.0,West Bengal,Durgapur,Locality_55,Property_Type,2.0,2912.0,453.42,0.16,2003.0,Unfurnished,14.0,22.0,22.0,9.0,4.0,Low,No,Yes,"Playground, Clubhouse, Gym, Garden, Pool",West,Broker,Under_Construction
1952.0,Haryana,Faridabad,Locality_437,Property_Type,4.0,3098.0,225.05,0.07,2007.0,Semi-furnished,15.0,18.0,18.0,7.0,6.0,Low,Yes,Yes,"Pool, Gym",South,Builder,Ready_to_Move
1953.0,Delhi,New Delhi,Locality_130,Property_Type,1.0,1514.0,69.29,0.05,2012.0,Unfurnished,12.0,10.0,13.0,9.0,6.0,Low,No,No,"Gym, Playground, Clubhouse",South,Broker,Ready_to_Move
1954.0,Bihar,Gaya,Locality_433,Property_Type,2.0,3335.0,413.99,0.12,2018.0,Furnished,28.0,11.0,7.0,10.0,5.0,High,Yes,No,"Pool, Clubhouse, Gym, Garden",East,Broker,Under_Construction
1955.0,Bihar,Patna,Locality_117,Property_Type,5.0,1464.0,122.45,0.08,1997.0,Unfurnished,11.0,19.0,28.0,9.0,4.0,High,Yes,No,"Clubhouse, Pool",West,Owner,Ready_to_Move
1956.0,Assam,Silchar,Locality_489,Property_Type,1.0,821.0,471.96,0.57,2012.0,Furnished,19.0,15.0,13.0,8.0,4.0,Medium,No,No,"Gym, Playground, Clubhouse, Garden, Pool",South,Broker,Under_Construction
1957.0,Madhya Pradesh,Indore,Locality_309,Property_Type,4.0,4607.0,230.16,0.05,2006.0,Semi-furnished,8.0,8.0,19.0,3.0,5.0,Low,No,Yes,Gym,South,Owner,Ready_to_Move
1958.0,West Bengal,Kolkata,Locality_252,Property_Type,5.0,1509.0,347.95,0.23,2001.0,Furnished,22.0,5.0,24.0,5.0,8.0,High,Yes,No,"Pool, Gym, Clubhouse, Playground",East,Builder,Ready_to_Move
1959.0,Chhattisgarh,Bilaspur,Locality_48,Property_Type,1.0,2560.0,45.82,0.02,2003.0,Furnished,16.0,10.0,22.0,7.0,6.0,Medium,Yes,No,"Playground, Gym",East,Owner,Ready_to_Move
1960.0,Jharkhand,Jamshedpur,Locality_239,Property_Type,4.0,4484.0,202.95,0.05,2007.0,Unfurnished,21.0,25.0,18.0,6.0,7.0,Low,No,No,"Garden, Clubhouse",North,Owner,Under_Construction
1961.0,Gujarat,Ahmedabad,Locality_480,Property_Type,2.0,2390.0,375.77,0.16,2013.0,Semi-furnished,3.0,24.0,12.0,7.0,6.0,Low,Yes,Yes,"Garden, Playground, Clubhouse, Gym",North,Owner,Ready_to_Move
1962.0,West Bengal,Kolkata,Locality_423,Property_Type,1.0,1738.0,247.48,0.14,1992.0,Unfurnished,0.0,11.0,33.0,3.0,10.0,High,No,No,Pool,West,Builder,Ready_to_Move
1963.0,Telangana,Hyderabad,Locality_271,Property_Type,1.0,550.0,473.66,0.86,2009.0,Furnished,3.0,7.0,16.0,7.0,1.0,High,Yes,Yes,"Playground, Garden, Clubhouse, Gym, Pool",West,Builder,Ready_to_Move
1964.0,Assam,Guwahati,Locality_147,Property_Type,3.0,874.0,368.14,0.42,2006.0,Unfurnished,21.0,19.0,19.0,4.0,4.0,Medium,No,No,"Pool, Gym, Clubhouse",South,Broker,Ready_to_Move
1965.0,Karnataka,Mangalore,Locality_342,Property_Type,4.0,1780.0,237.99,0.13,1992.0,Semi-furnished,12.0,20.0,33.0,4.0,7.0,Medium,Yes,Yes,"Garden, Playground, Clubhouse, Pool, Gym",South,Owner,Under_Construction
1966.0,Tamil Nadu,Chennai,Locality_388,Property_Type,3.0,2815.0,101.53,0.04,2023.0,Furnished,29.0,8.0,2.0,6.0,4.0,Low,No,Yes,"Clubhouse, Gym, Pool, Garden, Playground",South,Owner,Ready_to_Move
1967.0,Assam,Guwahati,Locality_149,Property_Type,1.0,1422.0,267.88,0.19,1990.0,Unfurnished,2.0,17.0,35.0,5.0,8.0,High,No,No,Gym,South,Builder,Under_Construction
1968.0,West Bengal,Kolkata,Locality_82,Property_Type,4.0,3291.0,134.61,0.04,1994.0,Semi-furnished,2.0,1.0,31.0,9.0,6.0,Low,Yes,Yes,"Garden, Clubhouse, Pool",East,Owner,Under_Construction
1969.0,Kerala,Trivandrum,Locality_159,Property_Type,4.0,2600.0,126.85,0.05,1995.0,Furnished,25.0,25.0,30.0,10.0,9.0,Medium,Yes,Yes,"Pool, Playground, Gym",West,Builder,Ready_to_Move
1970.0,Gujarat,Ahmedabad,Locality_403,Property_Type,1.0,2663.0,108.08,0.04,2008.0,Semi-furnished,23.0,7.0,17.0,2.0,9.0,Low,Yes,No,"Garden, Clubhouse, Gym, Playground, Pool",South,Builder,Under_Construction
1971.0,Gujarat,Ahmedabad,Locality_344,Property_Type,1.0,4314.0,426.43,0.1,1992.0,Unfurnished,15.0,17.0,33.0,9.0,1.0,Low,No,No,"Pool, Gym, Clubhouse, Playground, Garden",East,Builder,Under_Construction
1972.0,Haryana,Faridabad,Locality_363,Property_Type,3.0,2018.0,156.95,0.08,2005.0,Semi-furnished,27.0,16.0,20.0,7.0,5.0,High,Yes,Yes,"Garden, Playground",North,Broker,Ready_to_Move
1973.0,Rajasthan,Jaipur,Locality_56,Property_Type,5.0,4453.0,494.84,0.11,2013.0,Unfurnished,8.0,12.0,12.0,6.0,5.0,Medium,Yes,No,"Playground, Pool, Gym",North,Builder,Ready_to_Move
1974.0,Madhya Pradesh,Bhopal,Locality_62,Property_Type,1.0,1182.0,465.6,0.39,1991.0,Furnished,6.0,4.0,34.0,1.0,8.0,High,Yes,No,"Playground, Garden, Clubhouse",South,Builder,Ready_to_Move
1975.0,Assam,Silchar,Locality_53,Property_Type,1.0,4718.0,367.17,0.08,2018.0,Furnished,3.0,9.0,7.0,8.0,10.0,Low,No,No,"Gym, Pool, Clubhouse, Garden, Playground",West,Broker,Ready_to_Move
1976.0,Kerala,Trivandrum,Locality_113,Property_Type,3.0,2776.0,16.15,0.01,2008.0,Semi-furnished,22.0,10.0,17.0,4.0,6.0,Medium,Yes,Yes,"Playground, Clubhouse, Gym",North,Broker,Ready_to_Move
1977.0,Delhi,New Delhi,Locality_231,Property_Type,3.0,4825.0,445.23,0.09,2023.0,Furnished,8.0,21.0,2.0,8.0,6.0,Low,Yes,Yes,"Playground, Pool, Gym, Clubhouse, Garden",North,Builder,Under_Construction
1978.0,Punjab,Amritsar,Locality_273,Property_Type,5.0,2924.0,208.43,0.07,2002.0,Furnished,14.0,19.0,23.0,4.0,4.0,High,Yes,Yes,Playground,East,Builder,Ready_to_Move
1979.0,Uttar Pradesh,Noida,Locality_267,Property_Type,2.0,1356.0,35.06,0.03,1993.0,Semi-furnished,3.0,8.0,32.0,10.0,7.0,Low,Yes,No,"Pool, Garden",South,Broker,Under_Construction
1980.0,Chhattisgarh,Raipur,Locality_19,Property_Type,2.0,2163.0,44.35,0.02,2020.0,Semi-furnished,22.0,9.0,5.0,10.0,8.0,Medium,No,No,"Pool, Clubhouse, Gym, Garden",East,Broker,Under_Construction
1981.0,Punjab,Amritsar,Locality_103,Property_Type,3.0,4210.0,324.42,0.08,1991.0,Unfurnished,0.0,5.0,34.0,8.0,2.0,Low,No,Yes,"Gym, Clubhouse, Garden",West,Owner,Under_Construction
1982.0,West Bengal,Kolkata,Locality_11,Property_Type,1.0,2039.0,449.34,0.22,1993.0,Furnished,8.0,16.0,32.0,4.0,3.0,High,No,No,"Gym, Pool, Clubhouse, Garden",North,Broker,Ready_to_Move
1983.0,Kerala,Trivandrum,Locality_300,Property_Type,4.0,4086.0,318.93,0.08,2022.0,Semi-furnished,25.0,13.0,3.0,4.0,7.0,Medium,Yes,No,"Playground, Gym, Clubhouse",East,Owner,Ready_to_Move
1984.0,Uttarakhand,Haridwar,Locality_271,Property_Type,5.0,2054.0,306.73,0.15,1992.0,Furnished,6.0,20.0,33.0,5.0,7.0,High,Yes,Yes,"Playground, Gym, Pool, Clubhouse, Garden",West,Broker,Under_Construction
1985.0,Chhattisgarh,Raipur,Locality_139,Property_Type,2.0,2508.0,426.9,0.17,2004.0,Semi-furnished,15.0,4.0,21.0,7.0,1.0,Low,Yes,No,Gym,West,Builder,Ready_to_Move
1986.0,Delhi,Dwarka,Locality_440,Property_Type,3.0,3461.0,203.15,0.06,2015.0,Semi-furnished,3.0,8.0,10.0,1.0,7.0,High,Yes,No,Clubhouse,South,Broker,Under_Construction
1987.0,Assam,Guwahati,Locality_25,Property_Type,2.0,4998.0,139.05,0.03,1999.0,Semi-furnished,26.0,30.0,26.0,1.0,1.0,Low,Yes,Yes,"Garden, Pool",South,Builder,Ready_to_Move
1988.0,Gujarat,Surat,Locality_103,Property_Type,1.0,4178.0,212.49,0.05,1998.0,Furnished,7.0,10.0,27.0,8.0,10.0,Low,No,No,"Clubhouse, Playground",South,Owner,Under_Construction
1989.0,Jharkhand,Jamshedpur,Locality_423,Property_Type,4.0,1662.0,270.66,0.16,2023.0,Unfurnished,1.0,4.0,2.0,7.0,3.0,Medium,No,No,"Clubhouse, Playground, Pool",West,Broker,Under_Construction
1990.0,Jharkhand,Jamshedpur,Locality_20,Property_Type,4.0,1672.0,42.0,0.03,2004.0,Semi-furnished,5.0,10.0,21.0,9.0,9.0,Low,Yes,No,"Gym, Clubhouse",South,Owner,Ready_to_Move
1991.0,West Bengal,Kolkata,Locality_184,Property_Type,1.0,4793.0,344.83,0.07,2012.0,Semi-furnished,9.0,22.0,13.0,7.0,3.0,Low,Yes,No,"Pool, Playground, Gym, Garden, Clubhouse",North,Builder,Ready_to_Move
1992.0,Gujarat,Surat,Locality_488,Property_Type,4.0,3102.0,238.75,0.08,2000.0,Unfurnished,26.0,7.0,25.0,1.0,5.0,Medium,Yes,No,"Gym, Garden, Clubhouse, Pool, Playground",South,Builder,Ready_to_Move
1993.0,Uttarakhand,Dehradun,Locality_399,Property_Type,5.0,3680.0,79.28,0.02,2008.0,Furnished,15.0,6.0,17.0,4.0,5.0,High,Yes,Yes,"Pool, Gym",North,Broker,Ready_to_Move
1994.0,Uttarakhand,Haridwar,Locality_453,Property_Type,3.0,1542.0,129.35,0.08,1997.0,Semi-furnished,12.0,12.0,28.0,2.0,8.0,Low,No,Yes,"Pool, Clubhouse, Garden",North,Builder,Under_Construction
1995.0,Haryana,Faridabad,Locality_472,Property_Type,4.0,4272.0,45.59,0.01,1996.0,Unfurnished,25.0,17.0,29.0,9.0,3.0,Medium,Yes,No,"Clubhouse, Gym, Garden, Playground, Pool",West,Builder,Under_Construction
1996.0,Jharkhand,Jamshedpur,Locality_160,Property_Type,4.0,1455.0,381.75,0.26,1992.0,Furnished,17.0,1.0,33.0,7.0,6.0,Medium,Yes,Yes,"Clubhouse, Gym, Garden, Pool",East,Builder,Ready_to_Move
1997.0,Karnataka,Mangalore,Locality_295,Property_Type,1.0,4925.0,40.62,0.01,2021.0,Unfurnished,27.0,19.0,4.0,2.0,9.0,Low,No,Yes,Gym,East,Broker,Under_Construction
1998.0,Maharashtra,Nagpur,Locality_402,Property_Type,5.0,2414.0,423.47,0.18,2019.0,Semi-furnished,25.0,21.0,6.0,7.0,9.0,Medium,No,No,"Clubhouse, Gym, Garden, Pool",East,Broker,Under_Construction
1999.0,Delhi,Dwarka,Locality_403,Property_Type,3.0,571.0,199.96,0.35,1995.0,Unfurnished,2.0,24.0,30.0,1.0,8.0,High,No,Yes,"Pool, Garden, Playground, Clubhouse",West,Owner,Ready_to_Move
2000.0,Karnataka,Mysore,Locality_456,Property_Type,3.0,1601.0,186.08,0.12,2014.0,Furnished,27.0,25.0,11.0,8.0,7.0,Low,No,Yes,"Gym, Clubhouse, Garden, Pool, Playground",South,Broker,Under_Construction
2001.0,Jharkhand,Ranchi,Locality_130,Property_Type,1.0,833.0,132.9,0.16,2001.0,Unfurnished,29.0,23.0,24.0,7.0,7.0,Low,Yes,No,"Playground, Pool, Gym, Clubhouse",West,Broker,Ready_to_Move
2002.0,Punjab,Ludhiana,Locality_221,Property_Type,2.0,3554.0,186.87,0.05,1994.0,Semi-furnished,27.0,7.0,31.0,8.0,4.0,Low,No,Yes,"Playground, Pool, Clubhouse, Garden, Gym",North,Broker,Under_Construction
2003.0,Uttar Pradesh,Noida,Locality_215,Property_Type,5.0,894.0,267.95,0.3,2003.0,Semi-furnished,23.0,4.0,22.0,10.0,1.0,High,No,Yes,"Pool, Garden",North,Broker,Ready_to_Move
2004.0,Jharkhand,Jamshedpur,Locality_331,Property_Type,5.0,4954.0,214.2,0.04,1990.0,Semi-furnished,17.0,13.0,35.0,8.0,10.0,High,Yes,Yes,"Gym, Garden, Clubhouse, Playground",West,Builder,Ready_to_Move
2005.0,Telangana,Warangal,Locality_145,Property_Type,5.0,735.0,218.06,0.3,2022.0,Semi-furnished,25.0,16.0,3.0,2.0,9.0,Medium,No,No,"Pool, Playground, Garden",North,Builder,Ready_to_Move
2006.0,Uttarakhand,Haridwar,Locality_163,Property_Type,2.0,4134.0,256.73,0.06,1990.0,Furnished,25.0,25.0,35.0,4.0,6.0,High,Yes,No,"Garden, Gym, Pool, Clubhouse, Playground",North,Owner,Under_Construction
2007.0,Maharashtra,Pune,Locality_79,Property_Type,3.0,4700.0,248.23,0.05,1997.0,Unfurnished,11.0,4.0,28.0,9.0,1.0,High,No,No,"Pool, Garden",North,Builder,Under_Construction
2008.0,Odisha,Bhubaneswar,Locality_116,Property_Type,5.0,2947.0,352.04,0.12,2013.0,Semi-furnished,17.0,26.0,12.0,1.0,6.0,High,No,No,"Clubhouse, Pool",North,Owner,Under_Construction
2009.0,Chhattisgarh,Raipur,Locality_31,Property_Type,2.0,4820.0,39.01,0.01,1993.0,Semi-furnished,30.0,11.0,32.0,1.0,3.0,High,No,Yes,"Gym, Clubhouse",South,Builder,Ready_to_Move
2010.0,Kerala,Kochi,Locality_204,Property_Type,5.0,3752.0,44.46,0.01,2015.0,Semi-furnished,27.0,20.0,10.0,9.0,7.0,Low,Yes,No,Playground,West,Builder,Ready_to_Move
2011.0,Kerala,Kochi,Locality_327,Property_Type,5.0,2316.0,338.67,0.15,2011.0,Semi-furnished,25.0,11.0,14.0,3.0,7.0,Low,No,Yes,"Garden, Gym",West,Builder,Under_Construction
2012.0,Odisha,Cuttack,Locality_195,Property_Type,3.0,4926.0,86.96,0.02,2004.0,Semi-furnished,18.0,27.0,21.0,8.0,10.0,Medium,Yes,Yes,"Gym, Garden, Pool, Playground, Clubhouse",North,Owner,Ready_to_Move
2013.0,Rajasthan,Jaipur,Locality_465,Property_Type,5.0,4662.0,39.18,0.01,1991.0,Semi-furnished,1.0,14.0,34.0,9.0,7.0,Medium,Yes,No,"Garden, Gym, Pool",West,Broker,Under_Construction
2014.0,Andhra Pradesh,Vishakhapatnam,Locality_244,Property_Type,2.0,3837.0,24.64,0.01,2012.0,Unfurnished,25.0,29.0,13.0,1.0,8.0,High,Yes,Yes,"Garden, Gym",North,Broker,Under_Construction
2015.0,Kerala,Kochi,Locality_398,Property_Type,4.0,1797.0,391.85,0.22,2011.0,Unfurnished,14.0,20.0,14.0,4.0,5.0,High,No,No,"Pool, Garden, Gym, Clubhouse",South,Builder,Under_Construction
2016.0,Bihar,Patna,Locality_31,Property_Type,4.0,4421.0,90.34,0.02,2017.0,Semi-furnished,9.0,23.0,8.0,10.0,4.0,Medium,Yes,No,"Gym, Pool, Clubhouse, Garden",East,Broker,Ready_to_Move
2017.0,Delhi,Dwarka,Locality_180,Property_Type,3.0,2892.0,50.77,0.02,2000.0,Semi-furnished,8.0,7.0,25.0,7.0,7.0,High,Yes,No,"Gym, Pool",East,Broker,Under_Construction
2018.0,Karnataka,Bangalore,Locality_14,Property_Type,2.0,2610.0,51.92,0.02,1994.0,Unfurnished,20.0,7.0,31.0,6.0,8.0,High,No,Yes,Playground,West,Broker,Under_Construction
2019.0,Gujarat,Surat,Locality_176,Property_Type,2.0,783.0,315.71,0.4,2009.0,Semi-furnished,18.0,27.0,16.0,2.0,2.0,Low,Yes,Yes,"Gym, Playground, Garden, Pool",West,Builder,Ready_to_Move
2020.0,Bihar,Gaya,Locality_203,Property_Type,1.0,3426.0,242.27,0.07,2008.0,Semi-furnished,17.0,15.0,17.0,4.0,2.0,High,Yes,No,Gym,North,Builder,Under_Construction
2021.0,Telangana,Hyderabad,Locality_418,Property_Type,1.0,850.0,484.89,0.57,2012.0,Furnished,13.0,23.0,13.0,3.0,6.0,Medium,No,No,Clubhouse,West,Broker,Ready_to_Move
2022.0,Odisha,Bhubaneswar,Locality_215,Property_Type,1.0,1137.0,159.71,0.14,1997.0,Semi-furnished,22.0,30.0,28.0,7.0,9.0,Medium,No,Yes,Gym,West,Owner,Ready_to_Move
2023.0,Bihar,Patna,Locality_417,Property_Type,3.0,2317.0,144.11,0.06,1996.0,Furnished,3.0,11.0,29.0,9.0,9.0,Medium,Yes,Yes,Garden,West,Builder,Under_Construction
2024.0,Uttar Pradesh,Noida,Locality_190,Property_Type,5.0,2045.0,28.66,0.01,2006.0,Unfurnished,21.0,10.0,19.0,8.0,9.0,Low,No,No,"Garden, Pool, Clubhouse, Playground",South,Owner,Under_Construction
2025.0,Haryana,Gurgaon,Locality_335,Property_Type,3.0,3929.0,323.65,0.08,2022.0,Furnished,12.0,2.0,3.0,1.0,7.0,Low,Yes,Yes,"Gym, Clubhouse, Playground",East,Broker,Under_Construction
2026.0,Uttarakhand,Haridwar,Locality_267,Property_Type,1.0,2657.0,160.43,0.06,1990.0,Semi-furnished,7.0,8.0,35.0,1.0,2.0,High,No,No,"Clubhouse, Garden, Gym, Playground, Pool",East,Broker,Ready_to_Move
2027.0,West Bengal,Durgapur,Locality_30,Property_Type,2.0,3691.0,458.69,0.12,1991.0,Unfurnished,13.0,19.0,34.0,4.0,3.0,Medium,Yes,No,"Pool, Gym",North,Owner,Under_Construction
2028.0,Haryana,Gurgaon,Locality_376,Property_Type,1.0,3068.0,475.46,0.15,2023.0,Semi-furnished,0.0,4.0,2.0,8.0,9.0,Medium,No,No,Playground,North,Builder,Ready_to_Move
2029.0,Haryana,Faridabad,Locality_153,Property_Type,2.0,3670.0,334.68,0.09,2015.0,Furnished,9.0,27.0,10.0,5.0,4.0,Low,Yes,No,"Gym, Playground, Garden, Clubhouse",West,Broker,Under_Construction
2030.0,Madhya Pradesh,Indore,Locality_227,Property_Type,4.0,1416.0,114.85,0.08,2010.0,Furnished,1.0,5.0,15.0,8.0,2.0,High,No,No,"Garden, Gym, Clubhouse, Playground",West,Broker,Ready_to_Move
2031.0,Andhra Pradesh,Vishakhapatnam,Locality_378,Property_Type,4.0,4776.0,101.63,0.02,2021.0,Unfurnished,5.0,26.0,4.0,3.0,4.0,Medium,Yes,No,"Gym, Clubhouse, Pool, Playground",South,Builder,Ready_to_Move
2032.0,West Bengal,Durgapur,Locality_314,Property_Type,1.0,1453.0,141.18,0.1,2008.0,Semi-furnished,16.0,23.0,17.0,10.0,8.0,Low,Yes,Yes,Clubhouse,North,Owner,Under_Construction
2033.0,Madhya Pradesh,Bhopal,Locality_495,Property_Type,2.0,1741.0,215.67,0.12,2009.0,Semi-furnished,0.0,1.0,16.0,1.0,2.0,Low,No,No,"Garden, Gym, Pool, Playground, Clubhouse",West,Builder,Under_Construction
2034.0,Assam,Silchar,Locality_43,Property_Type,1.0,4926.0,342.65,0.07,2022.0,Furnished,23.0,11.0,3.0,5.0,9.0,High,No,No,"Gym, Pool, Clubhouse, Garden, Playground",East,Broker,Ready_to_Move
2035.0,Chhattisgarh,Raipur,Locality_54,Property_Type,1.0,1222.0,126.75,0.1,1997.0,Unfurnished,23.0,14.0,28.0,5.0,5.0,High,Yes,Yes,"Clubhouse, Pool, Playground",North,Builder,Ready_to_Move
2036.0,Tamil Nadu,Coimbatore,Locality_432,Property_Type,3.0,1103.0,141.04,0.13,2003.0,Furnished,27.0,16.0,22.0,5.0,4.0,Medium,No,No,Playground,North,Builder,Ready_to_Move
2037.0,Haryana,Faridabad,Locality_496,Property_Type,1.0,1998.0,173.34,0.09,2015.0,Unfurnished,21.0,19.0,10.0,6.0,8.0,Low,No,Yes,"Gym, Garden, Clubhouse",West,Broker,Under_Construction
2038.0,Rajasthan,Jaipur,Locality_86,Property_Type,4.0,1739.0,237.56,0.14,2020.0,Furnished,3.0,4.0,5.0,5.0,10.0,High,Yes,No,"Gym, Playground, Pool",South,Owner,Under_Construction
2039.0,Bihar,Patna,Locality_47,Property_Type,5.0,1690.0,115.53,0.07,2005.0,Unfurnished,16.0,28.0,20.0,8.0,6.0,Low,Yes,No,Gym,South,Owner,Ready_to_Move
2040.0,Tamil Nadu,Chennai,Locality_375,Property_Type,4.0,4724.0,396.92,0.08,2022.0,Semi-furnished,25.0,6.0,3.0,8.0,2.0,High,No,No,Gym,North,Builder,Under_Construction
2041.0,Punjab,Amritsar,Locality_369,Property_Type,1.0,1292.0,452.32,0.35,2021.0,Furnished,21.0,11.0,4.0,7.0,2.0,Medium,No,Yes,Playground,North,Broker,Ready_to_Move
2042.0,Bihar,Gaya,Locality_257,Property_Type,5.0,4727.0,215.31,0.05,1996.0,Semi-furnished,13.0,16.0,29.0,5.0,5.0,Medium,Yes,No,"Garden, Playground, Pool",North,Broker,Under_Construction
2043.0,Rajasthan,Jaipur,Locality_495,Property_Type,4.0,2725.0,42.44,0.02,1999.0,Furnished,11.0,24.0,26.0,4.0,5.0,Low,No,Yes,"Playground, Garden, Pool",North,Broker,Ready_to_Move
2044.0,West Bengal,Durgapur,Locality_327,Property_Type,4.0,2608.0,381.84,0.15,2003.0,Unfurnished,23.0,14.0,22.0,9.0,2.0,Medium,Yes,No,"Garden, Pool, Playground, Clubhouse",South,Builder,Ready_to_Move
2045.0,Tamil Nadu,Coimbatore,Locality_482,Property_Type,1.0,3967.0,139.61,0.04,2018.0,Unfurnished,5.0,8.0,7.0,2.0,1.0,Low,Yes,Yes,"Pool, Garden, Playground, Clubhouse",East,Broker,Under_Construction
2046.0,Karnataka,Bangalore,Locality_315,Property_Type,1.0,3127.0,492.71,0.16,1991.0,Semi-furnished,28.0,9.0,34.0,3.0,7.0,Low,No,Yes,"Garden, Clubhouse, Gym",North,Builder,Under_Construction
2047.0,Kerala,Kochi,Locality_414,Property_Type,5.0,788.0,326.6,0.41,1999.0,Unfurnished,23.0,3.0,26.0,5.0,4.0,Low,Yes,No,"Gym, Garden, Playground, Clubhouse",North,Builder,Under_Construction
2048.0,Andhra Pradesh,Vijayawada,Locality_267,Property_Type,1.0,959.0,188.26,0.2,2015.0,Semi-furnished,17.0,19.0,10.0,3.0,7.0,Medium,No,No,Playground,West,Owner,Ready_to_Move
2049.0,Uttarakhand,Haridwar,Locality_497,Property_Type,3.0,1517.0,120.82,0.08,2022.0,Unfurnished,5.0,23.0,3.0,1.0,9.0,Medium,Yes,Yes,"Garden, Gym",South,Builder,Under_Construction
2050.0,Telangana,Hyderabad,Locality_179,Property_Type,2.0,2683.0,377.8,0.14,1998.0,Furnished,0.0,12.0,27.0,9.0,2.0,Medium,Yes,Yes,"Clubhouse, Garden, Pool, Gym, Playground",North,Builder,Ready_to_Move
2051.0,Rajasthan,Jaipur,Locality_196,Property_Type,5.0,3227.0,388.96,0.12,2001.0,Furnished,22.0,1.0,24.0,3.0,9.0,High,Yes,No,Playground,West,Owner,Under_Construction
2052.0,Gujarat,Ahmedabad,Locality_59,Property_Type,1.0,4803.0,222.95,0.05,1999.0,Semi-furnished,20.0,3.0,26.0,8.0,2.0,Medium,No,Yes,"Clubhouse, Garden, Pool",West,Builder,Under_Construction
2053.0,Haryana,Faridabad,Locality_223,Property_Type,4.0,4640.0,293.2,0.06,1995.0,Unfurnished,29.0,5.0,30.0,1.0,10.0,Low,No,No,"Gym, Clubhouse",East,Builder,Under_Construction
2054.0,Jharkhand,Ranchi,Locality_419,Property_Type,1.0,833.0,333.14,0.4,1997.0,Unfurnished,22.0,13.0,28.0,2.0,7.0,Medium,Yes,No,Playground,North,Builder,Ready_to_Move
2055.0,Haryana,Gurgaon,Locality_184,Property_Type,5.0,791.0,403.6,0.51,1998.0,Furnished,2.0,24.0,27.0,8.0,10.0,Low,Yes,No,"Playground, Garden, Clubhouse, Gym, Pool",West,Owner,Ready_to_Move
2056.0,Uttar Pradesh,Lucknow,Locality_182,Property_Type,4.0,2260.0,206.57,0.09,2012.0,Unfurnished,24.0,5.0,13.0,4.0,3.0,Medium,No,Yes,Gym,North,Builder,Ready_to_Move
2057.0,Gujarat,Ahmedabad,Locality_454,Property_Type,4.0,4761.0,181.76,0.04,2008.0,Semi-furnished,15.0,15.0,17.0,4.0,4.0,Low,No,Yes,"Playground, Pool, Garden",North,Builder,Under_Construction
2058.0,Odisha,Bhubaneswar,Locality_296,Property_Type,2.0,3822.0,68.24,0.02,1992.0,Unfurnished,0.0,28.0,33.0,1.0,1.0,Low,No,Yes,"Clubhouse, Garden, Pool, Gym",North,Builder,Under_Construction
2059.0,Assam,Silchar,Locality_43,Property_Type,1.0,3077.0,360.28,0.12,2005.0,Semi-furnished,5.0,23.0,20.0,10.0,7.0,Medium,Yes,No,"Clubhouse, Gym, Garden, Playground",North,Broker,Ready_to_Move
2060.0,Bihar,Gaya,Locality_280,Property_Type,4.0,2911.0,127.85,0.04,2011.0,Semi-furnished,20.0,10.0,14.0,3.0,10.0,Low,Yes,Yes,Clubhouse,South,Builder,Ready_to_Move
2061.0,Odisha,Bhubaneswar,Locality_136,Property_Type,1.0,1741.0,285.37,0.16,1992.0,Semi-furnished,1.0,15.0,33.0,1.0,4.0,Medium,Yes,No,"Playground, Garden, Gym",East,Owner,Ready_to_Move
2062.0,Kerala,Trivandrum,Locality_317,Property_Type,5.0,3567.0,116.28,0.03,1997.0,Semi-furnished,0.0,16.0,28.0,7.0,10.0,Low,Yes,Yes,"Garden, Clubhouse, Gym, Pool",East,Builder,Under_Construction
2063.0,Odisha,Cuttack,Locality_492,Property_Type,5.0,945.0,365.1,0.39,1990.0,Semi-furnished,10.0,27.0,35.0,7.0,7.0,Low,Yes,No,"Garden, Clubhouse, Gym, Pool",East,Owner,Under_Construction
2064.0,Maharashtra,Mumbai,Locality_359,Property_Type,4.0,3147.0,115.52,0.04,2013.0,Furnished,0.0,24.0,12.0,5.0,5.0,Low,No,No,"Garden, Pool, Gym",East,Broker,Under_Construction
2065.0,Delhi,Dwarka,Locality_95,Property_Type,2.0,3059.0,64.77,0.02,1990.0,Semi-furnished,6.0,5.0,35.0,3.0,1.0,Medium,Yes,No,"Garden, Gym, Playground, Pool, Clubhouse",East,Broker,Under_Construction
2066.0,Andhra Pradesh,Vishakhapatnam,Locality_16,Property_Type,3.0,696.0,210.28,0.3,2010.0,Semi-furnished,27.0,9.0,15.0,8.0,9.0,Medium,No,No,"Pool, Gym",West,Broker,Ready_to_Move
2067.0,Assam,Silchar,Locality_59,Property_Type,4.0,2047.0,145.83,0.07,2003.0,Unfurnished,8.0,7.0,22.0,7.0,1.0,High,Yes,No,"Gym, Pool",South,Owner,Ready_to_Move
2068.0,Bihar,Gaya,Locality_434,Property_Type,2.0,2780.0,223.78,0.08,2021.0,Furnished,11.0,2.0,4.0,8.0,2.0,High,Yes,Yes,Playground,North,Builder,Ready_to_Move
2069.0,Rajasthan,Jaipur,Locality_148,Property_Type,3.0,4646.0,174.36,0.04,2016.0,Unfurnished,25.0,9.0,9.0,3.0,8.0,High,No,Yes,"Garden, Playground, Pool",West,Builder,Ready_to_Move
2070.0,Uttar Pradesh,Noida,Locality_282,Property_Type,1.0,4261.0,22.04,0.01,2003.0,Furnished,2.0,16.0,22.0,10.0,7.0,High,No,No,"Gym, Playground, Garden, Clubhouse, Pool",South,Owner,Ready_to_Move
2071.0,Jharkhand,Ranchi,Locality_430,Property_Type,1.0,4548.0,100.45,0.02,2023.0,Unfurnished,2.0,5.0,2.0,2.0,1.0,Low,Yes,No,"Playground, Garden, Pool",West,Owner,Under_Construction
2072.0,Madhya Pradesh,Indore,Locality_422,Property_Type,1.0,4671.0,104.87,0.02,2017.0,Furnished,11.0,27.0,8.0,5.0,4.0,Medium,Yes,No,"Garden, Playground",East,Owner,Under_Construction
2073.0,Karnataka,Mangalore,Locality_432,Property_Type,1.0,1956.0,75.05,0.04,1993.0,Furnished,15.0,8.0,32.0,7.0,1.0,Low,No,Yes,"Playground, Clubhouse, Pool",West,Broker,Ready_to_Move
2074.0,Karnataka,Mangalore,Locality_138,Property_Type,4.0,1707.0,227.71,0.13,2008.0,Furnished,21.0,11.0,17.0,3.0,7.0,High,Yes,Yes,Pool,South,Owner,Ready_to_Move
2075.0,Kerala,Kochi,Locality_149,Property_Type,5.0,4800.0,343.04,0.07,1997.0,Unfurnished,15.0,10.0,28.0,10.0,4.0,High,No,No,"Pool, Garden, Gym, Playground, Clubhouse",South,Owner,Ready_to_Move
2076.0,Odisha,Cuttack,Locality_88,Property_Type,1.0,1734.0,295.11,0.17,1999.0,Furnished,11.0,6.0,26.0,2.0,1.0,High,Yes,Yes,"Playground, Clubhouse",South,Builder,Under_Construction
2077.0,Uttarakhand,Haridwar,Locality_298,Property_Type,3.0,898.0,444.37,0.49,2023.0,Furnished,14.0,17.0,2.0,1.0,8.0,Low,Yes,No,"Playground, Gym, Garden, Clubhouse, Pool",West,Owner,Under_Construction
2078.0,Odisha,Cuttack,Locality_313,Property_Type,1.0,3801.0,194.41,0.05,2007.0,Unfurnished,5.0,5.0,18.0,5.0,8.0,High,Yes,Yes,Garden,East,Builder,Under_Construction
2079.0,Kerala,Kochi,Locality_152,Property_Type,2.0,3082.0,411.34,0.13,2000.0,Semi-furnished,27.0,17.0,25.0,3.0,10.0,High,Yes,No,"Clubhouse, Pool, Gym, Garden",South,Broker,Ready_to_Move
2080.0,Chhattisgarh,Bilaspur,Locality_90,Property_Type,3.0,2685.0,411.74,0.15,2014.0,Unfurnished,26.0,11.0,11.0,3.0,2.0,Low,No,Yes,"Playground, Garden, Pool",West,Owner,Ready_to_Move
2081.0,Maharashtra,Nagpur,Locality_347,Property_Type,2.0,4306.0,276.08,0.06,2012.0,Furnished,12.0,15.0,13.0,8.0,3.0,Low,Yes,No,"Garden, Gym, Pool, Clubhouse, Playground",West,Owner,Under_Construction
2082.0,Tamil Nadu,Chennai,Locality_242,Property_Type,3.0,3760.0,482.4,0.13,1991.0,Furnished,23.0,21.0,34.0,4.0,9.0,Medium,No,No,"Pool, Garden, Clubhouse, Playground, Gym",North,Builder,Under_Construction
2083.0,Telangana,Hyderabad,Locality_334,Property_Type,2.0,4124.0,448.05,0.11,2010.0,Furnished,8.0,9.0,15.0,3.0,4.0,High,No,Yes,Clubhouse,West,Builder,Under_Construction
2084.0,West Bengal,Durgapur,Locality_430,Property_Type,2.0,2341.0,309.79,0.13,1990.0,Furnished,18.0,17.0,35.0,10.0,5.0,High,No,Yes,"Pool, Garden, Clubhouse",East,Builder,Under_Construction
2085.0,Punjab,Ludhiana,Locality_294,Property_Type,4.0,1027.0,163.29,0.16,2013.0,Unfurnished,2.0,16.0,12.0,2.0,2.0,High,Yes,Yes,"Pool, Gym",West,Builder,Ready_to_Move
2086.0,Madhya Pradesh,Indore,Locality_48,Property_Type,1.0,2103.0,42.77,0.02,2007.0,Semi-furnished,21.0,13.0,18.0,4.0,7.0,High,No,No,Pool,North,Broker,Under_Construction
2087.0,Andhra Pradesh,Vijayawada,Locality_221,Property_Type,5.0,577.0,27.83,0.05,1990.0,Semi-furnished,0.0,25.0,35.0,5.0,7.0,Medium,Yes,No,"Clubhouse, Gym, Garden",North,Owner,Under_Construction
2088.0,Madhya Pradesh,Indore,Locality_137,Property_Type,1.0,3014.0,233.31,0.08,1998.0,Furnished,23.0,24.0,27.0,2.0,9.0,Low,Yes,No,"Garden, Playground, Gym, Pool, Clubhouse",West,Owner,Under_Construction
2089.0,Karnataka,Mangalore,Locality_405,Property_Type,5.0,2166.0,72.49,0.03,2001.0,Furnished,23.0,28.0,24.0,8.0,8.0,Low,No,Yes,"Garden, Gym, Pool",North,Broker,Under_Construction
2090.0,Andhra Pradesh,Vishakhapatnam,Locality_225,Property_Type,1.0,929.0,105.15,0.11,1994.0,Semi-furnished,20.0,1.0,31.0,1.0,3.0,High,Yes,Yes,"Playground, Pool, Garden",North,Broker,Under_Construction
2091.0,Karnataka,Bangalore,Locality_403,Property_Type,2.0,2287.0,465.81,0.2,2020.0,Unfurnished,2.0,3.0,5.0,4.0,1.0,Medium,No,Yes,Pool,East,Broker,Ready_to_Move
2092.0,Jharkhand,Ranchi,Locality_62,Property_Type,2.0,4000.0,155.59,0.04,2010.0,Semi-furnished,28.0,13.0,15.0,2.0,9.0,Medium,No,No,Pool,South,Broker,Under_Construction
2093.0,Chhattisgarh,Bilaspur,Locality_11,Property_Type,3.0,4373.0,131.07,0.03,1991.0,Furnished,6.0,14.0,34.0,8.0,6.0,Medium,No,Yes,Clubhouse,East,Owner,Under_Construction
2094.0,Uttar Pradesh,Noida,Locality_36,Property_Type,3.0,4723.0,482.71,0.1,2023.0,Furnished,23.0,16.0,2.0,4.0,1.0,Medium,Yes,No,"Clubhouse, Pool, Garden",West,Broker,Under_Construction
2095.0,Madhya Pradesh,Indore,Locality_129,Property_Type,4.0,2051.0,139.36,0.07,2001.0,Unfurnished,7.0,18.0,24.0,7.0,7.0,Low,No,No,"Gym, Clubhouse, Pool, Garden, Playground",East,Owner,Under_Construction
2096.0,Chhattisgarh,Raipur,Locality_268,Property_Type,1.0,1367.0,317.3,0.23,1998.0,Unfurnished,10.0,5.0,27.0,8.0,8.0,High,Yes,Yes,"Clubhouse, Gym, Pool, Playground",North,Broker,Under_Construction
2097.0,Kerala,Kochi,Locality_209,Property_Type,3.0,1046.0,28.28,0.03,2008.0,Semi-furnished,14.0,2.0,17.0,4.0,7.0,Low,No,Yes,Clubhouse,East,Broker,Ready_to_Move
2098.0,Delhi,Dwarka,Locality_368,Property_Type,4.0,4997.0,490.79,0.1,1993.0,Unfurnished,26.0,5.0,32.0,2.0,8.0,Low,No,No,"Playground, Pool",South,Builder,Under_Construction
2099.0,Andhra Pradesh,Vishakhapatnam,Locality_416,Property_Type,4.0,4058.0,441.16,0.11,2010.0,Furnished,10.0,16.0,15.0,8.0,6.0,High,Yes,Yes,"Playground, Gym, Pool, Garden, Clubhouse",West,Builder,Ready_to_Move
2100.0,Assam,Silchar,Locality_153,Property_Type,4.0,3145.0,122.18,0.04,2014.0,Furnished,12.0,2.0,11.0,1.0,8.0,Low,No,Yes,"Playground, Pool, Garden, Gym",West,Broker,Under_Construction
2101.0,Bihar,Gaya,Locality_175,Property_Type,5.0,1037.0,333.49,0.32,2004.0,Furnished,14.0,20.0,21.0,4.0,6.0,Medium,Yes,Yes,"Clubhouse, Gym, Garden",South,Broker,Ready_to_Move
2102.0,Chhattisgarh,Bilaspur,Locality_447,Property_Type,2.0,1632.0,25.53,0.02,2001.0,Unfurnished,13.0,17.0,24.0,9.0,6.0,Medium,No,Yes,Garden,North,Builder,Under_Construction
2103.0,Punjab,Amritsar,Locality_200,Property_Type,1.0,2986.0,254.83,0.09,2022.0,Furnished,12.0,13.0,3.0,5.0,1.0,Low,Yes,No,"Garden, Gym, Playground",East,Builder,Under_Construction
2104.0,Uttarakhand,Haridwar,Locality_91,Property_Type,5.0,1405.0,347.26,0.25,2009.0,Unfurnished,3.0,5.0,16.0,3.0,3.0,High,Yes,No,"Pool, Clubhouse",North,Builder,Ready_to_Move
2105.0,Uttarakhand,Haridwar,Locality_311,Property_Type,2.0,591.0,499.06,0.84,2015.0,Semi-furnished,14.0,21.0,10.0,2.0,5.0,Medium,No,Yes,"Garden, Gym, Playground, Pool, Clubhouse",North,Owner,Under_Construction
2106.0,Tamil Nadu,Coimbatore,Locality_268,Property_Type,1.0,1479.0,497.8,0.34,2003.0,Furnished,20.0,10.0,22.0,9.0,1.0,Medium,Yes,Yes,"Playground, Pool",East,Owner,Under_Construction
2107.0,West Bengal,Durgapur,Locality_209,Property_Type,2.0,4009.0,175.82,0.04,2023.0,Semi-furnished,18.0,18.0,2.0,10.0,9.0,Medium,Yes,No,"Gym, Garden, Playground, Clubhouse",West,Broker,Ready_to_Move
2108.0,Tamil Nadu,Chennai,Locality_37,Property_Type,1.0,3064.0,149.38,0.05,2007.0,Semi-furnished,18.0,11.0,18.0,9.0,1.0,High,No,No,"Playground, Garden, Clubhouse, Pool, Gym",East,Builder,Under_Construction
2109.0,Andhra Pradesh,Vishakhapatnam,Locality_297,Property_Type,5.0,4857.0,466.41,0.1,2012.0,Furnished,23.0,28.0,13.0,4.0,5.0,High,No,Yes,"Playground, Garden",North,Builder,Ready_to_Move
2110.0,Madhya Pradesh,Bhopal,Locality_346,Property_Type,5.0,4147.0,331.18,0.08,2007.0,Unfurnished,20.0,30.0,18.0,4.0,3.0,Medium,Yes,No,"Pool, Gym",West,Builder,Ready_to_Move
2111.0,Haryana,Faridabad,Locality_30,Property_Type,4.0,634.0,352.51,0.56,1991.0,Furnished,22.0,9.0,34.0,10.0,1.0,Low,No,No,"Pool, Gym, Playground",North,Owner,Ready_to_Move
2112.0,Chhattisgarh,Bilaspur,Locality_8,Property_Type,1.0,3351.0,125.75,0.04,2019.0,Unfurnished,5.0,22.0,6.0,10.0,1.0,Medium,Yes,Yes,"Garden, Pool, Clubhouse, Playground, Gym",West,Builder,Ready_to_Move
2113.0,Madhya Pradesh,Indore,Locality_357,Property_Type,5.0,1608.0,65.97,0.04,2022.0,Unfurnished,8.0,7.0,3.0,2.0,1.0,Low,Yes,Yes,"Pool, Gym, Garden, Playground, Clubhouse",West,Builder,Ready_to_Move
2114.0,West Bengal,Durgapur,Locality_385,Property_Type,2.0,1002.0,295.05,0.29,2015.0,Furnished,9.0,11.0,10.0,9.0,1.0,High,Yes,No,Playground,East,Broker,Ready_to_Move
2115.0,Uttar Pradesh,Noida,Locality_256,Property_Type,5.0,3809.0,132.46,0.03,2011.0,Semi-furnished,29.0,7.0,14.0,10.0,9.0,Medium,No,Yes,"Pool, Garden, Gym, Playground, Clubhouse",North,Builder,Ready_to_Move
2116.0,Uttarakhand,Haridwar,Locality_235,Property_Type,1.0,2919.0,200.67,0.07,2018.0,Semi-furnished,19.0,25.0,7.0,3.0,5.0,High,Yes,No,"Gym, Playground, Garden",West,Builder,Under_Construction
2117.0,Assam,Silchar,Locality_333,Property_Type,2.0,1058.0,293.32,0.28,1992.0,Furnished,21.0,13.0,33.0,8.0,5.0,Medium,Yes,Yes,"Playground, Gym, Clubhouse, Garden, Pool",West,Owner,Under_Construction
2118.0,Andhra Pradesh,Vijayawada,Locality_365,Property_Type,3.0,4394.0,76.33,0.02,2015.0,Unfurnished,13.0,1.0,10.0,5.0,1.0,Medium,No,No,"Garden, Pool",South,Broker,Ready_to_Move
2119.0,Assam,Silchar,Locality_83,Property_Type,2.0,1619.0,282.68,0.17,2014.0,Furnished,28.0,13.0,11.0,10.0,7.0,Low,Yes,No,"Pool, Gym, Playground, Clubhouse",West,Broker,Ready_to_Move
2120.0,Karnataka,Bangalore,Locality_35,Property_Type,5.0,1090.0,62.58,0.06,2005.0,Unfurnished,20.0,5.0,20.0,8.0,4.0,High,Yes,Yes,Playground,East,Owner,Ready_to_Move
2121.0,Karnataka,Mysore,Locality_62,Property_Type,3.0,4960.0,10.15,0.0,2013.0,Unfurnished,18.0,17.0,12.0,1.0,6.0,Low,Yes,No,"Gym, Pool",West,Builder,Under_Construction
2122.0,Karnataka,Mangalore,Locality_58,Property_Type,4.0,4557.0,146.66,0.03,1993.0,Semi-furnished,7.0,21.0,32.0,8.0,1.0,High,Yes,No,"Pool, Gym, Playground, Garden",East,Builder,Ready_to_Move
2123.0,West Bengal,Kolkata,Locality_322,Property_Type,3.0,1440.0,278.02,0.19,1995.0,Furnished,7.0,6.0,30.0,3.0,8.0,Low,No,Yes,"Clubhouse, Garden, Playground",North,Builder,Ready_to_Move
2124.0,Haryana,Gurgaon,Locality_125,Property_Type,5.0,517.0,87.28,0.17,2000.0,Unfurnished,15.0,4.0,25.0,8.0,10.0,Low,Yes,No,"Playground, Gym, Pool",South,Owner,Under_Construction
2125.0,Odisha,Bhubaneswar,Locality_336,Property_Type,4.0,3192.0,158.2,0.05,2015.0,Unfurnished,13.0,21.0,10.0,3.0,2.0,Medium,No,No,"Garden, Gym, Pool, Playground, Clubhouse",North,Owner,Ready_to_Move
2126.0,Assam,Guwahati,Locality_197,Property_Type,5.0,880.0,313.47,0.36,2021.0,Semi-furnished,27.0,11.0,4.0,10.0,7.0,Low,Yes,Yes,"Garden, Playground, Gym, Clubhouse, Pool",West,Owner,Ready_to_Move
2127.0,Bihar,Gaya,Locality_168,Property_Type,3.0,778.0,191.43,0.25,2007.0,Unfurnished,17.0,9.0,18.0,6.0,8.0,Medium,No,No,"Playground, Gym, Garden, Clubhouse",South,Builder,Ready_to_Move
2128.0,West Bengal,Durgapur,Locality_69,Property_Type,1.0,2156.0,207.28,0.1,1994.0,Unfurnished,15.0,18.0,31.0,4.0,2.0,Medium,No,Yes,"Pool, Playground",North,Broker,Ready_to_Move
2129.0,Uttarakhand,Haridwar,Locality_289,Property_Type,1.0,931.0,52.54,0.06,2001.0,Unfurnished,1.0,30.0,24.0,2.0,2.0,Low,Yes,Yes,"Gym, Clubhouse, Pool, Garden, Playground",East,Owner,Under_Construction
2130.0,Assam,Guwahati,Locality_153,Property_Type,2.0,667.0,452.93,0.68,2019.0,Unfurnished,27.0,8.0,6.0,1.0,2.0,Low,Yes,No,"Pool, Gym, Garden, Clubhouse",East,Owner,Ready_to_Move
2131.0,West Bengal,Kolkata,Locality_267,Property_Type,2.0,4228.0,31.74,0.01,2017.0,Semi-furnished,10.0,30.0,8.0,10.0,1.0,Low,No,No,"Garden, Playground, Gym, Pool",South,Owner,Under_Construction
2132.0,Haryana,Faridabad,Locality_267,Property_Type,5.0,4817.0,391.76,0.08,1994.0,Unfurnished,28.0,10.0,31.0,5.0,6.0,Low,Yes,No,"Playground, Gym, Pool, Garden, Clubhouse",East,Owner,Under_Construction
2133.0,Uttarakhand,Dehradun,Locality_181,Property_Type,5.0,1704.0,43.52,0.03,1999.0,Unfurnished,3.0,27.0,26.0,1.0,5.0,High,Yes,No,"Pool, Clubhouse, Playground",West,Owner,Under_Construction
2134.0,Haryana,Gurgaon,Locality_370,Property_Type,4.0,860.0,84.92,0.1,2001.0,Unfurnished,23.0,16.0,24.0,5.0,2.0,Low,Yes,No,Pool,South,Broker,Under_Construction
2135.0,Gujarat,Ahmedabad,Locality_46,Property_Type,5.0,4335.0,381.15,0.09,2001.0,Semi-furnished,2.0,27.0,24.0,1.0,10.0,Low,Yes,No,"Gym, Pool, Clubhouse",West,Broker,Ready_to_Move
2136.0,Andhra Pradesh,Vishakhapatnam,Locality_5,Property_Type,4.0,3007.0,427.94,0.14,2015.0,Semi-furnished,25.0,29.0,10.0,10.0,3.0,High,No,Yes,"Pool, Gym, Clubhouse",West,Owner,Under_Construction
2137.0,Uttarakhand,Dehradun,Locality_408,Property_Type,4.0,3399.0,481.23,0.14,2015.0,Furnished,23.0,25.0,10.0,7.0,9.0,Medium,No,Yes,"Pool, Clubhouse, Gym",West,Broker,Under_Construction
2138.0,Kerala,Trivandrum,Locality_487,Property_Type,1.0,1571.0,342.76,0.22,2009.0,Unfurnished,15.0,11.0,16.0,4.0,2.0,High,Yes,Yes,"Garden, Playground, Pool",East,Owner,Ready_to_Move
2139.0,Jharkhand,Jamshedpur,Locality_267,Property_Type,4.0,1178.0,493.25,0.42,2015.0,Semi-furnished,30.0,27.0,10.0,4.0,4.0,High,Yes,No,"Gym, Garden",West,Broker,Under_Construction
2140.0,Haryana,Faridabad,Locality_88,Property_Type,5.0,585.0,426.16,0.73,2015.0,Furnished,7.0,8.0,10.0,5.0,5.0,Medium,No,No,"Pool, Gym, Clubhouse",West,Builder,Ready_to_Move
2141.0,Assam,Silchar,Locality_474,Property_Type,2.0,3729.0,137.25,0.04,2020.0,Semi-furnished,26.0,11.0,5.0,4.0,8.0,Low,No,No,"Clubhouse, Garden",East,Broker,Under_Construction
2142.0,Assam,Silchar,Locality_465,Property_Type,1.0,1554.0,494.02,0.32,1994.0,Furnished,29.0,25.0,31.0,7.0,10.0,Low,No,Yes,"Playground, Garden, Pool, Gym",South,Owner,Ready_to_Move
2143.0,Chhattisgarh,Bilaspur,Locality_478,Property_Type,3.0,1394.0,318.86,0.23,2005.0,Unfurnished,23.0,18.0,20.0,10.0,1.0,High,No,No,"Playground, Pool, Gym, Clubhouse",South,Builder,Under_Construction
2144.0,Odisha,Cuttack,Locality_315,Property_Type,3.0,1600.0,208.15,0.13,1994.0,Furnished,21.0,1.0,31.0,6.0,8.0,High,Yes,Yes,"Pool, Garden, Clubhouse, Playground",North,Builder,Under_Construction
2145.0,Jharkhand,Jamshedpur,Locality_32,Property_Type,3.0,4645.0,390.06,0.08,2003.0,Unfurnished,9.0,26.0,22.0,8.0,1.0,Low,No,No,Playground,South,Broker,Under_Construction
2146.0,Kerala,Trivandrum,Locality_267,Property_Type,1.0,1887.0,25.05,0.01,2011.0,Furnished,6.0,15.0,14.0,5.0,9.0,Medium,Yes,Yes,"Pool, Playground, Garden",North,Owner,Ready_to_Move
2147.0,Odisha,Cuttack,Locality_399,Property_Type,2.0,2011.0,27.15,0.01,2010.0,Unfurnished,30.0,28.0,15.0,7.0,5.0,High,Yes,Yes,"Gym, Pool, Playground, Garden",North,Owner,Under_Construction
2148.0,Maharashtra,Mumbai,Locality_353,Property_Type,5.0,2814.0,318.38,0.11,2001.0,Furnished,29.0,26.0,24.0,9.0,4.0,Low,Yes,Yes,"Gym, Garden, Pool, Playground, Clubhouse",North,Broker,Under_Construction
2149.0,Madhya Pradesh,Bhopal,Locality_389,Property_Type,5.0,642.0,279.94,0.44,2015.0,Unfurnished,27.0,9.0,10.0,1.0,9.0,Medium,Yes,No,"Pool, Garden, Clubhouse, Playground, Gym",South,Broker,Ready_to_Move
2150.0,Haryana,Gurgaon,Locality_257,Property_Type,5.0,1094.0,394.58,0.36,2004.0,Semi-furnished,1.0,22.0,21.0,1.0,2.0,Medium,No,Yes,"Clubhouse, Playground, Pool",West,Owner,Ready_to_Move
2151.0,Tamil Nadu,Chennai,Locality_324,Property_Type,1.0,2591.0,16.28,0.01,2019.0,Semi-furnished,11.0,11.0,6.0,1.0,4.0,High,No,Yes,"Playground, Garden, Clubhouse",East,Builder,Under_Construction
2152.0,Telangana,Hyderabad,Locality_214,Property_Type,2.0,4832.0,35.8,0.01,2006.0,Unfurnished,17.0,6.0,19.0,1.0,8.0,Low,Yes,No,Playground,North,Broker,Ready_to_Move
2153.0,Jharkhand,Jamshedpur,Locality_117,Property_Type,4.0,1345.0,449.6,0.33,2018.0,Semi-furnished,18.0,3.0,7.0,3.0,4.0,Medium,Yes,No,"Playground, Gym, Pool, Garden",East,Builder,Ready_to_Move
2154.0,Kerala,Trivandrum,Locality_398,Property_Type,2.0,1715.0,48.48,0.03,2000.0,Unfurnished,24.0,7.0,25.0,10.0,1.0,Low,No,Yes,"Garden, Clubhouse, Pool",East,Owner,Ready_to_Move
2155.0,Maharashtra,Nagpur,Locality_345,Property_Type,1.0,2118.0,185.17,0.09,2012.0,Furnished,7.0,17.0,13.0,3.0,6.0,High,No,Yes,Clubhouse,South,Broker,Under_Construction
2156.0,Uttarakhand,Haridwar,Locality_172,Property_Type,1.0,2416.0,366.25,0.15,2015.0,Semi-furnished,4.0,12.0,10.0,6.0,5.0,High,Yes,Yes,Playground,South,Broker,Under_Construction
2157.0,Odisha,Bhubaneswar,Locality_337,Property_Type,3.0,2335.0,303.86,0.13,2015.0,Semi-furnished,9.0,2.0,10.0,7.0,9.0,High,No,No,"Clubhouse, Pool, Garden",South,Builder,Ready_to_Move
2158.0,Punjab,Amritsar,Locality_450,Property_Type,1.0,2719.0,266.54,0.1,2001.0,Furnished,11.0,9.0,24.0,6.0,9.0,High,Yes,Yes,"Playground, Clubhouse",South,Broker,Under_Construction
2159.0,Jharkhand,Ranchi,Locality_96,Property_Type,4.0,3855.0,449.6,0.12,1996.0,Semi-furnished,28.0,19.0,29.0,8.0,9.0,High,Yes,Yes,"Garden, Gym, Playground, Clubhouse",West,Broker,Under_Construction
2160.0,Jharkhand,Ranchi,Locality_289,Property_Type,3.0,894.0,18.88,0.02,2012.0,Furnished,1.0,29.0,13.0,9.0,5.0,Medium,Yes,Yes,"Clubhouse, Pool, Gym, Playground",West,Broker,Ready_to_Move
2161.0,Rajasthan,Jodhpur,Locality_61,Property_Type,5.0,2094.0,211.71,0.1,1994.0,Unfurnished,27.0,8.0,31.0,6.0,6.0,Low,Yes,Yes,"Gym, Garden, Clubhouse",West,Owner,Under_Construction
2162.0,Karnataka,Mangalore,Locality_293,Property_Type,2.0,3191.0,230.49,0.07,1993.0,Furnished,4.0,7.0,32.0,2.0,10.0,High,No,Yes,"Pool, Playground, Clubhouse",West,Owner,Ready_to_Move
2163.0,Jharkhand,Jamshedpur,Locality_438,Property_Type,1.0,4046.0,421.1,0.1,2000.0,Unfurnished,1.0,11.0,25.0,10.0,9.0,Low,Yes,No,"Clubhouse, Playground, Pool, Garden",North,Owner,Under_Construction
2164.0,Odisha,Cuttack,Locality_208,Property_Type,1.0,4192.0,180.01,0.04,2005.0,Semi-furnished,19.0,14.0,20.0,10.0,5.0,High,No,Yes,"Gym, Garden, Pool, Clubhouse",East,Builder,Under_Construction
2165.0,Gujarat,Surat,Locality_438,Property_Type,4.0,4225.0,145.74,0.03,2002.0,Unfurnished,15.0,24.0,23.0,4.0,8.0,High,Yes,Yes,"Pool, Playground, Gym, Clubhouse, Garden",East,Owner,Under_Construction
2166.0,Assam,Silchar,Locality_388,Property_Type,5.0,623.0,162.68,0.26,2010.0,Unfurnished,5.0,1.0,15.0,4.0,10.0,Medium,Yes,No,"Garden, Clubhouse",West,Broker,Under_Construction
2167.0,Uttarakhand,Dehradun,Locality_294,Property_Type,1.0,2474.0,289.82,0.12,1994.0,Unfurnished,3.0,23.0,31.0,4.0,8.0,High,Yes,Yes,"Playground, Garden, Gym, Pool, Clubhouse",East,Broker,Ready_to_Move
2168.0,Andhra Pradesh,Vijayawada,Locality_274,Property_Type,5.0,2967.0,17.62,0.01,1998.0,Furnished,18.0,8.0,27.0,3.0,3.0,Medium,No,No,"Garden, Gym, Pool, Playground, Clubhouse",South,Owner,Ready_to_Move
2169.0,West Bengal,Durgapur,Locality_494,Property_Type,4.0,3630.0,143.81,0.04,2008.0,Unfurnished,17.0,16.0,17.0,1.0,8.0,High,Yes,No,"Garden, Clubhouse, Pool",East,Broker,Ready_to_Move
2170.0,Rajasthan,Jodhpur,Locality_96,Property_Type,1.0,4165.0,314.07,0.08,2023.0,Unfurnished,23.0,23.0,2.0,4.0,5.0,Medium,Yes,No,"Playground, Garden, Gym, Pool, Clubhouse",North,Broker,Ready_to_Move
2171.0,Karnataka,Mysore,Locality_21,Property_Type,3.0,1551.0,266.9,0.17,2017.0,Furnished,27.0,16.0,8.0,10.0,2.0,High,No,Yes,"Clubhouse, Garden",West,Broker,Ready_to_Move
2172.0,Jharkhand,Jamshedpur,Locality_374,Property_Type,1.0,1102.0,228.44,0.21,1991.0,Furnished,9.0,24.0,34.0,7.0,10.0,Low,Yes,No,Clubhouse,South,Owner,Ready_to_Move
2173.0,Tamil Nadu,Coimbatore,Locality_439,Property_Type,5.0,2167.0,92.44,0.04,2013.0,Semi-furnished,14.0,15.0,12.0,2.0,10.0,Low,Yes,No,"Playground, Clubhouse, Gym, Pool",South,Builder,Under_Construction
2174.0,Uttar Pradesh,Noida,Locality_21,Property_Type,4.0,817.0,475.8,0.58,2001.0,Furnished,8.0,2.0,24.0,9.0,4.0,Medium,Yes,Yes,"Garden, Pool, Gym, Playground, Clubhouse",South,Owner,Under_Construction
2175.0,Maharashtra,Mumbai,Locality_302,Property_Type,3.0,4731.0,320.89,0.07,2007.0,Semi-furnished,29.0,4.0,18.0,7.0,9.0,Medium,Yes,No,Gym,East,Builder,Ready_to_Move
2176.0,Bihar,Gaya,Locality_333,Property_Type,1.0,1295.0,313.67,0.24,2011.0,Semi-furnished,10.0,22.0,14.0,6.0,4.0,Low,Yes,Yes,Garden,East,Broker,Under_Construction
2177.0,Haryana,Gurgaon,Locality_361,Property_Type,1.0,1795.0,432.64,0.24,1996.0,Unfurnished,4.0,1.0,29.0,2.0,3.0,Medium,Yes,No,Clubhouse,South,Builder,Ready_to_Move
2178.0,Telangana,Warangal,Locality_273,Property_Type,2.0,4092.0,43.08,0.01,2023.0,Unfurnished,14.0,5.0,2.0,7.0,3.0,Low,No,Yes,Playground,South,Broker,Under_Construction
2179.0,West Bengal,Kolkata,Locality_274,Property_Type,3.0,4363.0,15.64,0.0,1990.0,Unfurnished,0.0,24.0,35.0,9.0,1.0,Medium,No,No,"Gym, Playground, Garden, Clubhouse, Pool",West,Owner,Under_Construction
2180.0,Telangana,Warangal,Locality_333,Property_Type,3.0,3083.0,132.84,0.04,2013.0,Furnished,6.0,30.0,12.0,7.0,7.0,Medium,No,Yes,"Gym, Pool",South,Builder,Under_Construction
2181.0,Uttar Pradesh,Lucknow,Locality_359,Property_Type,1.0,4327.0,92.56,0.02,2001.0,Unfurnished,3.0,16.0,24.0,7.0,10.0,Low,Yes,No,"Garden, Playground, Clubhouse, Gym, Pool",West,Builder,Ready_to_Move
2182.0,Telangana,Warangal,Locality_83,Property_Type,5.0,4613.0,278.69,0.06,1993.0,Furnished,29.0,9.0,32.0,8.0,10.0,Medium,No,No,"Pool, Gym",South,Broker,Under_Construction
2183.0,Assam,Silchar,Locality_247,Property_Type,5.0,4636.0,341.61,0.07,2007.0,Unfurnished,11.0,19.0,18.0,8.0,5.0,High,No,No,"Pool, Clubhouse, Garden, Playground",South,Broker,Under_Construction
2184.0,Uttarakhand,Dehradun,Locality_135,Property_Type,5.0,647.0,147.21,0.23,2003.0,Unfurnished,4.0,1.0,22.0,2.0,10.0,Medium,Yes,No,"Clubhouse, Pool, Playground, Gym, Garden",South,Builder,Under_Construction
2185.0,Odisha,Cuttack,Locality_219,Property_Type,4.0,2342.0,296.25,0.13,1992.0,Semi-furnished,11.0,11.0,33.0,3.0,1.0,Medium,No,No,"Garden, Gym, Playground, Pool",North,Broker,Ready_to_Move
2186.0,Karnataka,Mangalore,Locality_234,Property_Type,1.0,4429.0,23.32,0.01,2012.0,Furnished,26.0,2.0,13.0,5.0,10.0,High,No,No,Garden,North,Owner,Under_Construction
2187.0,West Bengal,Kolkata,Locality_90,Property_Type,4.0,4600.0,89.3,0.02,2000.0,Furnished,27.0,3.0,25.0,8.0,6.0,Low,No,No,"Garden, Gym",West,Builder,Ready_to_Move
2188.0,Assam,Guwahati,Locality_193,Property_Type,5.0,3689.0,195.79,0.05,1999.0,Semi-furnished,0.0,17.0,26.0,9.0,5.0,High,Yes,Yes,"Gym, Playground, Clubhouse",East,Owner,Under_Construction
2189.0,Uttar Pradesh,Lucknow,Locality_178,Property_Type,5.0,2474.0,310.31,0.13,2009.0,Semi-furnished,20.0,1.0,16.0,5.0,10.0,Low,Yes,No,"Playground, Pool",East,Owner,Under_Construction
2190.0,Chhattisgarh,Raipur,Locality_471,Property_Type,3.0,3159.0,342.5,0.11,1997.0,Furnished,17.0,10.0,28.0,2.0,3.0,Medium,Yes,No,"Clubhouse, Playground, Pool, Gym",West,Builder,Under_Construction
2191.0,Haryana,Gurgaon,Locality_125,Property_Type,1.0,1147.0,375.13,0.33,2008.0,Furnished,27.0,28.0,17.0,3.0,3.0,High,No,No,Pool,East,Owner,Ready_to_Move
2192.0,Odisha,Cuttack,Locality_369,Property_Type,1.0,1523.0,61.67,0.04,1993.0,Semi-furnished,0.0,18.0,32.0,2.0,8.0,High,No,No,Pool,North,Broker,Under_Construction
2193.0,Assam,Guwahati,Locality_11,Property_Type,3.0,3186.0,64.56,0.02,2011.0,Semi-furnished,23.0,24.0,14.0,4.0,10.0,Low,Yes,No,Pool,North,Builder,Ready_to_Move
2194.0,Andhra Pradesh,Vijayawada,Locality_92,Property_Type,5.0,1936.0,312.29,0.16,2011.0,Unfurnished,6.0,25.0,14.0,5.0,5.0,Low,Yes,No,"Gym, Playground, Garden",North,Broker,Under_Construction
2195.0,Haryana,Gurgaon,Locality_351,Property_Type,5.0,3023.0,184.25,0.06,1990.0,Semi-furnished,2.0,10.0,35.0,1.0,8.0,Medium,Yes,Yes,"Gym, Clubhouse, Pool, Playground",East,Builder,Under_Construction
2196.0,Gujarat,Surat,Locality_82,Property_Type,3.0,1342.0,389.81,0.29,2018.0,Semi-furnished,27.0,10.0,7.0,1.0,2.0,High,Yes,No,Pool,East,Broker,Under_Construction
2197.0,Bihar,Patna,Locality_476,Property_Type,3.0,868.0,339.79,0.39,2014.0,Semi-furnished,0.0,27.0,11.0,4.0,8.0,Medium,No,No,"Gym, Clubhouse, Garden",South,Owner,Under_Construction
2198.0,Chhattisgarh,Bilaspur,Locality_477,Property_Type,5.0,2669.0,184.78,0.07,1999.0,Semi-furnished,14.0,17.0,26.0,7.0,1.0,Medium,Yes,No,"Clubhouse, Playground",West,Broker,Ready_to_Move
2199.0,Haryana,Faridabad,Locality_450,Property_Type,3.0,1090.0,36.23,0.03,2022.0,Furnished,3.0,26.0,3.0,8.0,2.0,Medium,No,Yes,"Clubhouse, Gym, Playground, Garden, Pool",South,Builder,Under_Construction
2200.0,Chhattisgarh,Bilaspur,Locality_189,Property_Type,2.0,2412.0,464.52,0.19,2002.0,Furnished,24.0,13.0,23.0,3.0,2.0,High,Yes,Yes,"Pool, Garden, Gym, Clubhouse",West,Builder,Under_Construction
2201.0,Madhya Pradesh,Indore,Locality_372,Property_Type,3.0,3690.0,72.59,0.02,2011.0,Furnished,25.0,15.0,14.0,9.0,3.0,Medium,No,No,"Playground, Clubhouse, Pool, Garden",East,Broker,Ready_to_Move
2202.0,Punjab,Amritsar,Locality_465,Property_Type,2.0,4021.0,252.36,0.06,2006.0,Semi-furnished,1.0,23.0,19.0,2.0,4.0,Medium,Yes,No,"Pool, Playground, Gym",West,Broker,Ready_to_Move
2203.0,Uttarakhand,Haridwar,Locality_308,Property_Type,5.0,3494.0,45.99,0.01,2008.0,Semi-furnished,21.0,18.0,17.0,3.0,5.0,Medium,Yes,Yes,"Garden, Playground",North,Owner,Ready_to_Move
2204.0,Odisha,Bhubaneswar,Locality_5,Property_Type,5.0,4979.0,490.07,0.1,1999.0,Furnished,20.0,9.0,26.0,5.0,5.0,Low,Yes,No,"Playground, Clubhouse, Garden",West,Broker,Under_Construction
2205.0,Uttar Pradesh,Noida,Locality_99,Property_Type,2.0,1238.0,349.52,0.28,1994.0,Unfurnished,2.0,24.0,31.0,9.0,4.0,High,No,No,"Gym, Garden, Playground, Pool",West,Broker,Ready_to_Move
2206.0,Rajasthan,Jodhpur,Locality_405,Property_Type,1.0,4764.0,231.4,0.05,2007.0,Furnished,21.0,21.0,18.0,2.0,8.0,Low,No,No,"Clubhouse, Garden",East,Builder,Under_Construction
2207.0,Punjab,Amritsar,Locality_13,Property_Type,5.0,1090.0,121.91,0.11,2000.0,Semi-furnished,5.0,29.0,25.0,10.0,9.0,Medium,Yes,No,Playground,South,Broker,Ready_to_Move
2208.0,Chhattisgarh,Bilaspur,Locality_216,Property_Type,2.0,2379.0,298.65,0.13,2009.0,Furnished,3.0,16.0,16.0,2.0,7.0,High,Yes,Yes,"Gym, Clubhouse, Playground, Pool",West,Broker,Ready_to_Move
2209.0,Kerala,Kochi,Locality_108,Property_Type,5.0,4845.0,76.33,0.02,1994.0,Furnished,4.0,23.0,31.0,10.0,9.0,Low,Yes,Yes,"Pool, Gym, Garden, Playground",West,Broker,Ready_to_Move
2210.0,Rajasthan,Jodhpur,Locality_311,Property_Type,4.0,2366.0,142.41,0.06,2022.0,Unfurnished,4.0,28.0,3.0,7.0,1.0,Low,No,No,"Garden, Pool, Gym, Playground",West,Owner,Ready_to_Move
2211.0,Kerala,Kochi,Locality_357,Property_Type,3.0,1939.0,161.32,0.08,1995.0,Unfurnished,29.0,8.0,30.0,6.0,2.0,Medium,No,Yes,Gym,South,Owner,Ready_to_Move
2212.0,Kerala,Trivandrum,Locality_48,Property_Type,2.0,1288.0,404.88,0.31,2021.0,Unfurnished,21.0,22.0,4.0,3.0,4.0,Medium,Yes,Yes,"Clubhouse, Garden",West,Owner,Ready_to_Move
2213.0,Uttar Pradesh,Lucknow,Locality_206,Property_Type,4.0,3238.0,452.12,0.14,2022.0,Furnished,23.0,14.0,3.0,6.0,4.0,Low,Yes,No,"Gym, Pool, Clubhouse, Playground, Garden",East,Builder,Ready_to_Move
2214.0,Odisha,Cuttack,Locality_203,Property_Type,5.0,2585.0,26.44,0.01,2012.0,Furnished,17.0,26.0,13.0,5.0,6.0,Low,No,Yes,"Gym, Playground",West,Broker,Ready_to_Move
2215.0,Haryana,Faridabad,Locality_168,Property_Type,1.0,3274.0,110.88,0.03,1997.0,Semi-furnished,25.0,25.0,28.0,5.0,5.0,Medium,No,Yes,"Playground, Pool, Gym",North,Owner,Under_Construction
2216.0,Odisha,Bhubaneswar,Locality_138,Property_Type,5.0,4550.0,132.59,0.03,2023.0,Unfurnished,26.0,10.0,2.0,2.0,7.0,Medium,Yes,No,"Gym, Pool, Playground, Garden, Clubhouse",North,Owner,Under_Construction
2217.0,Madhya Pradesh,Indore,Locality_486,Property_Type,4.0,2197.0,43.18,0.02,2013.0,Semi-furnished,18.0,10.0,12.0,9.0,4.0,Low,Yes,Yes,"Clubhouse, Gym, Pool, Playground, Garden",West,Builder,Under_Construction
2218.0,Chhattisgarh,Bilaspur,Locality_213,Property_Type,1.0,4908.0,241.89,0.05,2021.0,Furnished,14.0,7.0,4.0,10.0,6.0,Low,Yes,No,"Garden, Clubhouse, Pool",North,Owner,Under_Construction
2219.0,Punjab,Amritsar,Locality_345,Property_Type,4.0,1104.0,454.04,0.41,2001.0,Furnished,22.0,14.0,24.0,8.0,2.0,Low,No,No,"Pool, Clubhouse, Gym",West,Owner,Ready_to_Move
2220.0,Kerala,Kochi,Locality_173,Property_Type,5.0,3498.0,137.64,0.04,2020.0,Semi-furnished,5.0,6.0,5.0,7.0,2.0,High,Yes,Yes,Garden,East,Builder,Ready_to_Move
2221.0,Tamil Nadu,Coimbatore,Locality_206,Property_Type,3.0,1448.0,205.27,0.14,2002.0,Furnished,14.0,14.0,23.0,7.0,5.0,Low,Yes,Yes,"Garden, Clubhouse, Playground",West,Broker,Under_Construction
2222.0,Jharkhand,Jamshedpur,Locality_46,Property_Type,4.0,1075.0,341.04,0.32,2004.0,Unfurnished,22.0,8.0,21.0,1.0,3.0,Low,No,Yes,"Playground, Clubhouse",North,Owner,Under_Construction
2223.0,Chhattisgarh,Bilaspur,Locality_14,Property_Type,1.0,2336.0,176.93,0.08,2015.0,Semi-furnished,0.0,26.0,10.0,6.0,10.0,High,Yes,Yes,Garden,West,Builder,Under_Construction
2224.0,Andhra Pradesh,Vishakhapatnam,Locality_495,Property_Type,4.0,3426.0,324.45,0.09,2015.0,Semi-furnished,24.0,8.0,10.0,8.0,9.0,Low,No,Yes,"Garden, Clubhouse, Gym",South,Builder,Ready_to_Move
2225.0,Andhra Pradesh,Vishakhapatnam,Locality_53,Property_Type,5.0,4499.0,222.94,0.05,2016.0,Unfurnished,17.0,20.0,9.0,3.0,3.0,Medium,Yes,Yes,Pool,East,Broker,Under_Construction
2226.0,Madhya Pradesh,Indore,Locality_481,Property_Type,5.0,4648.0,300.45,0.06,2021.0,Unfurnished,24.0,7.0,4.0,1.0,2.0,Medium,No,No,"Gym, Playground",South,Owner,Ready_to_Move
2227.0,West Bengal,Kolkata,Locality_313,Property_Type,2.0,1685.0,339.19,0.2,2019.0,Furnished,7.0,24.0,6.0,1.0,6.0,High,Yes,Yes,"Gym, Pool, Garden, Playground",East,Builder,Ready_to_Move
2228.0,Kerala,Kochi,Locality_104,Property_Type,1.0,4284.0,51.3,0.01,2022.0,Unfurnished,0.0,14.0,3.0,10.0,1.0,High,No,No,"Clubhouse, Pool",West,Owner,Ready_to_Move
2229.0,Karnataka,Bangalore,Locality_38,Property_Type,2.0,4061.0,168.07,0.04,1997.0,Furnished,23.0,3.0,28.0,5.0,7.0,Medium,No,No,Garden,East,Builder,Under_Construction
2230.0,Kerala,Trivandrum,Locality_14,Property_Type,3.0,2114.0,312.36,0.15,2011.0,Unfurnished,12.0,18.0,14.0,1.0,2.0,Medium,Yes,No,"Playground, Clubhouse, Pool, Garden, Gym",North,Owner,Ready_to_Move
2231.0,Delhi,Dwarka,Locality_108,Property_Type,3.0,3802.0,118.17,0.03,2008.0,Furnished,20.0,17.0,17.0,6.0,7.0,Low,No,No,"Clubhouse, Pool",West,Owner,Ready_to_Move
2232.0,Madhya Pradesh,Bhopal,Locality_200,Property_Type,1.0,1600.0,232.21,0.15,2006.0,Furnished,16.0,26.0,19.0,10.0,2.0,Medium,Yes,No,Garden,South,Builder,Under_Construction
2233.0,Bihar,Patna,Locality_440,Property_Type,4.0,3425.0,321.77,0.09,2012.0,Furnished,5.0,30.0,13.0,4.0,7.0,High,Yes,Yes,"Pool, Garden, Clubhouse",East,Broker,Under_Construction
2234.0,Punjab,Amritsar,Locality_227,Property_Type,2.0,1034.0,467.17,0.45,1993.0,Furnished,19.0,15.0,32.0,8.0,2.0,Medium,Yes,Yes,"Garden, Pool, Gym",East,Broker,Under_Construction
2235.0,Odisha,Bhubaneswar,Locality_401,Property_Type,3.0,763.0,170.55,0.22,1996.0,Unfurnished,5.0,7.0,29.0,1.0,4.0,High,Yes,Yes,"Garden, Pool",South,Builder,Under_Construction
2236.0,Uttar Pradesh,Lucknow,Locality_128,Property_Type,1.0,2495.0,407.19,0.16,1998.0,Unfurnished,13.0,15.0,27.0,9.0,4.0,High,No,Yes,"Playground, Gym, Garden, Pool, Clubhouse",East,Broker,Ready_to_Move
2237.0,Uttar Pradesh,Lucknow,Locality_334,Property_Type,3.0,4864.0,150.03,0.03,2011.0,Furnished,18.0,28.0,14.0,5.0,1.0,High,No,Yes,"Clubhouse, Gym",North,Broker,Under_Construction
2238.0,Chhattisgarh,Bilaspur,Locality_95,Property_Type,1.0,4093.0,203.08,0.05,1991.0,Unfurnished,18.0,21.0,34.0,3.0,10.0,High,Yes,No,"Garden, Pool, Gym, Clubhouse",West,Owner,Under_Construction
2239.0,Punjab,Ludhiana,Locality_468,Property_Type,1.0,1958.0,308.17,0.16,2020.0,Semi-furnished,7.0,17.0,5.0,7.0,7.0,Medium,No,No,Pool,East,Owner,Under_Construction
2240.0,Chhattisgarh,Bilaspur,Locality_377,Property_Type,4.0,1509.0,292.46,0.19,2020.0,Semi-furnished,1.0,9.0,5.0,1.0,2.0,Low,Yes,No,"Pool, Garden, Clubhouse",West,Builder,Ready_to_Move
2241.0,Punjab,Amritsar,Locality_357,Property_Type,4.0,1759.0,264.95,0.15,2013.0,Furnished,8.0,1.0,12.0,10.0,3.0,High,No,No,"Pool, Garden, Clubhouse",West,Broker,Under_Construction
2242.0,West Bengal,Durgapur,Locality_175,Property_Type,4.0,866.0,432.94,0.5,2007.0,Unfurnished,11.0,19.0,18.0,8.0,3.0,High,No,No,"Pool, Playground, Gym, Clubhouse",East,Broker,Under_Construction
2243.0,Tamil Nadu,Coimbatore,Locality_290,Property_Type,2.0,600.0,331.03,0.55,2022.0,Semi-furnished,24.0,19.0,3.0,3.0,9.0,Medium,Yes,No,"Pool, Clubhouse",West,Builder,Ready_to_Move
2244.0,Uttarakhand,Dehradun,Locality_28,Property_Type,1.0,1777.0,276.31,0.16,1995.0,Unfurnished,26.0,13.0,30.0,1.0,9.0,Low,No,Yes,"Gym, Garden, Pool, Clubhouse, Playground",East,Owner,Under_Construction
2245.0,Jharkhand,Jamshedpur,Locality_137,Property_Type,2.0,4100.0,331.6,0.08,2016.0,Semi-furnished,11.0,28.0,9.0,6.0,1.0,High,Yes,No,"Garden, Playground, Gym, Clubhouse, Pool",North,Owner,Under_Construction
2246.0,Rajasthan,Jodhpur,Locality_456,Property_Type,3.0,3019.0,356.5,0.12,2010.0,Furnished,13.0,18.0,15.0,3.0,6.0,Low,No,No,Garden,South,Owner,Ready_to_Move
2247.0,Rajasthan,Jodhpur,Locality_12,Property_Type,4.0,2597.0,124.73,0.05,1997.0,Unfurnished,11.0,5.0,28.0,6.0,4.0,Medium,No,No,"Playground, Pool, Garden, Clubhouse, Gym",West,Owner,Ready_to_Move
2248.0,Karnataka,Mysore,Locality_270,Property_Type,3.0,2944.0,367.3,0.12,2005.0,Unfurnished,9.0,21.0,20.0,3.0,6.0,Low,No,Yes,"Gym, Pool, Clubhouse",North,Builder,Ready_to_Move
2249.0,Assam,Silchar,Locality_475,Property_Type,2.0,4544.0,14.3,0.0,1998.0,Unfurnished,20.0,7.0,27.0,6.0,10.0,Medium,No,Yes,"Clubhouse, Pool, Gym, Garden, Playground",North,Owner,Ready_to_Move
2250.0,Rajasthan,Jaipur,Locality_148,Property_Type,3.0,4367.0,45.88,0.01,2009.0,Semi-furnished,12.0,5.0,16.0,3.0,2.0,Low,Yes,No,"Clubhouse, Garden, Playground, Pool, Gym",West,Broker,Ready_to_Move
2251.0,Rajasthan,Jodhpur,Locality_491,Property_Type,5.0,3946.0,342.71,0.09,2001.0,Unfurnished,14.0,16.0,24.0,5.0,4.0,High,No,Yes,"Pool, Gym, Garden, Clubhouse",North,Broker,Ready_to_Move
2252.0,Karnataka,Mysore,Locality_305,Property_Type,4.0,2433.0,139.87,0.06,2011.0,Semi-furnished,4.0,9.0,14.0,6.0,8.0,Low,Yes,No,"Playground, Clubhouse, Pool, Garden, Gym",North,Broker,Ready_to_Move
2253.0,Tamil Nadu,Coimbatore,Locality_70,Property_Type,4.0,2325.0,110.4,0.05,2002.0,Unfurnished,4.0,5.0,23.0,5.0,4.0,High,No,Yes,Clubhouse,West,Builder,Under_Construction
2254.0,Telangana,Hyderabad,Locality_273,Property_Type,5.0,884.0,157.66,0.18,1991.0,Semi-furnished,2.0,28.0,34.0,9.0,9.0,Medium,Yes,No,"Playground, Gym, Clubhouse",East,Broker,Under_Construction
2255.0,Haryana,Gurgaon,Locality_404,Property_Type,2.0,1973.0,182.17,0.09,2021.0,Unfurnished,1.0,12.0,4.0,10.0,8.0,High,Yes,Yes,"Garden, Gym, Clubhouse",East,Builder,Ready_to_Move
2256.0,Odisha,Cuttack,Locality_101,Property_Type,1.0,4838.0,140.91,0.03,2019.0,Unfurnished,5.0,12.0,6.0,5.0,2.0,Low,Yes,Yes,"Pool, Gym, Garden",West,Builder,Under_Construction
2257.0,Tamil Nadu,Coimbatore,Locality_267,Property_Type,3.0,1609.0,422.13,0.26,1995.0,Unfurnished,16.0,1.0,30.0,10.0,10.0,High,No,Yes,"Garden, Clubhouse, Pool, Playground",South,Broker,Under_Construction
2258.0,West Bengal,Durgapur,Locality_150,Property_Type,2.0,4431.0,76.22,0.02,2023.0,Furnished,26.0,25.0,2.0,4.0,10.0,Low,Yes,Yes,"Garden, Gym",North,Owner,Ready_to_Move
2259.0,Maharashtra,Pune,Locality_64,Property_Type,1.0,4911.0,156.74,0.03,2018.0,Semi-furnished,22.0,4.0,7.0,5.0,10.0,Low,Yes,Yes,"Garden, Playground, Pool, Clubhouse, Gym",South,Broker,Under_Construction
2260.0,Chhattisgarh,Bilaspur,Locality_160,Property_Type,4.0,1659.0,24.94,0.02,1999.0,Semi-furnished,19.0,10.0,26.0,4.0,5.0,Medium,Yes,No,Gym,West,Builder,Under_Construction
2261.0,Gujarat,Surat,Locality_292,Property_Type,4.0,1537.0,482.56,0.31,2012.0,Unfurnished,5.0,5.0,13.0,2.0,7.0,Low,No,Yes,Garden,South,Broker,Under_Construction
2262.0,Telangana,Hyderabad,Locality_183,Property_Type,3.0,3348.0,388.08,0.12,2008.0,Unfurnished,12.0,4.0,17.0,4.0,10.0,Medium,No,Yes,Pool,South,Owner,Ready_to_Move
2263.0,Odisha,Cuttack,Locality_193,Property_Type,2.0,2957.0,201.81,0.07,1998.0,Unfurnished,9.0,28.0,27.0,1.0,9.0,Medium,Yes,Yes,"Playground, Pool, Clubhouse",North,Broker,Ready_to_Move
2264.0,Odisha,Bhubaneswar,Locality_371,Property_Type,1.0,1945.0,251.85,0.13,1997.0,Furnished,18.0,28.0,28.0,10.0,6.0,Medium,Yes,No,"Pool, Clubhouse",South,Owner,Under_Construction
2265.0,Uttar Pradesh,Noida,Locality_453,Property_Type,3.0,2751.0,19.41,0.01,1994.0,Furnished,18.0,16.0,31.0,1.0,9.0,Low,No,Yes,"Garden, Clubhouse, Gym",East,Broker,Ready_to_Move
2266.0,Kerala,Kochi,Locality_240,Property_Type,4.0,2700.0,75.88,0.03,1994.0,Furnished,18.0,6.0,31.0,6.0,10.0,High,No,Yes,Clubhouse,East,Builder,Ready_to_Move
2267.0,Haryana,Faridabad,Locality_445,Property_Type,4.0,4774.0,40.92,0.01,2002.0,Semi-furnished,21.0,21.0,23.0,4.0,3.0,High,Yes,Yes,"Gym, Pool, Playground, Clubhouse, Garden",North,Owner,Under_Construction
2268.0,Kerala,Trivandrum,Locality_243,Property_Type,5.0,1591.0,80.33,0.05,2007.0,Unfurnished,21.0,21.0,18.0,5.0,5.0,Medium,Yes,No,"Garden, Clubhouse, Gym",North,Owner,Under_Construction
2269.0,Karnataka,Bangalore,Locality_449,Property_Type,5.0,1827.0,138.44,0.08,2018.0,Unfurnished,10.0,2.0,7.0,2.0,10.0,High,No,No,"Clubhouse, Pool, Playground, Gym, Garden",North,Builder,Ready_to_Move
2270.0,Delhi,Dwarka,Locality_149,Property_Type,2.0,2338.0,373.39,0.16,1996.0,Unfurnished,17.0,13.0,29.0,5.0,2.0,High,No,Yes,"Garden, Pool, Playground",South,Broker,Ready_to_Move
2271.0,Jharkhand,Ranchi,Locality_78,Property_Type,3.0,2467.0,170.94,0.07,2000.0,Furnished,30.0,3.0,25.0,8.0,9.0,Medium,Yes,No,"Playground, Gym, Clubhouse, Garden, Pool",West,Owner,Under_Construction
2272.0,Rajasthan,Jodhpur,Locality_238,Property_Type,3.0,4367.0,69.02,0.02,1997.0,Semi-furnished,11.0,10.0,28.0,4.0,10.0,Medium,Yes,No,Gym,West,Owner,Under_Construction
2273.0,Chhattisgarh,Bilaspur,Locality_57,Property_Type,1.0,3019.0,320.94,0.11,2014.0,Unfurnished,10.0,17.0,11.0,6.0,7.0,High,No,Yes,"Pool, Garden, Playground, Gym, Clubhouse",South,Builder,Ready_to_Move
2274.0,Karnataka,Bangalore,Locality_442,Property_Type,1.0,2824.0,344.77,0.12,2006.0,Furnished,8.0,4.0,19.0,2.0,3.0,High,No,No,"Garden, Clubhouse",South,Broker,Under_Construction
2275.0,Gujarat,Ahmedabad,Locality_487,Property_Type,5.0,1373.0,291.91,0.21,2021.0,Semi-furnished,15.0,10.0,4.0,1.0,7.0,Low,Yes,No,"Gym, Clubhouse, Pool, Playground",East,Broker,Ready_to_Move
2276.0,Telangana,Warangal,Locality_201,Property_Type,1.0,2792.0,144.45,0.05,2012.0,Semi-furnished,15.0,8.0,13.0,10.0,9.0,High,No,Yes,"Playground, Garden, Pool, Gym, Clubhouse",North,Broker,Under_Construction
2277.0,Gujarat,Ahmedabad,Locality_50,Property_Type,4.0,2381.0,69.83,0.03,2005.0,Furnished,14.0,10.0,20.0,8.0,5.0,Medium,No,Yes,"Gym, Clubhouse, Pool, Playground, Garden",East,Builder,Under_Construction
2278.0,Karnataka,Bangalore,Locality_445,Property_Type,1.0,3734.0,159.37,0.04,1998.0,Furnished,1.0,28.0,27.0,3.0,9.0,Low,Yes,No,"Playground, Clubhouse",West,Owner,Ready_to_Move
2279.0,Andhra Pradesh,Vijayawada,Locality_313,Property_Type,5.0,2376.0,39.99,0.02,2011.0,Unfurnished,6.0,10.0,14.0,10.0,3.0,High,Yes,No,"Garden, Gym",West,Builder,Under_Construction
2280.0,Odisha,Bhubaneswar,Locality_263,Property_Type,3.0,3949.0,136.03,0.03,2014.0,Semi-furnished,23.0,19.0,11.0,5.0,2.0,Low,Yes,Yes,"Clubhouse, Pool, Playground",West,Owner,Under_Construction
2281.0,Gujarat,Ahmedabad,Locality_252,Property_Type,4.0,2590.0,313.63,0.12,2003.0,Unfurnished,9.0,4.0,22.0,3.0,1.0,Low,Yes,Yes,"Gym, Playground",East,Owner,Under_Construction
2282.0,Kerala,Trivandrum,Locality_287,Property_Type,2.0,2343.0,237.52,0.1,2006.0,Furnished,12.0,27.0,19.0,8.0,9.0,Medium,No,Yes,Gym,East,Owner,Ready_to_Move
2283.0,Karnataka,Mysore,Locality_345,Property_Type,1.0,3795.0,437.46,0.12,1995.0,Semi-furnished,27.0,25.0,30.0,2.0,3.0,Medium,No,No,"Clubhouse, Gym, Garden",East,Owner,Under_Construction
2284.0,Maharashtra,Mumbai,Locality_315,Property_Type,5.0,1095.0,166.26,0.15,2009.0,Furnished,4.0,1.0,16.0,8.0,8.0,High,No,No,"Gym, Playground",East,Owner,Ready_to_Move
2285.0,Kerala,Trivandrum,Locality_384,Property_Type,4.0,4938.0,134.01,0.03,2023.0,Semi-furnished,23.0,14.0,2.0,3.0,8.0,Medium,No,Yes,Playground,West,Owner,Under_Construction
2286.0,Jharkhand,Jamshedpur,Locality_445,Property_Type,2.0,2006.0,206.92,0.1,1999.0,Unfurnished,18.0,14.0,26.0,9.0,10.0,Medium,No,Yes,"Gym, Playground, Pool, Garden",East,Broker,Under_Construction
2287.0,Uttarakhand,Haridwar,Locality_322,Property_Type,3.0,962.0,204.09,0.21,2006.0,Semi-furnished,15.0,21.0,19.0,9.0,9.0,High,Yes,Yes,Garden,North,Builder,Under_Construction
2288.0,Tamil Nadu,Chennai,Locality_324,Property_Type,1.0,2141.0,95.52,0.04,2005.0,Unfurnished,3.0,24.0,20.0,9.0,1.0,High,Yes,Yes,Playground,North,Broker,Ready_to_Move
2289.0,Haryana,Gurgaon,Locality_325,Property_Type,1.0,4661.0,358.16,0.08,1995.0,Unfurnished,28.0,9.0,30.0,8.0,6.0,High,Yes,Yes,Gym,South,Builder,Under_Construction
2290.0,Kerala,Trivandrum,Locality_33,Property_Type,5.0,4590.0,151.26,0.03,2012.0,Furnished,28.0,8.0,13.0,5.0,10.0,High,No,Yes,"Playground, Pool, Gym, Garden, Clubhouse",West,Owner,Under_Construction
2291.0,Bihar,Gaya,Locality_195,Property_Type,3.0,710.0,434.44,0.61,2015.0,Furnished,7.0,5.0,10.0,6.0,8.0,Low,Yes,Yes,"Clubhouse, Gym, Playground",East,Owner,Ready_to_Move
2292.0,Chhattisgarh,Raipur,Locality_141,Property_Type,2.0,2638.0,357.28,0.14,2014.0,Unfurnished,11.0,15.0,11.0,7.0,4.0,Low,No,No,"Pool, Playground, Gym, Clubhouse",North,Broker,Under_Construction
2293.0,Assam,Guwahati,Locality_261,Property_Type,4.0,2332.0,378.75,0.16,2011.0,Semi-furnished,21.0,10.0,14.0,2.0,10.0,Low,Yes,Yes,Playground,North,Builder,Under_Construction
2294.0,Odisha,Cuttack,Locality_213,Property_Type,3.0,1833.0,14.84,0.01,2007.0,Furnished,26.0,28.0,18.0,3.0,3.0,Medium,Yes,No,"Garden, Pool, Clubhouse",East,Builder,Under_Construction
2295.0,West Bengal,Durgapur,Locality_47,Property_Type,4.0,4703.0,64.09,0.01,2011.0,Unfurnished,21.0,5.0,14.0,8.0,10.0,Medium,No,Yes,Gym,North,Owner,Ready_to_Move
2296.0,Assam,Guwahati,Locality_347,Property_Type,3.0,2715.0,46.95,0.02,1991.0,Semi-furnished,13.0,1.0,34.0,8.0,8.0,Low,No,No,Clubhouse,West,Owner,Ready_to_Move
2297.0,Bihar,Gaya,Locality_91,Property_Type,5.0,811.0,493.36,0.61,1997.0,Unfurnished,15.0,2.0,28.0,4.0,8.0,Medium,Yes,No,"Clubhouse, Garden, Gym, Playground, Pool",North,Owner,Ready_to_Move
2298.0,Punjab,Ludhiana,Locality_187,Property_Type,3.0,3096.0,379.95,0.12,2022.0,Unfurnished,26.0,3.0,3.0,1.0,9.0,Medium,Yes,Yes,"Clubhouse, Pool, Garden",West,Builder,Ready_to_Move
2299.0,Uttar Pradesh,Lucknow,Locality_53,Property_Type,3.0,3931.0,426.55,0.11,2018.0,Furnished,6.0,26.0,7.0,9.0,5.0,Medium,No,Yes,"Garden, Gym",North,Builder,Ready_to_Move
2300.0,Tamil Nadu,Coimbatore,Locality_303,Property_Type,3.0,2605.0,54.94,0.02,2009.0,Unfurnished,1.0,26.0,16.0,3.0,8.0,Medium,No,No,"Garden, Pool, Playground, Gym",South,Owner,Under_Construction
2301.0,Haryana,Gurgaon,Locality_356,Property_Type,5.0,3007.0,95.31,0.03,1991.0,Furnished,14.0,17.0,34.0,3.0,4.0,Medium,Yes,No,"Playground, Pool, Gym",North,Owner,Ready_to_Move
2302.0,Gujarat,Surat,Locality_401,Property_Type,2.0,2049.0,287.65,0.14,1995.0,Unfurnished,5.0,23.0,30.0,6.0,6.0,High,Yes,No,Clubhouse,East,Owner,Under_Construction
2303.0,Bihar,Gaya,Locality_406,Property_Type,1.0,3156.0,284.32,0.09,2000.0,Semi-furnished,22.0,30.0,25.0,2.0,1.0,Medium,Yes,No,"Garden, Pool, Gym, Playground, Clubhouse",West,Builder,Ready_to_Move
2304.0,Punjab,Ludhiana,Locality_210,Property_Type,1.0,1236.0,240.15,0.19,2007.0,Unfurnished,25.0,20.0,18.0,9.0,3.0,High,No,No,"Garden, Clubhouse, Pool, Playground, Gym",East,Broker,Under_Construction
2305.0,Gujarat,Ahmedabad,Locality_254,Property_Type,4.0,3238.0,191.08,0.06,2008.0,Furnished,20.0,18.0,17.0,3.0,2.0,Low,No,No,"Pool, Playground, Clubhouse",North,Builder,Under_Construction
2306.0,Maharashtra,Nagpur,Locality_217,Property_Type,4.0,1926.0,228.04,0.12,2002.0,Unfurnished,21.0,6.0,23.0,3.0,1.0,High,Yes,No,"Pool, Clubhouse, Playground, Gym, Garden",East,Builder,Under_Construction
2307.0,Haryana,Gurgaon,Locality_473,Property_Type,5.0,797.0,138.67,0.17,1992.0,Semi-furnished,3.0,2.0,33.0,2.0,10.0,High,Yes,No,"Garden, Gym, Pool, Clubhouse, Playground",East,Owner,Ready_to_Move
2308.0,Kerala,Kochi,Locality_236,Property_Type,4.0,1015.0,19.92,0.02,1996.0,Semi-furnished,11.0,3.0,29.0,8.0,7.0,Medium,Yes,No,"Garden, Gym, Pool, Playground",South,Owner,Ready_to_Move
2309.0,Jharkhand,Ranchi,Locality_495,Property_Type,3.0,4188.0,394.63,0.09,2010.0,Unfurnished,28.0,21.0,15.0,1.0,6.0,Low,Yes,No,"Gym, Garden, Clubhouse, Playground",West,Broker,Ready_to_Move
2310.0,Uttar Pradesh,Lucknow,Locality_78,Property_Type,1.0,1491.0,105.92,0.07,2017.0,Furnished,29.0,19.0,8.0,6.0,10.0,High,No,No,"Garden, Clubhouse, Gym, Pool",North,Broker,Under_Construction
2311.0,Gujarat,Ahmedabad,Locality_210,Property_Type,5.0,3324.0,242.78,0.07,2001.0,Semi-furnished,11.0,10.0,24.0,4.0,10.0,High,No,Yes,"Playground, Pool, Garden, Gym",South,Broker,Ready_to_Move
2312.0,Uttarakhand,Dehradun,Locality_191,Property_Type,5.0,571.0,398.15,0.7,2003.0,Semi-furnished,17.0,16.0,22.0,1.0,8.0,Medium,Yes,Yes,"Gym, Garden, Playground, Clubhouse",North,Owner,Under_Construction
2313.0,Andhra Pradesh,Vijayawada,Locality_491,Property_Type,3.0,4297.0,77.66,0.02,1993.0,Furnished,23.0,21.0,32.0,3.0,3.0,Low,No,No,"Pool, Playground, Gym",North,Broker,Under_Construction
2314.0,Telangana,Warangal,Locality_95,Property_Type,2.0,2747.0,482.82,0.18,2012.0,Unfurnished,10.0,20.0,13.0,9.0,5.0,High,Yes,Yes,Clubhouse,East,Owner,Ready_to_Move
2315.0,Assam,Silchar,Locality_357,Property_Type,4.0,3306.0,335.93,0.1,2013.0,Furnished,2.0,22.0,12.0,10.0,5.0,Low,No,Yes,"Clubhouse, Garden",North,Builder,Ready_to_Move
2316.0,Haryana,Gurgaon,Locality_193,Property_Type,5.0,1754.0,402.13,0.23,2010.0,Unfurnished,12.0,3.0,15.0,1.0,10.0,Medium,No,No,"Playground, Garden, Pool, Clubhouse",North,Owner,Under_Construction
2317.0,Delhi,Dwarka,Locality_281,Property_Type,5.0,1937.0,160.41,0.08,1996.0,Unfurnished,19.0,1.0,29.0,8.0,1.0,High,No,No,"Garden, Clubhouse, Gym",West,Builder,Under_Construction
2318.0,Andhra Pradesh,Vishakhapatnam,Locality_204,Property_Type,1.0,2198.0,232.99,0.11,1999.0,Semi-furnished,10.0,5.0,26.0,2.0,7.0,High,No,Yes,Pool,South,Builder,Ready_to_Move
2319.0,Tamil Nadu,Coimbatore,Locality_326,Property_Type,2.0,3761.0,96.09,0.03,2008.0,Furnished,20.0,7.0,17.0,1.0,4.0,Medium,Yes,Yes,"Clubhouse, Pool, Garden, Gym, Playground",South,Builder,Under_Construction
2320.0,Gujarat,Ahmedabad,Locality_42,Property_Type,3.0,4922.0,442.5,0.09,2017.0,Furnished,23.0,8.0,8.0,4.0,8.0,High,Yes,Yes,"Gym, Garden",North,Broker,Under_Construction
2321.0,West Bengal,Durgapur,Locality_267,Property_Type,5.0,1609.0,176.43,0.11,1990.0,Unfurnished,4.0,19.0,35.0,1.0,3.0,Medium,Yes,No,"Garden, Clubhouse",North,Broker,Ready_to_Move
2322.0,Odisha,Cuttack,Locality_142,Property_Type,4.0,1030.0,226.54,0.22,1998.0,Furnished,6.0,25.0,27.0,8.0,5.0,Low,Yes,No,"Playground, Gym, Clubhouse",South,Owner,Under_Construction
2323.0,Haryana,Gurgaon,Locality_412,Property_Type,1.0,4064.0,214.51,0.05,2007.0,Furnished,1.0,28.0,18.0,3.0,2.0,Low,Yes,No,Gym,South,Broker,Under_Construction
2324.0,Rajasthan,Jodhpur,Locality_195,Property_Type,2.0,4970.0,325.12,0.07,2014.0,Semi-furnished,6.0,20.0,11.0,6.0,8.0,Low,Yes,No,Clubhouse,West,Builder,Under_Construction
2325.0,Maharashtra,Mumbai,Locality_462,Property_Type,5.0,4348.0,419.84,0.1,2010.0,Unfurnished,13.0,25.0,15.0,1.0,10.0,Medium,Yes,Yes,Garden,East,Broker,Ready_to_Move
2326.0,Punjab,Ludhiana,Locality_415,Property_Type,1.0,4314.0,155.26,0.04,2023.0,Furnished,12.0,17.0,2.0,6.0,7.0,Medium,Yes,No,"Garden, Playground, Pool, Gym, Clubhouse",North,Owner,Ready_to_Move
2327.0,Andhra Pradesh,Vijayawada,Locality_478,Property_Type,3.0,3815.0,100.63,0.03,1997.0,Unfurnished,29.0,21.0,28.0,1.0,7.0,Low,Yes,Yes,"Gym, Garden, Pool",South,Builder,Under_Construction
2328.0,Rajasthan,Jaipur,Locality_286,Property_Type,2.0,3086.0,141.93,0.05,2005.0,Unfurnished,6.0,2.0,20.0,2.0,6.0,Low,Yes,Yes,"Gym, Garden, Pool, Playground",East,Broker,Ready_to_Move
2329.0,Bihar,Gaya,Locality_19,Property_Type,4.0,2425.0,370.01,0.15,2017.0,Unfurnished,28.0,14.0,8.0,9.0,1.0,High,No,No,"Garden, Playground, Gym",West,Builder,Ready_to_Move
2330.0,Punjab,Ludhiana,Locality_341,Property_Type,3.0,1491.0,371.57,0.25,2002.0,Furnished,17.0,20.0,23.0,8.0,10.0,Low,Yes,Yes,"Gym, Pool, Garden, Clubhouse, Playground",East,Builder,Under_Construction
2331.0,Haryana,Gurgaon,Locality_65,Property_Type,2.0,2841.0,285.53,0.1,2011.0,Semi-furnished,1.0,5.0,14.0,8.0,2.0,Medium,No,Yes,"Clubhouse, Garden",East,Builder,Ready_to_Move
2332.0,Kerala,Trivandrum,Locality_397,Property_Type,1.0,3764.0,164.39,0.04,2019.0,Semi-furnished,11.0,14.0,6.0,4.0,4.0,High,No,No,"Clubhouse, Garden",East,Broker,Ready_to_Move
2333.0,Jharkhand,Ranchi,Locality_250,Property_Type,3.0,2698.0,157.14,0.06,1990.0,Furnished,23.0,4.0,35.0,8.0,1.0,Medium,No,No,"Gym, Pool, Clubhouse",North,Owner,Ready_to_Move
2334.0,Jharkhand,Ranchi,Locality_130,Property_Type,2.0,4229.0,384.4,0.09,2011.0,Furnished,27.0,10.0,14.0,10.0,4.0,High,No,No,Playground,West,Builder,Ready_to_Move
2335.0,Maharashtra,Nagpur,Locality_496,Property_Type,1.0,4651.0,256.61,0.06,1998.0,Unfurnished,8.0,21.0,27.0,7.0,2.0,Low,No,No,"Garden, Pool, Playground",West,Owner,Under_Construction
2336.0,Punjab,Ludhiana,Locality_247,Property_Type,2.0,2551.0,196.0,0.08,2005.0,Furnished,21.0,29.0,20.0,8.0,3.0,Medium,Yes,Yes,"Playground, Gym, Clubhouse, Garden",East,Builder,Ready_to_Move
2337.0,Madhya Pradesh,Bhopal,Locality_389,Property_Type,4.0,2889.0,57.51,0.02,1994.0,Semi-furnished,15.0,25.0,31.0,8.0,10.0,High,No,Yes,"Playground, Pool, Garden",West,Builder,Under_Construction
2338.0,Rajasthan,Jaipur,Locality_13,Property_Type,2.0,2320.0,65.31,0.03,1997.0,Semi-furnished,26.0,6.0,28.0,10.0,10.0,Low,No,No,Pool,East,Broker,Ready_to_Move
2339.0,Karnataka,Bangalore,Locality_124,Property_Type,5.0,3744.0,275.74,0.07,1994.0,Furnished,7.0,25.0,31.0,8.0,1.0,Medium,No,No,"Pool, Clubhouse, Gym, Playground, Garden",South,Broker,Ready_to_Move
2340.0,Tamil Nadu,Chennai,Locality_15,Property_Type,2.0,1598.0,359.17,0.22,1992.0,Furnished,6.0,18.0,33.0,3.0,2.0,Low,Yes,No,"Garden, Pool, Gym, Playground",East,Builder,Under_Construction
2341.0,Bihar,Patna,Locality_344,Property_Type,2.0,4280.0,425.16,0.1,2008.0,Semi-furnished,9.0,17.0,17.0,10.0,9.0,High,Yes,Yes,Clubhouse,South,Builder,Under_Construction
2342.0,Kerala,Kochi,Locality_220,Property_Type,5.0,1562.0,419.71,0.27,2009.0,Semi-furnished,8.0,14.0,16.0,3.0,2.0,Medium,Yes,Yes,"Garden, Clubhouse, Playground, Gym",West,Owner,Ready_to_Move
2343.0,Gujarat,Surat,Locality_188,Property_Type,2.0,4283.0,38.01,0.01,2003.0,Semi-furnished,19.0,23.0,22.0,10.0,6.0,Medium,No,No,Playground,East,Broker,Under_Construction
2344.0,Andhra Pradesh,Vijayawada,Locality_109,Property_Type,4.0,4992.0,398.68,0.08,2004.0,Unfurnished,5.0,26.0,21.0,10.0,3.0,High,No,Yes,"Clubhouse, Pool",South,Builder,Under_Construction
2345.0,Assam,Silchar,Locality_334,Property_Type,4.0,2667.0,428.7,0.16,2002.0,Furnished,9.0,14.0,23.0,9.0,4.0,High,No,No,"Gym, Playground, Pool, Clubhouse",North,Builder,Ready_to_Move
2346.0,Kerala,Kochi,Locality_237,Property_Type,5.0,524.0,354.1,0.68,2006.0,Semi-furnished,1.0,27.0,19.0,6.0,3.0,Medium,Yes,No,"Playground, Pool",North,Broker,Under_Construction
2347.0,Tamil Nadu,Coimbatore,Locality_218,Property_Type,1.0,1690.0,310.86,0.18,2018.0,Unfurnished,27.0,29.0,7.0,6.0,7.0,Medium,No,Yes,"Garden, Clubhouse, Pool, Playground, Gym",East,Broker,Under_Construction
2348.0,Kerala,Kochi,Locality_406,Property_Type,5.0,2394.0,253.47,0.11,1990.0,Semi-furnished,4.0,3.0,35.0,6.0,2.0,Low,No,Yes,"Clubhouse, Garden, Pool",South,Builder,Ready_to_Move
2349.0,Madhya Pradesh,Indore,Locality_244,Property_Type,4.0,3337.0,145.51,0.04,2001.0,Semi-furnished,14.0,4.0,24.0,9.0,5.0,Low,Yes,Yes,"Gym, Garden, Clubhouse, Playground, Pool",West,Owner,Ready_to_Move
2350.0,Uttarakhand,Dehradun,Locality_96,Property_Type,1.0,4576.0,422.14,0.09,2006.0,Furnished,3.0,15.0,19.0,3.0,4.0,Low,No,No,"Playground, Clubhouse, Garden",South,Owner,Ready_to_Move
2351.0,Rajasthan,Jaipur,Locality_318,Property_Type,5.0,1947.0,357.97,0.18,2002.0,Furnished,19.0,8.0,23.0,5.0,3.0,Medium,No,No,"Gym, Pool, Clubhouse, Garden, Playground",West,Broker,Ready_to_Move
2352.0,Rajasthan,Jaipur,Locality_412,Property_Type,2.0,4661.0,471.13,0.1,1994.0,Semi-furnished,13.0,25.0,31.0,7.0,5.0,Medium,Yes,Yes,"Garden, Playground, Gym, Pool, Clubhouse",West,Owner,Under_Construction
2353.0,West Bengal,Kolkata,Locality_177,Property_Type,5.0,3726.0,161.44,0.04,1995.0,Furnished,28.0,27.0,30.0,4.0,4.0,Low,Yes,No,"Pool, Playground",North,Builder,Ready_to_Move
2354.0,Odisha,Bhubaneswar,Locality_129,Property_Type,3.0,1789.0,449.58,0.25,2018.0,Semi-furnished,23.0,28.0,7.0,9.0,4.0,Medium,No,No,"Pool, Garden, Playground, Gym",East,Builder,Ready_to_Move
2355.0,West Bengal,Kolkata,Locality_269,Property_Type,4.0,2953.0,85.33,0.03,1995.0,Furnished,9.0,25.0,30.0,7.0,8.0,Low,No,No,"Playground, Pool, Clubhouse, Gym, Garden",West,Broker,Ready_to_Move
2356.0,Bihar,Gaya,Locality_59,Property_Type,3.0,3564.0,442.91,0.12,2009.0,Unfurnished,8.0,19.0,16.0,9.0,10.0,Low,Yes,No,"Pool, Gym",West,Builder,Ready_to_Move
2357.0,Uttarakhand,Dehradun,Locality_460,Property_Type,1.0,3285.0,99.98,0.03,2000.0,Unfurnished,26.0,13.0,25.0,2.0,7.0,Medium,No,Yes,"Playground, Gym",East,Broker,Under_Construction
2358.0,Madhya Pradesh,Indore,Locality_320,Property_Type,4.0,1775.0,47.97,0.03,2012.0,Unfurnished,22.0,6.0,13.0,6.0,2.0,High,Yes,No,"Clubhouse, Playground, Gym",East,Broker,Under_Construction
2359.0,Telangana,Warangal,Locality_160,Property_Type,5.0,1045.0,34.82,0.03,1999.0,Semi-furnished,25.0,7.0,26.0,3.0,4.0,Medium,Yes,No,Playground,North,Builder,Ready_to_Move
2360.0,Chhattisgarh,Raipur,Locality_246,Property_Type,1.0,785.0,427.19,0.54,2011.0,Furnished,14.0,29.0,14.0,2.0,2.0,High,No,No,Gym,North,Broker,Under_Construction
2361.0,Odisha,Bhubaneswar,Locality_455,Property_Type,1.0,4039.0,367.81,0.09,2014.0,Semi-furnished,23.0,28.0,11.0,5.0,4.0,High,Yes,Yes,"Playground, Gym, Garden, Clubhouse, Pool",South,Broker,Ready_to_Move
2362.0,Chhattisgarh,Bilaspur,Locality_122,Property_Type,2.0,671.0,329.3,0.49,1991.0,Furnished,14.0,24.0,34.0,7.0,4.0,High,No,No,"Clubhouse, Garden, Gym, Pool, Playground",West,Broker,Under_Construction
2363.0,Uttar Pradesh,Lucknow,Locality_402,Property_Type,4.0,1501.0,11.2,0.01,2005.0,Furnished,0.0,3.0,20.0,5.0,5.0,Medium,Yes,No,"Playground, Gym, Pool, Garden",North,Builder,Ready_to_Move
2364.0,Rajasthan,Jodhpur,Locality_485,Property_Type,5.0,3497.0,424.32,0.12,2014.0,Furnished,6.0,11.0,11.0,1.0,8.0,Low,Yes,No,"Pool, Playground, Clubhouse, Gym, Garden",West,Owner,Ready_to_Move
2365.0,Uttarakhand,Dehradun,Locality_420,Property_Type,1.0,1715.0,313.2,0.18,2018.0,Furnished,11.0,17.0,7.0,9.0,2.0,Low,No,No,"Pool, Garden",East,Builder,Under_Construction
2366.0,Delhi,New Delhi,Locality_87,Property_Type,5.0,3121.0,454.54,0.15,1992.0,Semi-furnished,14.0,20.0,33.0,8.0,1.0,High,Yes,Yes,"Clubhouse, Pool",North,Broker,Ready_to_Move
2367.0,Assam,Guwahati,Locality_375,Property_Type,5.0,1611.0,367.2,0.23,1994.0,Unfurnished,30.0,27.0,31.0,3.0,2.0,High,No,No,"Gym, Garden, Pool",South,Broker,Under_Construction
2368.0,Bihar,Gaya,Locality_460,Property_Type,5.0,2545.0,458.33,0.18,1999.0,Furnished,3.0,12.0,26.0,7.0,8.0,Low,No,Yes,Pool,West,Builder,Under_Construction
2369.0,Assam,Silchar,Locality_465,Property_Type,3.0,1849.0,360.45,0.19,2022.0,Unfurnished,4.0,20.0,3.0,10.0,3.0,High,No,Yes,"Pool, Playground, Gym, Garden",West,Broker,Ready_to_Move
2370.0,Madhya Pradesh,Indore,Locality_63,Property_Type,1.0,1598.0,441.5,0.28,2012.0,Semi-furnished,28.0,28.0,13.0,5.0,4.0,Low,Yes,No,"Garden, Pool, Playground, Gym, Clubhouse",East,Builder,Under_Construction
2371.0,Delhi,New Delhi,Locality_239,Property_Type,2.0,1106.0,465.76,0.42,1992.0,Furnished,9.0,22.0,33.0,3.0,5.0,Medium,No,No,"Clubhouse, Pool, Gym, Garden",West,Builder,Under_Construction
2372.0,Jharkhand,Jamshedpur,Locality_341,Property_Type,1.0,2135.0,80.49,0.04,2013.0,Furnished,7.0,2.0,12.0,5.0,9.0,Low,Yes,Yes,"Garden, Pool",West,Builder,Under_Construction
2373.0,Tamil Nadu,Coimbatore,Locality_132,Property_Type,3.0,2994.0,480.98,0.16,1996.0,Unfurnished,15.0,8.0,29.0,2.0,6.0,High,Yes,Yes,"Playground, Clubhouse, Gym",North,Broker,Under_Construction
2374.0,Karnataka,Mysore,Locality_463,Property_Type,5.0,3380.0,448.43,0.13,2003.0,Semi-furnished,26.0,28.0,22.0,6.0,2.0,Medium,No,Yes,"Clubhouse, Pool",South,Owner,Under_Construction
2375.0,Chhattisgarh,Bilaspur,Locality_173,Property_Type,1.0,4789.0,25.66,0.01,1994.0,Semi-furnished,1.0,18.0,31.0,2.0,6.0,Low,Yes,Yes,"Gym, Pool, Playground, Garden",East,Builder,Ready_to_Move
2376.0,Assam,Guwahati,Locality_76,Property_Type,3.0,4934.0,212.38,0.04,1992.0,Unfurnished,8.0,7.0,33.0,1.0,3.0,Medium,No,Yes,"Gym, Clubhouse, Playground, Pool",West,Owner,Ready_to_Move
2377.0,Uttar Pradesh,Noida,Locality_220,Property_Type,4.0,4790.0,488.8,0.1,2011.0,Semi-furnished,17.0,19.0,14.0,9.0,8.0,Low,Yes,Yes,"Playground, Gym, Pool, Garden",East,Broker,Ready_to_Move
2378.0,Jharkhand,Jamshedpur,Locality_73,Property_Type,3.0,4743.0,98.9,0.02,2011.0,Unfurnished,30.0,15.0,14.0,4.0,4.0,Medium,No,Yes,"Clubhouse, Pool, Gym, Playground",North,Broker,Under_Construction
2379.0,Chhattisgarh,Raipur,Locality_100,Property_Type,4.0,2076.0,323.67,0.16,2013.0,Semi-furnished,8.0,28.0,12.0,2.0,4.0,High,Yes,No,"Gym, Pool, Garden, Playground, Clubhouse",East,Builder,Ready_to_Move
2380.0,West Bengal,Kolkata,Locality_468,Property_Type,4.0,4871.0,348.56,0.07,2014.0,Furnished,17.0,2.0,11.0,5.0,8.0,High,No,Yes,"Gym, Clubhouse",North,Broker,Under_Construction
2381.0,Gujarat,Ahmedabad,Locality_243,Property_Type,3.0,1270.0,48.82,0.04,2017.0,Furnished,1.0,9.0,8.0,5.0,7.0,Low,Yes,Yes,"Playground, Clubhouse, Pool, Gym",North,Builder,Ready_to_Move
2382.0,Haryana,Faridabad,Locality_48,Property_Type,5.0,1302.0,464.49,0.36,2008.0,Unfurnished,0.0,5.0,17.0,6.0,6.0,Low,No,Yes,"Clubhouse, Playground",East,Broker,Under_Construction
2383.0,Assam,Guwahati,Locality_194,Property_Type,5.0,1118.0,307.2,0.27,2017.0,Semi-furnished,21.0,14.0,8.0,5.0,4.0,High,No,Yes,"Garden, Pool",East,Broker,Ready_to_Move
2384.0,Bihar,Gaya,Locality_26,Property_Type,5.0,3771.0,296.49,0.08,2019.0,Semi-furnished,15.0,5.0,6.0,8.0,9.0,Medium,No,Yes,"Garden, Gym",East,Builder,Under_Construction
2385.0,Tamil Nadu,Chennai,Locality_171,Property_Type,1.0,3069.0,379.46,0.12,2012.0,Furnished,16.0,1.0,13.0,7.0,4.0,Low,Yes,No,Clubhouse,North,Broker,Ready_to_Move
2386.0,Uttar Pradesh,Noida,Locality_101,Property_Type,2.0,2259.0,461.6,0.2,2009.0,Unfurnished,15.0,30.0,16.0,8.0,4.0,Low,No,Yes,"Garden, Clubhouse",East,Owner,Ready_to_Move
2387.0,Jharkhand,Ranchi,Locality_138,Property_Type,5.0,2431.0,458.14,0.19,2013.0,Semi-furnished,25.0,9.0,12.0,1.0,3.0,Medium,Yes,No,"Garden, Gym",East,Owner,Ready_to_Move
2388.0,Odisha,Bhubaneswar,Locality_55,Property_Type,1.0,2354.0,422.16,0.18,2019.0,Furnished,8.0,30.0,6.0,8.0,1.0,High,Yes,No,"Gym, Clubhouse",East,Broker,Ready_to_Move
2389.0,Delhi,Dwarka,Locality_199,Property_Type,4.0,3963.0,344.33,0.09,1992.0,Furnished,28.0,1.0,33.0,8.0,10.0,High,Yes,No,"Clubhouse, Pool, Gym, Playground, Garden",North,Builder,Under_Construction
2390.0,Assam,Silchar,Locality_165,Property_Type,3.0,3179.0,308.98,0.1,1998.0,Semi-furnished,6.0,13.0,27.0,10.0,6.0,Medium,No,Yes,"Clubhouse, Playground, Gym",North,Owner,Ready_to_Move
2391.0,Bihar,Gaya,Locality_469,Property_Type,2.0,2480.0,354.13,0.14,1993.0,Semi-furnished,6.0,1.0,32.0,6.0,1.0,Medium,No,Yes,Pool,South,Builder,Under_Construction
2392.0,Karnataka,Mangalore,Locality_215,Property_Type,3.0,4785.0,361.36,0.08,2001.0,Semi-furnished,6.0,15.0,24.0,6.0,9.0,Low,Yes,Yes,"Gym, Playground, Clubhouse, Garden, Pool",East,Owner,Ready_to_Move
2393.0,Bihar,Patna,Locality_143,Property_Type,3.0,2993.0,51.36,0.02,2005.0,Furnished,3.0,14.0,20.0,9.0,3.0,High,Yes,Yes,"Gym, Pool, Clubhouse, Playground",East,Broker,Under_Construction
2394.0,West Bengal,Kolkata,Locality_486,Property_Type,4.0,834.0,102.27,0.12,1990.0,Unfurnished,21.0,12.0,35.0,4.0,9.0,Medium,No,No,"Pool, Playground, Garden, Gym, Clubhouse",West,Broker,Under_Construction
2395.0,Assam,Guwahati,Locality_393,Property_Type,2.0,1942.0,18.01,0.01,2011.0,Furnished,14.0,7.0,14.0,1.0,6.0,Medium,Yes,No,"Garden, Playground, Pool",North,Owner,Under_Construction
2396.0,Telangana,Warangal,Locality_287,Property_Type,2.0,2318.0,33.73,0.01,1999.0,Semi-furnished,12.0,3.0,26.0,6.0,7.0,Low,Yes,No,Pool,South,Broker,Ready_to_Move
2397.0,Bihar,Patna,Locality_288,Property_Type,2.0,1943.0,426.92,0.22,1994.0,Furnished,25.0,24.0,31.0,10.0,2.0,High,No,No,"Clubhouse, Pool, Garden, Playground, Gym",North,Broker,Ready_to_Move
2398.0,Jharkhand,Jamshedpur,Locality_105,Property_Type,1.0,718.0,128.03,0.18,1998.0,Unfurnished,16.0,24.0,27.0,1.0,10.0,High,No,No,"Playground, Pool",West,Broker,Under_Construction
2399.0,Karnataka,Bangalore,Locality_13,Property_Type,5.0,809.0,498.33,0.62,1997.0,Semi-furnished,15.0,30.0,28.0,9.0,3.0,Medium,No,Yes,Pool,South,Builder,Ready_to_Move
2400.0,Chhattisgarh,Raipur,Locality_180,Property_Type,4.0,3090.0,48.43,0.02,2003.0,Unfurnished,25.0,30.0,22.0,2.0,1.0,Low,No,No,"Clubhouse, Pool, Gym, Playground, Garden",East,Builder,Under_Construction
2401.0,Bihar,Gaya,Locality_132,Property_Type,3.0,3872.0,75.89,0.02,2002.0,Semi-furnished,4.0,1.0,23.0,6.0,7.0,Medium,Yes,No,"Playground, Clubhouse, Pool, Gym",North,Owner,Ready_to_Move
2402.0,Kerala,Kochi,Locality_251,Property_Type,4.0,1065.0,152.33,0.14,1995.0,Furnished,22.0,20.0,30.0,10.0,3.0,High,No,No,"Pool, Garden",East,Builder,Under_Construction
2403.0,Maharashtra,Pune,Locality_126,Property_Type,1.0,1107.0,31.55,0.03,1994.0,Unfurnished,27.0,9.0,31.0,7.0,4.0,High,Yes,No,Pool,South,Builder,Under_Construction
2404.0,Andhra Pradesh,Vishakhapatnam,Locality_30,Property_Type,2.0,4682.0,148.37,0.03,2012.0,Semi-furnished,0.0,3.0,13.0,8.0,10.0,High,No,Yes,"Garden, Clubhouse",West,Owner,Ready_to_Move
2405.0,Punjab,Ludhiana,Locality_233,Property_Type,4.0,826.0,42.13,0.05,1999.0,Unfurnished,13.0,25.0,26.0,5.0,9.0,High,Yes,No,Playground,North,Owner,Ready_to_Move
2406.0,Maharashtra,Nagpur,Locality_112,Property_Type,3.0,2451.0,112.97,0.05,1993.0,Furnished,20.0,16.0,32.0,5.0,2.0,Medium,No,No,"Playground, Garden, Gym",North,Owner,Under_Construction
2407.0,Uttar Pradesh,Noida,Locality_272,Property_Type,2.0,565.0,381.71,0.68,1993.0,Semi-furnished,16.0,2.0,32.0,3.0,9.0,High,Yes,No,"Gym, Playground, Clubhouse, Garden, Pool",East,Broker,Under_Construction
2408.0,Jharkhand,Ranchi,Locality_329,Property_Type,4.0,821.0,138.12,0.17,2011.0,Unfurnished,27.0,8.0,14.0,8.0,2.0,Medium,Yes,No,"Gym, Clubhouse, Garden, Pool, Playground",West,Builder,Under_Construction
2409.0,Delhi,Dwarka,Locality_324,Property_Type,5.0,1416.0,94.13,0.07,2016.0,Semi-furnished,25.0,20.0,9.0,4.0,10.0,Medium,No,No,"Gym, Playground, Garden, Clubhouse, Pool",North,Builder,Ready_to_Move
2410.0,Karnataka,Mysore,Locality_303,Property_Type,5.0,1559.0,197.8,0.13,1998.0,Unfurnished,14.0,1.0,27.0,3.0,10.0,High,Yes,Yes,"Garden, Clubhouse, Gym, Playground, Pool",North,Builder,Ready_to_Move
2411.0,Telangana,Hyderabad,Locality_256,Property_Type,2.0,1949.0,226.55,0.12,2008.0,Furnished,1.0,11.0,17.0,7.0,8.0,Medium,No,Yes,Garden,South,Owner,Under_Construction
2412.0,Madhya Pradesh,Bhopal,Locality_494,Property_Type,3.0,2548.0,122.0,0.05,2004.0,Unfurnished,12.0,13.0,21.0,10.0,5.0,Medium,No,Yes,"Garden, Pool, Gym, Playground, Clubhouse",South,Owner,Under_Construction
2413.0,Delhi,Dwarka,Locality_212,Property_Type,1.0,1491.0,136.32,0.09,2018.0,Furnished,27.0,24.0,7.0,4.0,6.0,Low,Yes,Yes,Playground,South,Builder,Ready_to_Move
2414.0,Chhattisgarh,Bilaspur,Locality_146,Property_Type,1.0,4535.0,189.02,0.04,2004.0,Furnished,20.0,10.0,21.0,2.0,3.0,Low,Yes,No,"Gym, Garden, Playground, Pool, Clubhouse",East,Builder,Under_Construction
2415.0,Karnataka,Bangalore,Locality_485,Property_Type,5.0,1465.0,480.12,0.33,2017.0,Unfurnished,26.0,5.0,8.0,3.0,1.0,Medium,Yes,Yes,"Gym, Garden, Playground, Pool, Clubhouse",North,Owner,Ready_to_Move
2416.0,Delhi,Dwarka,Locality_95,Property_Type,3.0,2380.0,70.74,0.03,2009.0,Furnished,21.0,14.0,16.0,10.0,10.0,Low,Yes,No,Gym,North,Broker,Under_Construction
2417.0,Odisha,Cuttack,Locality_82,Property_Type,5.0,2171.0,129.17,0.06,2009.0,Semi-furnished,14.0,19.0,16.0,2.0,6.0,High,No,Yes,"Garden, Gym, Playground, Pool",South,Builder,Under_Construction
2418.0,Karnataka,Bangalore,Locality_444,Property_Type,4.0,3729.0,425.13,0.11,2005.0,Furnished,8.0,5.0,20.0,10.0,8.0,Medium,Yes,No,"Playground, Garden, Gym",North,Builder,Under_Construction
2419.0,Kerala,Trivandrum,Locality_413,Property_Type,3.0,3283.0,236.87,0.07,2016.0,Furnished,5.0,20.0,9.0,4.0,8.0,Medium,Yes,Yes,Playground,South,Owner,Ready_to_Move
2420.0,Telangana,Warangal,Locality_38,Property_Type,2.0,1193.0,235.11,0.2,2016.0,Furnished,24.0,24.0,9.0,7.0,2.0,Low,No,No,"Playground, Garden, Clubhouse, Pool, Gym",West,Builder,Ready_to_Move
2421.0,Gujarat,Surat,Locality_414,Property_Type,5.0,528.0,20.11,0.04,2021.0,Unfurnished,24.0,10.0,4.0,9.0,9.0,High,Yes,Yes,Clubhouse,South,Builder,Under_Construction
2422.0,West Bengal,Durgapur,Locality_313,Property_Type,1.0,550.0,311.42,0.57,2001.0,Unfurnished,25.0,6.0,24.0,10.0,9.0,High,Yes,No,"Clubhouse, Garden, Gym",North,Broker,Ready_to_Move
2423.0,Telangana,Hyderabad,Locality_298,Property_Type,3.0,1771.0,367.18,0.21,1993.0,Furnished,22.0,27.0,32.0,4.0,3.0,Medium,Yes,No,"Clubhouse, Garden, Pool",West,Owner,Ready_to_Move
2424.0,Madhya Pradesh,Indore,Locality_346,Property_Type,5.0,3772.0,181.76,0.05,2005.0,Furnished,11.0,9.0,20.0,7.0,2.0,Low,No,Yes,"Pool, Gym",South,Owner,Under_Construction
2425.0,Andhra Pradesh,Vijayawada,Locality_471,Property_Type,3.0,2058.0,454.62,0.22,1995.0,Semi-furnished,25.0,16.0,30.0,1.0,1.0,Low,Yes,Yes,"Pool, Garden",West,Broker,Under_Construction
2426.0,Bihar,Patna,Locality_433,Property_Type,2.0,3333.0,254.35,0.08,2018.0,Semi-furnished,17.0,27.0,7.0,9.0,5.0,Medium,No,No,"Garden, Playground, Pool, Clubhouse, Gym",South,Broker,Under_Construction
2427.0,Andhra Pradesh,Vijayawada,Locality_234,Property_Type,4.0,2370.0,22.99,0.01,2022.0,Semi-furnished,12.0,9.0,3.0,3.0,4.0,Low,Yes,No,"Clubhouse, Garden, Pool",North,Owner,Under_Construction
2428.0,Andhra Pradesh,Vijayawada,Locality_35,Property_Type,2.0,3309.0,16.39,0.0,1994.0,Unfurnished,8.0,19.0,31.0,5.0,8.0,Medium,No,Yes,Playground,South,Owner,Ready_to_Move
2429.0,Delhi,New Delhi,Locality_340,Property_Type,5.0,3023.0,444.94,0.15,1992.0,Semi-furnished,6.0,19.0,33.0,7.0,9.0,High,Yes,Yes,"Clubhouse, Pool, Playground",East,Builder,Ready_to_Move
2430.0,Chhattisgarh,Bilaspur,Locality_495,Property_Type,4.0,3938.0,48.68,0.01,2005.0,Semi-furnished,14.0,13.0,20.0,5.0,9.0,Medium,Yes,Yes,"Garden, Gym, Pool, Playground, Clubhouse",East,Owner,Ready_to_Move
2431.0,West Bengal,Durgapur,Locality_403,Property_Type,1.0,3297.0,111.92,0.03,2002.0,Semi-furnished,14.0,16.0,23.0,9.0,1.0,High,No,Yes,Playground,East,Broker,Ready_to_Move
2432.0,Madhya Pradesh,Bhopal,Locality_224,Property_Type,1.0,4441.0,462.8,0.1,2012.0,Unfurnished,6.0,27.0,13.0,2.0,2.0,Low,Yes,No,"Garden, Gym, Pool",East,Owner,Under_Construction
2433.0,Tamil Nadu,Coimbatore,Locality_219,Property_Type,2.0,1766.0,494.84,0.28,2007.0,Unfurnished,28.0,22.0,18.0,8.0,4.0,Low,Yes,No,"Gym, Garden, Playground",North,Broker,Ready_to_Move
2434.0,Gujarat,Ahmedabad,Locality_86,Property_Type,5.0,2365.0,442.51,0.19,2005.0,Unfurnished,10.0,6.0,20.0,7.0,1.0,Medium,No,Yes,"Garden, Pool, Gym, Clubhouse",West,Broker,Ready_to_Move
2435.0,Chhattisgarh,Raipur,Locality_318,Property_Type,3.0,4526.0,410.33,0.09,2019.0,Semi-furnished,18.0,2.0,6.0,8.0,8.0,High,No,Yes,"Garden, Playground, Gym, Clubhouse",West,Owner,Ready_to_Move
2436.0,Andhra Pradesh,Vishakhapatnam,Locality_469,Property_Type,1.0,819.0,351.14,0.43,2002.0,Unfurnished,29.0,3.0,23.0,3.0,9.0,Medium,Yes,Yes,"Garden, Clubhouse, Gym",West,Builder,Ready_to_Move
2437.0,Assam,Guwahati,Locality_327,Property_Type,3.0,4735.0,130.02,0.03,2009.0,Unfurnished,28.0,23.0,16.0,5.0,5.0,Medium,Yes,No,"Gym, Pool, Garden, Clubhouse",North,Broker,Under_Construction
2438.0,West Bengal,Durgapur,Locality_302,Property_Type,2.0,4396.0,268.32,0.06,2017.0,Semi-furnished,8.0,28.0,8.0,4.0,10.0,Low,No,Yes,"Gym, Pool, Garden",West,Owner,Ready_to_Move
2439.0,Rajasthan,Jodhpur,Locality_19,Property_Type,1.0,3928.0,462.21,0.12,2016.0,Furnished,19.0,1.0,9.0,8.0,4.0,Low,Yes,No,Garden,North,Owner,Under_Construction
2440.0,Maharashtra,Nagpur,Locality_387,Property_Type,5.0,1058.0,28.14,0.03,2015.0,Semi-furnished,3.0,17.0,10.0,5.0,8.0,Low,Yes,No,"Garden, Clubhouse, Gym, Pool",South,Builder,Ready_to_Move
2441.0,Maharashtra,Mumbai,Locality_9,Property_Type,3.0,558.0,164.41,0.29,2001.0,Semi-furnished,4.0,24.0,24.0,3.0,6.0,Low,No,No,"Gym, Playground, Garden, Pool, Clubhouse",West,Owner,Under_Construction
2442.0,Kerala,Trivandrum,Locality_142,Property_Type,3.0,4754.0,55.72,0.01,2001.0,Furnished,7.0,14.0,24.0,7.0,6.0,Low,Yes,Yes,"Gym, Pool, Clubhouse, Playground, Garden",East,Broker,Under_Construction
2443.0,Bihar,Patna,Locality_395,Property_Type,4.0,2899.0,384.87,0.13,2018.0,Unfurnished,28.0,23.0,7.0,4.0,6.0,Low,Yes,Yes,"Clubhouse, Playground, Gym, Pool, Garden",North,Broker,Under_Construction
2444.0,Chhattisgarh,Raipur,Locality_371,Property_Type,2.0,1931.0,243.33,0.13,2021.0,Semi-furnished,2.0,16.0,4.0,2.0,2.0,Medium,Yes,No,"Gym, Playground, Clubhouse, Garden, Pool",West,Broker,Under_Construction
2445.0,Telangana,Hyderabad,Locality_360,Property_Type,4.0,2106.0,107.49,0.05,2007.0,Furnished,19.0,14.0,18.0,7.0,9.0,High,No,Yes,"Gym, Garden",North,Builder,Under_Construction
2446.0,Chhattisgarh,Raipur,Locality_336,Property_Type,3.0,4293.0,468.35,0.11,1990.0,Unfurnished,7.0,3.0,35.0,5.0,2.0,Low,Yes,No,Pool,South,Builder,Ready_to_Move
2447.0,Andhra Pradesh,Vishakhapatnam,Locality_293,Property_Type,3.0,1547.0,61.36,0.04,2023.0,Unfurnished,10.0,15.0,2.0,6.0,9.0,Medium,No,No,"Clubhouse, Playground, Gym",West,Owner,Ready_to_Move
2448.0,Rajasthan,Jaipur,Locality_275,Property_Type,5.0,2626.0,321.56,0.12,2023.0,Furnished,15.0,5.0,2.0,10.0,10.0,Medium,Yes,No,"Gym, Playground, Pool, Garden",North,Owner,Under_Construction
2449.0,Rajasthan,Jodhpur,Locality_461,Property_Type,1.0,3135.0,449.49,0.14,2023.0,Furnished,1.0,12.0,2.0,4.0,1.0,Medium,No,No,"Garden, Gym",East,Builder,Ready_to_Move
2450.0,Bihar,Gaya,Locality_237,Property_Type,1.0,2146.0,119.99,0.06,2009.0,Semi-furnished,18.0,7.0,16.0,9.0,8.0,Medium,Yes,No,"Playground, Garden, Clubhouse",West,Owner,Ready_to_Move
2451.0,Madhya Pradesh,Indore,Locality_334,Property_Type,1.0,4325.0,331.06,0.08,2006.0,Semi-furnished,18.0,13.0,19.0,8.0,3.0,High,No,No,"Clubhouse, Garden, Playground, Gym",East,Broker,Ready_to_Move
2452.0,West Bengal,Durgapur,Locality_424,Property_Type,1.0,1763.0,179.56,0.1,2013.0,Unfurnished,27.0,28.0,12.0,7.0,7.0,Medium,Yes,Yes,"Playground, Pool",North,Builder,Ready_to_Move
2453.0,Punjab,Amritsar,Locality_83,Property_Type,4.0,3040.0,327.95,0.11,2008.0,Semi-furnished,9.0,4.0,17.0,6.0,5.0,Medium,No,No,Playground,West,Owner,Ready_to_Move
2454.0,Uttar Pradesh,Lucknow,Locality_147,Property_Type,5.0,3749.0,158.02,0.04,1993.0,Semi-furnished,24.0,22.0,32.0,9.0,4.0,High,No,No,"Garden, Gym, Playground, Clubhouse, Pool",South,Owner,Ready_to_Move
2455.0,Tamil Nadu,Chennai,Locality_258,Property_Type,4.0,3892.0,102.28,0.03,1995.0,Unfurnished,22.0,8.0,30.0,10.0,7.0,Low,Yes,No,"Pool, Garden, Gym, Playground",West,Owner,Under_Construction
2456.0,Karnataka,Mysore,Locality_457,Property_Type,1.0,3606.0,244.27,0.07,2009.0,Unfurnished,17.0,30.0,16.0,3.0,6.0,Low,No,Yes,Gym,South,Owner,Ready_to_Move
2457.0,Telangana,Warangal,Locality_130,Property_Type,4.0,2202.0,347.15,0.16,1999.0,Unfurnished,2.0,16.0,26.0,3.0,1.0,High,No,No,"Gym, Garden, Pool, Clubhouse, Playground",North,Owner,Ready_to_Move
2458.0,Uttarakhand,Haridwar,Locality_68,Property_Type,4.0,3134.0,86.45,0.03,2004.0,Semi-furnished,4.0,10.0,21.0,3.0,10.0,Medium,No,Yes,"Garden, Playground",South,Broker,Under_Construction
2459.0,Maharashtra,Mumbai,Locality_59,Property_Type,4.0,3059.0,429.15,0.14,1998.0,Furnished,27.0,13.0,27.0,10.0,1.0,High,Yes,Yes,"Playground, Garden, Pool, Clubhouse",East,Builder,Under_Construction
2460.0,Rajasthan,Jodhpur,Locality_147,Property_Type,2.0,3782.0,339.68,0.09,2018.0,Unfurnished,2.0,18.0,7.0,3.0,5.0,Low,Yes,No,"Clubhouse, Garden, Gym, Pool",South,Builder,Ready_to_Move
2461.0,Uttar Pradesh,Noida,Locality_11,Property_Type,5.0,3972.0,247.11,0.06,1995.0,Furnished,8.0,8.0,30.0,8.0,3.0,Medium,Yes,Yes,"Gym, Garden, Clubhouse, Playground, Pool",East,Owner,Under_Construction
2462.0,Delhi,New Delhi,Locality_371,Property_Type,2.0,3911.0,311.11,0.08,2009.0,Furnished,23.0,4.0,16.0,2.0,2.0,Low,Yes,Yes,"Playground, Gym, Clubhouse, Pool, Garden",East,Broker,Under_Construction
2463.0,Tamil Nadu,Chennai,Locality_465,Property_Type,3.0,575.0,93.69,0.16,2013.0,Furnished,2.0,15.0,12.0,4.0,8.0,Low,Yes,Yes,"Pool, Gym",East,Broker,Ready_to_Move
2464.0,Uttarakhand,Dehradun,Locality_250,Property_Type,5.0,3015.0,414.99,0.14,2020.0,Semi-furnished,25.0,16.0,5.0,5.0,8.0,Low,No,No,Pool,North,Builder,Ready_to_Move
2465.0,Karnataka,Mysore,Locality_171,Property_Type,3.0,563.0,331.95,0.59,1990.0,Furnished,17.0,27.0,35.0,2.0,5.0,Medium,Yes,Yes,"Gym, Garden, Clubhouse, Playground, Pool",East,Builder,Under_Construction
2466.0,Bihar,Gaya,Locality_250,Property_Type,3.0,2849.0,34.71,0.01,2015.0,Unfurnished,25.0,17.0,10.0,5.0,5.0,Medium,Yes,No,"Gym, Clubhouse",North,Builder,Under_Construction
2467.0,Uttarakhand,Haridwar,Locality_21,Property_Type,3.0,3880.0,243.28,0.06,2012.0,Furnished,18.0,29.0,13.0,8.0,10.0,Medium,No,No,"Gym, Clubhouse, Garden, Playground",North,Broker,Under_Construction
2468.0,Karnataka,Mysore,Locality_17,Property_Type,4.0,1547.0,335.71,0.22,1992.0,Furnished,0.0,5.0,33.0,5.0,9.0,High,Yes,No,"Pool, Gym, Garden, Clubhouse",North,Owner,Under_Construction
2469.0,Rajasthan,Jaipur,Locality_342,Property_Type,5.0,3855.0,87.78,0.02,2021.0,Semi-furnished,0.0,13.0,4.0,10.0,10.0,High,Yes,No,"Playground, Gym, Pool",East,Owner,Under_Construction
2470.0,Karnataka,Mangalore,Locality_184,Property_Type,2.0,1175.0,335.62,0.29,2021.0,Unfurnished,3.0,16.0,4.0,3.0,5.0,Low,No,Yes,Playground,North,Broker,Ready_to_Move
2471.0,Andhra Pradesh,Vijayawada,Locality_288,Property_Type,4.0,1450.0,490.57,0.34,2013.0,Unfurnished,9.0,29.0,12.0,3.0,2.0,High,No,Yes,"Gym, Playground",West,Builder,Under_Construction
2472.0,Bihar,Gaya,Locality_206,Property_Type,4.0,4707.0,314.26,0.07,2009.0,Unfurnished,3.0,28.0,16.0,5.0,8.0,High,Yes,Yes,"Garden, Pool",East,Broker,Under_Construction
2473.0,Rajasthan,Jodhpur,Locality_483,Property_Type,4.0,1775.0,265.67,0.15,2018.0,Semi-furnished,29.0,19.0,7.0,4.0,7.0,Medium,Yes,No,"Garden, Pool, Gym, Playground",North,Owner,Under_Construction
2474.0,Chhattisgarh,Bilaspur,Locality_18,Property_Type,5.0,2024.0,238.84,0.12,2013.0,Furnished,25.0,24.0,12.0,2.0,8.0,Low,Yes,No,"Pool, Gym, Playground",North,Broker,Under_Construction
2475.0,Uttar Pradesh,Noida,Locality_95,Property_Type,1.0,2291.0,134.84,0.06,1995.0,Furnished,20.0,25.0,30.0,2.0,2.0,High,No,No,"Garden, Playground, Clubhouse, Gym",East,Builder,Under_Construction
2476.0,Karnataka,Bangalore,Locality_187,Property_Type,4.0,4033.0,216.12,0.05,2006.0,Furnished,3.0,25.0,19.0,4.0,6.0,Medium,No,Yes,"Garden, Clubhouse",West,Owner,Under_Construction
2477.0,West Bengal,Kolkata,Locality_103,Property_Type,3.0,4793.0,264.65,0.06,2002.0,Furnished,22.0,9.0,23.0,9.0,10.0,Low,No,No,"Pool, Gym, Clubhouse, Garden, Playground",South,Owner,Ready_to_Move
2478.0,Assam,Guwahati,Locality_279,Property_Type,1.0,1309.0,335.22,0.26,2005.0,Semi-furnished,12.0,25.0,20.0,5.0,8.0,Low,No,No,"Gym, Pool, Garden, Playground",South,Owner,Ready_to_Move
2479.0,Kerala,Trivandrum,Locality_29,Property_Type,1.0,2161.0,228.4,0.11,1994.0,Unfurnished,16.0,27.0,31.0,6.0,8.0,High,No,No,"Gym, Pool, Playground, Garden",South,Broker,Ready_to_Move
2480.0,Rajasthan,Jaipur,Locality_266,Property_Type,2.0,3268.0,424.01,0.13,2009.0,Semi-furnished,2.0,20.0,16.0,7.0,4.0,Medium,No,Yes,"Clubhouse, Gym, Garden, Pool, Playground",South,Builder,Under_Construction
2481.0,Jharkhand,Ranchi,Locality_93,Property_Type,3.0,882.0,63.12,0.07,2014.0,Semi-furnished,13.0,9.0,11.0,4.0,9.0,Low,No,No,"Garden, Clubhouse, Gym, Pool, Playground",South,Builder,Under_Construction
2482.0,Haryana,Gurgaon,Locality_264,Property_Type,1.0,4178.0,154.6,0.04,2010.0,Semi-furnished,10.0,5.0,15.0,2.0,6.0,High,Yes,Yes,"Clubhouse, Gym, Pool, Garden, Playground",East,Broker,Under_Construction
2483.0,Jharkhand,Ranchi,Locality_368,Property_Type,4.0,3839.0,356.84,0.09,2012.0,Semi-furnished,9.0,21.0,13.0,7.0,7.0,High,No,No,"Garden, Playground, Pool, Clubhouse",North,Broker,Under_Construction
2484.0,Uttarakhand,Haridwar,Locality_144,Property_Type,4.0,623.0,74.04,0.12,2023.0,Unfurnished,23.0,4.0,2.0,9.0,4.0,High,Yes,No,"Garden, Clubhouse, Gym, Pool, Playground",North,Broker,Under_Construction
2485.0,Haryana,Gurgaon,Locality_469,Property_Type,3.0,1979.0,367.74,0.19,2004.0,Semi-furnished,1.0,12.0,21.0,6.0,9.0,High,No,No,"Gym, Garden, Clubhouse",South,Builder,Under_Construction
2486.0,Rajasthan,Jodhpur,Locality_346,Property_Type,2.0,1037.0,402.52,0.39,2006.0,Unfurnished,25.0,10.0,19.0,5.0,7.0,Medium,No,No,"Gym, Garden, Pool, Playground, Clubhouse",West,Broker,Ready_to_Move
2487.0,Kerala,Trivandrum,Locality_435,Property_Type,4.0,710.0,433.08,0.61,2014.0,Semi-furnished,6.0,22.0,11.0,9.0,9.0,High,No,No,"Playground, Gym, Clubhouse, Garden, Pool",East,Builder,Ready_to_Move
2488.0,West Bengal,Kolkata,Locality_275,Property_Type,2.0,1178.0,455.34,0.39,2005.0,Unfurnished,16.0,20.0,20.0,10.0,10.0,High,No,No,"Clubhouse, Gym",North,Broker,Under_Construction
2489.0,Assam,Guwahati,Locality_119,Property_Type,1.0,1298.0,190.12,0.15,2015.0,Unfurnished,27.0,30.0,10.0,2.0,1.0,Medium,Yes,No,"Playground, Garden",North,Builder,Under_Construction
2490.0,Rajasthan,Jodhpur,Locality_488,Property_Type,4.0,4993.0,396.99,0.08,2018.0,Furnished,18.0,19.0,7.0,2.0,1.0,Medium,No,No,"Clubhouse, Pool",West,Broker,Ready_to_Move
2491.0,Telangana,Hyderabad,Locality_491,Property_Type,2.0,873.0,288.29,0.33,2011.0,Unfurnished,13.0,18.0,14.0,1.0,1.0,Low,Yes,No,"Playground, Gym, Garden, Pool, Clubhouse",North,Owner,Ready_to_Move
2492.0,Kerala,Kochi,Locality_25,Property_Type,3.0,4015.0,433.34,0.11,2023.0,Furnished,8.0,30.0,2.0,9.0,2.0,Medium,Yes,Yes,"Gym, Clubhouse, Playground, Pool, Garden",North,Owner,Ready_to_Move
2493.0,Punjab,Ludhiana,Locality_47,Property_Type,3.0,4409.0,470.17,0.11,2004.0,Semi-furnished,20.0,30.0,21.0,1.0,8.0,High,Yes,No,"Garden, Playground, Clubhouse",West,Builder,Ready_to_Move
2494.0,Karnataka,Mangalore,Locality_260,Property_Type,2.0,3737.0,365.59,0.1,2009.0,Unfurnished,18.0,12.0,16.0,1.0,3.0,Low,No,Yes,"Garden, Pool, Clubhouse, Gym",South,Builder,Ready_to_Move
2495.0,Chhattisgarh,Raipur,Locality_465,Property_Type,3.0,2207.0,176.01,0.08,2020.0,Furnished,13.0,29.0,5.0,4.0,2.0,Low,Yes,No,"Clubhouse, Gym, Garden",East,Owner,Ready_to_Move
2496.0,Jharkhand,Ranchi,Locality_175,Property_Type,3.0,2068.0,476.06,0.23,2002.0,Furnished,7.0,23.0,23.0,7.0,10.0,Medium,No,Yes,"Garden, Clubhouse, Playground, Pool, Gym",North,Broker,Ready_to_Move
2497.0,Gujarat,Surat,Locality_158,Property_Type,5.0,4406.0,431.7,0.1,2013.0,Semi-furnished,30.0,19.0,12.0,1.0,9.0,Low,No,Yes,Clubhouse,North,Builder,Ready_to_Move
2498.0,Telangana,Warangal,Locality_223,Property_Type,5.0,2417.0,55.45,0.02,2005.0,Unfurnished,23.0,4.0,20.0,7.0,1.0,Medium,Yes,No,"Pool, Gym, Clubhouse, Garden",West,Builder,Under_Construction
2499.0,Chhattisgarh,Raipur,Locality_37,Property_Type,1.0,3856.0,105.35,0.03,2014.0,Semi-furnished,9.0,29.0,11.0,10.0,5.0,High,No,Yes,"Garden, Playground, Clubhouse, Pool, Gym",South,Builder,Ready_to_Move
2500.0,Odisha,Bhubaneswar,Locality_105,Property_Type,3.0,3586.0,267.99,0.07,2020.0,Unfurnished,1.0,27.0,5.0,10.0,3.0,High,Yes,Yes,"Gym, Clubhouse, Pool, Garden, Playground",East,Broker,Under_Construction
2501.0,Karnataka,Mysore,Locality_483,Property_Type,1.0,2428.0,399.76,0.16,1994.0,Unfurnished,1.0,23.0,31.0,3.0,6.0,Medium,Yes,Yes,Clubhouse,East,Owner,Ready_to_Move
2502.0,Madhya Pradesh,Indore,Locality_415,Property_Type,2.0,1687.0,16.85,0.01,1995.0,Unfurnished,29.0,8.0,30.0,9.0,7.0,Medium,Yes,Yes,"Clubhouse, Gym, Pool",South,Owner,Ready_to_Move
2503.0,Andhra Pradesh,Vishakhapatnam,Locality_251,Property_Type,4.0,2397.0,464.14,0.19,1995.0,Furnished,4.0,7.0,30.0,9.0,10.0,High,No,No,"Gym, Clubhouse, Garden, Pool, Playground",South,Broker,Ready_to_Move
2504.0,Assam,Silchar,Locality_186,Property_Type,5.0,2371.0,55.05,0.02,2023.0,Semi-furnished,27.0,22.0,2.0,9.0,5.0,Low,No,No,"Pool, Playground, Gym, Garden, Clubhouse",East,Broker,Ready_to_Move
2505.0,Haryana,Faridabad,Locality_252,Property_Type,4.0,1994.0,177.53,0.09,2022.0,Furnished,19.0,1.0,3.0,2.0,8.0,Low,Yes,Yes,"Garden, Pool, Gym",North,Builder,Ready_to_Move
2506.0,Telangana,Hyderabad,Locality_405,Property_Type,2.0,1592.0,192.07,0.12,1992.0,Unfurnished,24.0,30.0,33.0,10.0,4.0,Low,No,No,Playground,South,Owner,Under_Construction
2507.0,Telangana,Hyderabad,Locality_148,Property_Type,1.0,1189.0,295.5,0.25,2002.0,Unfurnished,29.0,2.0,23.0,10.0,9.0,Medium,Yes,No,Playground,West,Broker,Ready_to_Move
2508.0,West Bengal,Durgapur,Locality_348,Property_Type,5.0,4261.0,98.93,0.02,1994.0,Semi-furnished,23.0,21.0,31.0,2.0,3.0,High,No,Yes,"Garden, Clubhouse",North,Broker,Under_Construction
2509.0,Kerala,Kochi,Locality_331,Property_Type,4.0,4952.0,354.58,0.07,2001.0,Semi-furnished,16.0,17.0,24.0,8.0,8.0,Low,No,Yes,"Playground, Gym, Clubhouse",West,Builder,Ready_to_Move
2510.0,Andhra Pradesh,Vijayawada,Locality_296,Property_Type,1.0,2066.0,315.3,0.15,1996.0,Unfurnished,12.0,4.0,29.0,8.0,7.0,Low,Yes,Yes,"Pool, Playground",West,Owner,Ready_to_Move
2511.0,Gujarat,Surat,Locality_132,Property_Type,3.0,3515.0,363.48,0.1,2019.0,Unfurnished,0.0,5.0,6.0,1.0,9.0,Low,Yes,Yes,Garden,East,Builder,Under_Construction
2512.0,Chhattisgarh,Bilaspur,Locality_403,Property_Type,5.0,1712.0,202.5,0.12,1999.0,Furnished,20.0,28.0,26.0,1.0,9.0,Medium,No,Yes,"Pool, Gym, Garden",West,Builder,Ready_to_Move
2513.0,Odisha,Cuttack,Locality_427,Property_Type,1.0,4409.0,425.73,0.1,2012.0,Unfurnished,18.0,20.0,13.0,9.0,2.0,Low,Yes,No,"Playground, Pool",South,Broker,Ready_to_Move
2514.0,Rajasthan,Jodhpur,Locality_369,Property_Type,5.0,3634.0,20.58,0.01,1993.0,Unfurnished,14.0,1.0,32.0,1.0,9.0,High,Yes,Yes,"Pool, Clubhouse, Gym, Garden",North,Builder,Under_Construction
2515.0,Rajasthan,Jodhpur,Locality_450,Property_Type,4.0,3683.0,254.95,0.07,2017.0,Unfurnished,24.0,27.0,8.0,6.0,3.0,Low,No,Yes,"Gym, Garden",North,Broker,Ready_to_Move
2516.0,Kerala,Trivandrum,Locality_303,Property_Type,4.0,2540.0,409.24,0.16,2003.0,Furnished,26.0,26.0,22.0,7.0,8.0,Low,No,No,Gym,South,Builder,Under_Construction
2517.0,West Bengal,Durgapur,Locality_51,Property_Type,1.0,4258.0,341.02,0.08,1996.0,Furnished,11.0,28.0,29.0,4.0,9.0,Medium,No,Yes,"Pool, Playground",North,Builder,Ready_to_Move
2518.0,Bihar,Patna,Locality_411,Property_Type,2.0,3502.0,379.08,0.11,2021.0,Semi-furnished,18.0,16.0,4.0,2.0,9.0,High,No,No,"Playground, Gym, Clubhouse, Pool, Garden",East,Broker,Ready_to_Move
2519.0,Karnataka,Mangalore,Locality_356,Property_Type,2.0,3150.0,59.42,0.02,2000.0,Semi-furnished,11.0,14.0,25.0,5.0,1.0,High,No,No,Pool,South,Broker,Under_Construction
2520.0,Chhattisgarh,Bilaspur,Locality_259,Property_Type,4.0,3598.0,315.74,0.09,1994.0,Unfurnished,15.0,21.0,31.0,7.0,5.0,Medium,Yes,Yes,"Clubhouse, Pool, Playground, Gym, Garden",East,Builder,Under_Construction
2521.0,Telangana,Hyderabad,Locality_136,Property_Type,1.0,2097.0,272.67,0.13,2006.0,Unfurnished,11.0,10.0,19.0,2.0,10.0,Medium,Yes,No,"Clubhouse, Pool, Playground, Garden",East,Owner,Under_Construction
2522.0,Telangana,Hyderabad,Locality_490,Property_Type,2.0,3827.0,368.13,0.1,1995.0,Furnished,0.0,27.0,30.0,7.0,5.0,Medium,Yes,Yes,"Playground, Pool, Gym, Garden, Clubhouse",North,Owner,Ready_to_Move
2523.0,Chhattisgarh,Bilaspur,Locality_432,Property_Type,1.0,4372.0,61.3,0.01,2010.0,Semi-furnished,10.0,3.0,15.0,2.0,7.0,Medium,No,No,"Clubhouse, Pool, Playground",West,Owner,Ready_to_Move
2524.0,Assam,Silchar,Locality_391,Property_Type,4.0,3435.0,426.52,0.12,2022.0,Unfurnished,14.0,7.0,3.0,9.0,6.0,High,Yes,Yes,Gym,East,Builder,Under_Construction
2525.0,West Bengal,Kolkata,Locality_181,Property_Type,2.0,4597.0,180.18,0.04,1994.0,Unfurnished,12.0,30.0,31.0,5.0,5.0,High,Yes,No,"Clubhouse, Garden, Pool",North,Broker,Ready_to_Move
2526.0,Andhra Pradesh,Vishakhapatnam,Locality_147,Property_Type,4.0,1090.0,407.31,0.37,2017.0,Unfurnished,5.0,21.0,8.0,6.0,6.0,High,Yes,No,Gym,South,Owner,Under_Construction
2527.0,Rajasthan,Jodhpur,Locality_476,Property_Type,4.0,710.0,373.77,0.53,2012.0,Semi-furnished,10.0,14.0,13.0,4.0,6.0,Medium,No,No,"Playground, Pool, Garden",North,Owner,Ready_to_Move
2528.0,Punjab,Amritsar,Locality_361,Property_Type,3.0,1856.0,222.11,0.12,2006.0,Unfurnished,11.0,16.0,19.0,10.0,7.0,Medium,Yes,No,"Clubhouse, Playground, Garden, Pool",West,Owner,Under_Construction
2529.0,Uttar Pradesh,Lucknow,Locality_206,Property_Type,4.0,719.0,470.09,0.65,2019.0,Furnished,26.0,27.0,6.0,7.0,9.0,Medium,Yes,No,Gym,North,Builder,Under_Construction
2530.0,Haryana,Gurgaon,Locality_76,Property_Type,3.0,964.0,256.73,0.27,2005.0,Unfurnished,27.0,7.0,20.0,4.0,5.0,Medium,No,Yes,"Gym, Pool, Playground, Garden, Clubhouse",South,Owner,Ready_to_Move
2531.0,Delhi,Dwarka,Locality_136,Property_Type,1.0,2652.0,294.67,0.11,1993.0,Furnished,10.0,13.0,32.0,10.0,7.0,Low,No,Yes,"Pool, Playground, Gym, Clubhouse, Garden",South,Builder,Ready_to_Move
2532.0,Bihar,Gaya,Locality_9,Property_Type,4.0,894.0,236.55,0.26,2014.0,Semi-furnished,25.0,22.0,11.0,2.0,9.0,Medium,No,Yes,"Garden, Pool",West,Builder,Ready_to_Move
2533.0,Madhya Pradesh,Indore,Locality_461,Property_Type,2.0,650.0,313.12,0.48,2023.0,Unfurnished,24.0,22.0,2.0,3.0,10.0,High,Yes,Yes,"Playground, Gym, Clubhouse, Garden, Pool",East,Owner,Under_Construction
2534.0,Delhi,Dwarka,Locality_342,Property_Type,1.0,4391.0,209.2,0.05,2005.0,Unfurnished,1.0,18.0,20.0,2.0,6.0,High,No,Yes,Gym,North,Broker,Ready_to_Move
2535.0,Chhattisgarh,Bilaspur,Locality_257,Property_Type,1.0,3539.0,140.62,0.04,2004.0,Unfurnished,28.0,26.0,21.0,1.0,4.0,Medium,Yes,Yes,"Clubhouse, Gym",North,Broker,Under_Construction
2536.0,Uttar Pradesh,Noida,Locality_39,Property_Type,1.0,4584.0,479.95,0.1,2007.0,Unfurnished,20.0,19.0,18.0,10.0,10.0,Low,No,No,"Pool, Garden",North,Builder,Under_Construction
2537.0,Karnataka,Bangalore,Locality_138,Property_Type,1.0,3909.0,487.6,0.12,2013.0,Semi-furnished,14.0,18.0,12.0,8.0,4.0,Low,Yes,No,"Pool, Garden, Gym, Playground, Clubhouse",East,Builder,Under_Construction
2538.0,Punjab,Amritsar,Locality_386,Property_Type,2.0,3321.0,416.5,0.13,1996.0,Semi-furnished,18.0,14.0,29.0,8.0,1.0,High,No,Yes,"Playground, Clubhouse, Pool, Gym, Garden",South,Owner,Ready_to_Move
2539.0,Andhra Pradesh,Vishakhapatnam,Locality_249,Property_Type,5.0,2325.0,148.14,0.06,1995.0,Semi-furnished,1.0,22.0,30.0,1.0,6.0,Medium,No,No,"Playground, Pool, Clubhouse",West,Broker,Under_Construction
2540.0,Uttarakhand,Haridwar,Locality_109,Property_Type,4.0,3282.0,48.31,0.01,1997.0,Unfurnished,1.0,5.0,28.0,7.0,2.0,Low,Yes,Yes,"Gym, Garden, Playground, Pool, Clubhouse",South,Owner,Ready_to_Move
2541.0,Uttarakhand,Haridwar,Locality_352,Property_Type,5.0,4780.0,480.99,0.1,2023.0,Furnished,23.0,6.0,2.0,3.0,2.0,High,Yes,Yes,"Gym, Pool, Clubhouse, Garden",North,Builder,Under_Construction
2542.0,Karnataka,Bangalore,Locality_197,Property_Type,4.0,2983.0,336.81,0.11,1994.0,Unfurnished,29.0,10.0,31.0,1.0,5.0,High,Yes,No,"Pool, Clubhouse, Playground",West,Broker,Under_Construction
2543.0,Delhi,Dwarka,Locality_154,Property_Type,1.0,2667.0,412.68,0.15,2018.0,Unfurnished,9.0,5.0,7.0,7.0,10.0,High,No,Yes,Gym,West,Broker,Ready_to_Move
2544.0,Uttar Pradesh,Noida,Locality_421,Property_Type,3.0,3191.0,476.1,0.15,1994.0,Semi-furnished,18.0,5.0,31.0,7.0,3.0,Low,Yes,Yes,"Pool, Clubhouse",West,Owner,Ready_to_Move
2545.0,Jharkhand,Ranchi,Locality_431,Property_Type,4.0,909.0,164.14,0.18,2015.0,Furnished,24.0,10.0,10.0,4.0,2.0,High,Yes,No,"Playground, Clubhouse, Gym, Garden, Pool",East,Broker,Under_Construction
2546.0,Chhattisgarh,Bilaspur,Locality_51,Property_Type,1.0,2627.0,118.9,0.05,2018.0,Semi-furnished,12.0,6.0,7.0,6.0,10.0,Medium,Yes,No,Clubhouse,South,Builder,Ready_to_Move
2547.0,Uttar Pradesh,Lucknow,Locality_208,Property_Type,1.0,1070.0,488.89,0.46,2004.0,Unfurnished,16.0,28.0,21.0,2.0,7.0,Low,No,No,"Clubhouse, Gym, Garden, Playground, Pool",South,Builder,Ready_to_Move
2548.0,Odisha,Cuttack,Locality_285,Property_Type,4.0,2373.0,139.66,0.06,1992.0,Semi-furnished,26.0,18.0,33.0,8.0,2.0,Low,No,No,"Pool, Garden",North,Broker,Under_Construction
2549.0,Uttar Pradesh,Lucknow,Locality_488,Property_Type,1.0,2809.0,118.52,0.04,2009.0,Unfurnished,23.0,16.0,16.0,2.0,10.0,Low,No,Yes,Pool,West,Owner,Under_Construction
2550.0,Haryana,Gurgaon,Locality_272,Property_Type,5.0,694.0,165.83,0.24,2016.0,Unfurnished,0.0,9.0,9.0,5.0,1.0,High,No,Yes,Playground,South,Owner,Under_Construction
2551.0,Kerala,Trivandrum,Locality_357,Property_Type,2.0,3443.0,402.33,0.12,2001.0,Semi-furnished,11.0,3.0,24.0,3.0,5.0,Medium,Yes,No,Playground,South,Builder,Under_Construction
2552.0,Maharashtra,Pune,Locality_408,Property_Type,1.0,3004.0,88.99,0.03,2012.0,Furnished,24.0,1.0,13.0,7.0,1.0,Medium,Yes,Yes,"Playground, Garden",East,Builder,Under_Construction
2553.0,Uttar Pradesh,Noida,Locality_179,Property_Type,5.0,3312.0,66.8,0.02,1990.0,Semi-furnished,18.0,25.0,35.0,2.0,9.0,Medium,No,Yes,Pool,West,Builder,Under_Construction
2554.0,Uttar Pradesh,Noida,Locality_399,Property_Type,3.0,4170.0,290.76,0.07,2007.0,Unfurnished,8.0,23.0,18.0,5.0,4.0,High,No,Yes,"Garden, Clubhouse, Playground",East,Broker,Ready_to_Move
2555.0,Tamil Nadu,Chennai,Locality_433,Property_Type,1.0,2023.0,155.81,0.08,1995.0,Semi-furnished,28.0,5.0,30.0,3.0,3.0,Medium,Yes,Yes,"Playground, Pool",West,Builder,Ready_to_Move
2556.0,Odisha,Bhubaneswar,Locality_447,Property_Type,4.0,4777.0,259.58,0.05,2008.0,Furnished,11.0,3.0,17.0,4.0,10.0,Medium,Yes,Yes,"Pool, Playground, Clubhouse, Garden",South,Builder,Under_Construction
2557.0,Rajasthan,Jaipur,Locality_114,Property_Type,2.0,3521.0,286.51,0.08,2021.0,Semi-furnished,22.0,27.0,4.0,2.0,7.0,Low,No,No,"Gym, Garden, Playground, Clubhouse",West,Builder,Ready_to_Move
2558.0,Uttarakhand,Dehradun,Locality_191,Property_Type,3.0,3756.0,361.38,0.1,2014.0,Furnished,13.0,23.0,11.0,2.0,7.0,Medium,No,Yes,"Gym, Garden, Pool, Clubhouse",West,Builder,Ready_to_Move
2559.0,Uttar Pradesh,Noida,Locality_337,Property_Type,4.0,2930.0,243.47,0.08,2007.0,Unfurnished,9.0,9.0,18.0,6.0,8.0,High,Yes,Yes,"Clubhouse, Playground",West,Broker,Under_Construction
2560.0,Andhra Pradesh,Vijayawada,Locality_212,Property_Type,2.0,2500.0,76.02,0.03,2002.0,Semi-furnished,1.0,1.0,23.0,3.0,4.0,High,Yes,No,"Garden, Playground, Clubhouse, Pool, Gym",South,Owner,Under_Construction
2561.0,Rajasthan,Jaipur,Locality_206,Property_Type,1.0,548.0,421.8,0.77,1993.0,Furnished,27.0,4.0,32.0,10.0,10.0,Medium,Yes,Yes,"Garden, Playground, Clubhouse, Gym",North,Owner,Ready_to_Move
2562.0,Chhattisgarh,Raipur,Locality_211,Property_Type,2.0,4619.0,135.6,0.03,2000.0,Semi-furnished,25.0,30.0,25.0,9.0,10.0,Medium,No,Yes,"Clubhouse, Gym, Pool",North,Builder,Under_Construction
2563.0,Haryana,Gurgaon,Locality_333,Property_Type,3.0,2868.0,275.2,0.1,2005.0,Unfurnished,9.0,22.0,20.0,7.0,9.0,Low,Yes,Yes,"Pool, Garden, Gym",West,Owner,Under_Construction
2564.0,Kerala,Kochi,Locality_416,Property_Type,1.0,2162.0,419.77,0.19,2006.0,Unfurnished,14.0,3.0,19.0,6.0,3.0,Medium,No,Yes,"Playground, Pool",West,Broker,Ready_to_Move
2565.0,Andhra Pradesh,Vijayawada,Locality_397,Property_Type,4.0,4989.0,27.62,0.01,2007.0,Unfurnished,7.0,29.0,18.0,8.0,7.0,Medium,Yes,Yes,"Pool, Gym",West,Builder,Under_Construction
2566.0,Bihar,Gaya,Locality_418,Property_Type,5.0,2313.0,336.11,0.15,2005.0,Furnished,15.0,22.0,20.0,4.0,1.0,Medium,No,No,"Clubhouse, Pool, Garden, Playground",South,Builder,Ready_to_Move
2567.0,Chhattisgarh,Raipur,Locality_235,Property_Type,4.0,3319.0,247.65,0.07,2007.0,Unfurnished,0.0,9.0,18.0,4.0,6.0,Low,Yes,Yes,"Playground, Pool, Clubhouse",East,Builder,Under_Construction
2568.0,Madhya Pradesh,Bhopal,Locality_359,Property_Type,3.0,2214.0,41.4,0.02,2001.0,Unfurnished,6.0,7.0,24.0,6.0,9.0,Medium,No,No,"Garden, Gym, Pool",South,Owner,Ready_to_Move
2569.0,Kerala,Trivandrum,Locality_373,Property_Type,2.0,3268.0,341.29,0.1,1992.0,Unfurnished,15.0,21.0,33.0,1.0,4.0,Medium,Yes,Yes,"Playground, Gym, Garden, Pool",West,Builder,Under_Construction
2570.0,Punjab,Amritsar,Locality_367,Property_Type,2.0,738.0,292.01,0.4,2002.0,Unfurnished,6.0,5.0,23.0,8.0,3.0,High,Yes,Yes,"Playground, Gym, Pool",South,Owner,Ready_to_Move
2571.0,Madhya Pradesh,Indore,Locality_495,Property_Type,1.0,1141.0,340.17,0.3,2022.0,Furnished,7.0,17.0,3.0,10.0,8.0,High,No,No,"Clubhouse, Garden",North,Broker,Under_Construction
2572.0,Assam,Guwahati,Locality_492,Property_Type,2.0,1555.0,303.55,0.2,2002.0,Unfurnished,0.0,12.0,23.0,7.0,8.0,Medium,Yes,Yes,"Clubhouse, Pool, Gym, Playground, Garden",West,Builder,Under_Construction
2573.0,Odisha,Cuttack,Locality_273,Property_Type,1.0,1378.0,272.11,0.2,2013.0,Semi-furnished,28.0,26.0,12.0,6.0,4.0,Low,Yes,Yes,"Playground, Clubhouse, Garden, Gym",South,Builder,Ready_to_Move
2574.0,Bihar,Patna,Locality_281,Property_Type,3.0,1105.0,70.7,0.06,1991.0,Furnished,1.0,6.0,34.0,10.0,4.0,Low,No,No,Pool,East,Builder,Ready_to_Move
2575.0,Tamil Nadu,Chennai,Locality_359,Property_Type,2.0,4381.0,45.77,0.01,1998.0,Furnished,20.0,29.0,27.0,2.0,7.0,High,No,No,"Playground, Gym, Clubhouse",North,Builder,Ready_to_Move
2576.0,Odisha,Bhubaneswar,Locality_441,Property_Type,2.0,3973.0,265.06,0.07,1994.0,Unfurnished,14.0,5.0,31.0,3.0,1.0,Low,No,Yes,Garden,West,Builder,Under_Construction
2577.0,Haryana,Faridabad,Locality_471,Property_Type,1.0,2041.0,144.84,0.07,1993.0,Unfurnished,19.0,12.0,32.0,1.0,4.0,Low,Yes,Yes,"Clubhouse, Pool, Gym, Playground, Garden",South,Owner,Ready_to_Move
2578.0,Uttar Pradesh,Lucknow,Locality_212,Property_Type,1.0,1793.0,135.36,0.08,2001.0,Unfurnished,7.0,3.0,24.0,4.0,8.0,High,Yes,No,Clubhouse,East,Builder,Ready_to_Move
2579.0,Madhya Pradesh,Bhopal,Locality_21,Property_Type,4.0,3461.0,432.6,0.12,1991.0,Semi-furnished,28.0,8.0,34.0,3.0,6.0,High,Yes,No,"Garden, Playground",South,Builder,Under_Construction
2580.0,Haryana,Faridabad,Locality_489,Property_Type,2.0,1715.0,220.59,0.13,2018.0,Furnished,20.0,27.0,7.0,6.0,4.0,High,No,Yes,"Garden, Playground, Pool",East,Broker,Ready_to_Move
2581.0,Telangana,Hyderabad,Locality_38,Property_Type,1.0,3528.0,83.17,0.02,2016.0,Unfurnished,7.0,1.0,9.0,9.0,1.0,Medium,No,Yes,"Playground, Clubhouse, Garden, Pool",East,Broker,Ready_to_Move
2582.0,Karnataka,Bangalore,Locality_471,Property_Type,4.0,2896.0,347.74,0.12,1997.0,Unfurnished,25.0,6.0,28.0,10.0,10.0,Low,Yes,Yes,"Playground, Clubhouse, Garden, Gym",South,Builder,Under_Construction
2583.0,Jharkhand,Ranchi,Locality_152,Property_Type,5.0,2243.0,154.59,0.07,1998.0,Furnished,16.0,15.0,27.0,8.0,6.0,Low,Yes,Yes,"Clubhouse, Garden",West,Broker,Ready_to_Move
2584.0,Rajasthan,Jaipur,Locality_458,Property_Type,5.0,1449.0,135.15,0.09,1999.0,Furnished,20.0,13.0,26.0,8.0,10.0,High,No,Yes,Garden,East,Broker,Under_Construction
2585.0,West Bengal,Kolkata,Locality_155,Property_Type,3.0,3051.0,374.3,0.12,2010.0,Semi-furnished,25.0,24.0,15.0,2.0,9.0,Low,No,No,"Gym, Playground, Clubhouse",North,Owner,Ready_to_Move
2586.0,Maharashtra,Nagpur,Locality_178,Property_Type,1.0,1541.0,414.74,0.27,2001.0,Furnished,11.0,27.0,24.0,7.0,5.0,Medium,No,No,"Playground, Clubhouse, Gym, Pool, Garden",South,Broker,Under_Construction
2587.0,Punjab,Ludhiana,Locality_11,Property_Type,4.0,3807.0,442.32,0.12,2002.0,Semi-furnished,23.0,23.0,23.0,4.0,3.0,Medium,Yes,No,"Clubhouse, Playground, Gym, Garden",South,Owner,Under_Construction
2588.0,Chhattisgarh,Bilaspur,Locality_484,Property_Type,1.0,808.0,448.5,0.56,2009.0,Semi-furnished,20.0,5.0,16.0,9.0,4.0,Medium,No,No,"Pool, Gym",North,Builder,Under_Construction
2589.0,Jharkhand,Ranchi,Locality_413,Property_Type,1.0,1277.0,240.35,0.19,2012.0,Furnished,6.0,24.0,13.0,3.0,10.0,Low,Yes,No,"Playground, Clubhouse, Pool, Garden",North,Broker,Under_Construction
2590.0,Jharkhand,Jamshedpur,Locality_195,Property_Type,3.0,4800.0,384.22,0.08,2023.0,Semi-furnished,9.0,12.0,2.0,8.0,8.0,Low,Yes,Yes,Pool,North,Owner,Ready_to_Move
2591.0,Telangana,Hyderabad,Locality_278,Property_Type,3.0,1739.0,120.43,0.07,1995.0,Semi-furnished,13.0,21.0,30.0,2.0,6.0,High,Yes,Yes,Gym,North,Builder,Ready_to_Move
2592.0,Kerala,Trivandrum,Locality_315,Property_Type,3.0,4527.0,31.29,0.01,1999.0,Semi-furnished,5.0,9.0,26.0,7.0,10.0,High,Yes,Yes,"Clubhouse, Pool, Garden, Gym",West,Owner,Ready_to_Move
2593.0,West Bengal,Kolkata,Locality_108,Property_Type,2.0,3089.0,366.28,0.12,2018.0,Semi-furnished,24.0,16.0,7.0,5.0,6.0,Medium,No,No,"Clubhouse, Playground, Garden, Pool",East,Broker,Ready_to_Move
2594.0,Uttar Pradesh,Lucknow,Locality_22,Property_Type,3.0,3153.0,307.36,0.1,1994.0,Semi-furnished,7.0,10.0,31.0,9.0,10.0,Medium,No,Yes,"Garden, Playground",South,Builder,Under_Construction
2595.0,Haryana,Faridabad,Locality_17,Property_Type,5.0,860.0,246.54,0.29,2001.0,Furnished,7.0,14.0,24.0,2.0,9.0,Medium,No,No,"Playground, Pool, Garden, Clubhouse, Gym",North,Builder,Ready_to_Move
2596.0,Rajasthan,Jaipur,Locality_171,Property_Type,3.0,4409.0,197.16,0.04,2008.0,Furnished,26.0,15.0,17.0,6.0,6.0,High,No,No,"Garden, Gym, Playground, Pool",North,Broker,Ready_to_Move
2597.0,Andhra Pradesh,Vijayawada,Locality_252,Property_Type,3.0,4003.0,216.4,0.05,2003.0,Unfurnished,15.0,17.0,22.0,4.0,6.0,Low,No,Yes,"Pool, Clubhouse, Playground, Garden",North,Builder,Under_Construction
2598.0,Jharkhand,Jamshedpur,Locality_463,Property_Type,3.0,1180.0,408.25,0.35,2009.0,Unfurnished,22.0,2.0,16.0,1.0,3.0,Medium,Yes,Yes,Clubhouse,North,Broker,Ready_to_Move
2599.0,Rajasthan,Jaipur,Locality_108,Property_Type,2.0,2837.0,475.29,0.17,2021.0,Furnished,27.0,7.0,4.0,10.0,2.0,Low,Yes,No,"Clubhouse, Gym, Garden, Pool, Playground",West,Builder,Ready_to_Move
2600.0,Odisha,Bhubaneswar,Locality_164,Property_Type,1.0,1184.0,327.86,0.28,2017.0,Semi-furnished,22.0,2.0,8.0,5.0,7.0,Low,No,No,"Playground, Pool, Garden",North,Builder,Ready_to_Move
2601.0,Chhattisgarh,Bilaspur,Locality_49,Property_Type,2.0,1890.0,147.03,0.08,2006.0,Furnished,28.0,13.0,19.0,2.0,2.0,Low,Yes,Yes,"Gym, Playground, Pool, Clubhouse",East,Builder,Ready_to_Move
2602.0,Haryana,Faridabad,Locality_456,Property_Type,4.0,2390.0,87.36,0.04,2011.0,Semi-furnished,27.0,7.0,14.0,9.0,1.0,Low,Yes,Yes,"Gym, Playground",West,Owner,Ready_to_Move
2603.0,Punjab,Amritsar,Locality_344,Property_Type,5.0,1807.0,313.35,0.17,1999.0,Furnished,6.0,1.0,26.0,2.0,6.0,Medium,No,No,"Garden, Gym, Pool",West,Owner,Under_Construction
2604.0,Odisha,Bhubaneswar,Locality_102,Property_Type,3.0,741.0,191.56,0.26,2020.0,Semi-furnished,10.0,28.0,5.0,7.0,4.0,Medium,No,No,"Gym, Clubhouse",South,Builder,Under_Construction
2605.0,Odisha,Cuttack,Locality_214,Property_Type,4.0,1163.0,299.96,0.26,1994.0,Semi-furnished,22.0,13.0,31.0,2.0,5.0,Medium,Yes,No,"Playground, Garden, Gym, Pool",East,Builder,Under_Construction
2606.0,Bihar,Gaya,Locality_489,Property_Type,5.0,2052.0,19.97,0.01,2000.0,Furnished,9.0,6.0,25.0,3.0,9.0,High,No,Yes,"Pool, Gym, Garden, Playground, Clubhouse",South,Broker,Ready_to_Move
2607.0,Gujarat,Surat,Locality_231,Property_Type,2.0,3734.0,340.06,0.09,2005.0,Semi-furnished,5.0,16.0,20.0,6.0,5.0,Medium,Yes,Yes,"Clubhouse, Gym",East,Builder,Ready_to_Move
2608.0,Madhya Pradesh,Bhopal,Locality_95,Property_Type,4.0,3738.0,314.31,0.08,2012.0,Furnished,30.0,6.0,13.0,10.0,5.0,High,No,No,"Garden, Gym, Clubhouse, Playground",East,Owner,Ready_to_Move
2609.0,Gujarat,Surat,Locality_458,Property_Type,2.0,3672.0,474.61,0.13,1991.0,Furnished,20.0,21.0,34.0,10.0,8.0,Low,No,Yes,"Pool, Clubhouse, Garden, Playground, Gym",East,Builder,Under_Construction
2610.0,West Bengal,Durgapur,Locality_326,Property_Type,3.0,768.0,341.0,0.44,2002.0,Unfurnished,3.0,19.0,23.0,4.0,10.0,Medium,No,Yes,"Pool, Gym",West,Owner,Ready_to_Move
2611.0,Chhattisgarh,Raipur,Locality_341,Property_Type,5.0,1094.0,454.33,0.42,2020.0,Furnished,5.0,3.0,5.0,6.0,7.0,Low,Yes,No,"Playground, Garden",West,Broker,Under_Construction
2612.0,Odisha,Cuttack,Locality_415,Property_Type,4.0,2141.0,140.18,0.07,1992.0,Furnished,11.0,19.0,33.0,8.0,4.0,Medium,Yes,Yes,"Gym, Clubhouse, Playground",East,Broker,Ready_to_Move
2613.0,Gujarat,Surat,Locality_83,Property_Type,3.0,701.0,165.06,0.24,2013.0,Furnished,22.0,23.0,12.0,7.0,10.0,Medium,Yes,No,"Garden, Clubhouse, Gym",North,Builder,Under_Construction
2614.0,Chhattisgarh,Bilaspur,Locality_414,Property_Type,5.0,2250.0,462.32,0.21,2009.0,Semi-furnished,22.0,17.0,16.0,9.0,9.0,Medium,Yes,Yes,"Pool, Playground, Clubhouse",South,Builder,Under_Construction
2615.0,Karnataka,Bangalore,Locality_352,Property_Type,1.0,3636.0,328.8,0.09,2014.0,Unfurnished,22.0,9.0,11.0,1.0,6.0,Medium,Yes,Yes,Gym,East,Builder,Ready_to_Move
2616.0,Assam,Silchar,Locality_52,Property_Type,5.0,2143.0,219.79,0.1,2000.0,Furnished,2.0,20.0,25.0,8.0,2.0,Low,No,No,"Garden, Pool",West,Broker,Ready_to_Move
2617.0,Karnataka,Bangalore,Locality_285,Property_Type,5.0,1493.0,309.4,0.21,2018.0,Semi-furnished,23.0,5.0,7.0,7.0,2.0,Low,No,No,"Garden, Playground, Pool, Gym",East,Broker,Under_Construction
2618.0,Delhi,New Delhi,Locality_25,Property_Type,3.0,2732.0,266.79,0.1,2003.0,Furnished,12.0,18.0,22.0,9.0,8.0,High,No,No,Garden,East,Owner,Ready_to_Move
2619.0,Karnataka,Mangalore,Locality_478,Property_Type,5.0,2926.0,304.81,0.1,1992.0,Semi-furnished,11.0,16.0,33.0,9.0,2.0,High,Yes,Yes,"Pool, Gym, Clubhouse, Playground",South,Builder,Ready_to_Move
2620.0,Maharashtra,Pune,Locality_420,Property_Type,4.0,4742.0,418.4,0.09,2013.0,Unfurnished,18.0,23.0,12.0,10.0,3.0,High,Yes,No,"Pool, Clubhouse, Gym",North,Builder,Under_Construction
2621.0,Telangana,Warangal,Locality_253,Property_Type,3.0,2733.0,417.86,0.15,2021.0,Furnished,25.0,15.0,4.0,1.0,8.0,Low,Yes,No,"Clubhouse, Playground, Garden, Gym",South,Owner,Ready_to_Move
2622.0,West Bengal,Durgapur,Locality_286,Property_Type,4.0,3650.0,335.0,0.09,2004.0,Furnished,26.0,22.0,21.0,6.0,4.0,Medium,Yes,Yes,"Playground, Garden, Gym",East,Builder,Ready_to_Move
2623.0,Rajasthan,Jaipur,Locality_486,Property_Type,2.0,4567.0,64.9,0.01,2016.0,Semi-furnished,12.0,11.0,9.0,3.0,9.0,Low,No,Yes,Playground,West,Owner,Under_Construction
2624.0,Delhi,New Delhi,Locality_77,Property_Type,5.0,1906.0,155.66,0.08,2007.0,Unfurnished,18.0,25.0,18.0,9.0,7.0,High,Yes,No,"Playground, Gym, Clubhouse, Garden, Pool",South,Owner,Under_Construction
2625.0,West Bengal,Kolkata,Locality_363,Property_Type,1.0,2025.0,15.5,0.01,2019.0,Furnished,17.0,16.0,6.0,5.0,6.0,Medium,No,Yes,"Playground, Gym",South,Owner,Under_Construction
2626.0,Maharashtra,Nagpur,Locality_76,Property_Type,5.0,1725.0,58.83,0.03,2016.0,Semi-furnished,3.0,6.0,9.0,9.0,4.0,Medium,Yes,No,"Pool, Clubhouse, Gym",East,Builder,Ready_to_Move
2627.0,Uttar Pradesh,Lucknow,Locality_193,Property_Type,5.0,1896.0,21.81,0.01,1992.0,Furnished,4.0,16.0,33.0,1.0,9.0,High,Yes,Yes,"Pool, Garden, Playground",North,Builder,Ready_to_Move
2628.0,Assam,Silchar,Locality_490,Property_Type,5.0,1900.0,408.54,0.22,2020.0,Unfurnished,26.0,18.0,5.0,10.0,7.0,High,No,No,"Playground, Gym, Pool, Garden, Clubhouse",West,Owner,Ready_to_Move
2629.0,Bihar,Patna,Locality_373,Property_Type,3.0,4238.0,289.24,0.07,1990.0,Furnished,2.0,4.0,35.0,4.0,8.0,Medium,Yes,No,Pool,North,Broker,Under_Construction
2630.0,Madhya Pradesh,Indore,Locality_164,Property_Type,4.0,2749.0,229.47,0.08,2022.0,Semi-furnished,9.0,4.0,3.0,7.0,3.0,High,Yes,Yes,"Clubhouse, Garden, Gym",South,Broker,Ready_to_Move
2631.0,Karnataka,Mysore,Locality_446,Property_Type,2.0,3811.0,346.09,0.09,2000.0,Unfurnished,8.0,11.0,25.0,8.0,3.0,Medium,Yes,Yes,"Clubhouse, Pool",North,Broker,Under_Construction
2632.0,Uttarakhand,Haridwar,Locality_342,Property_Type,5.0,4128.0,305.46,0.07,2015.0,Furnished,26.0,11.0,10.0,1.0,3.0,Low,No,Yes,"Pool, Gym, Clubhouse",West,Builder,Ready_to_Move
2633.0,Uttarakhand,Dehradun,Locality_142,Property_Type,4.0,849.0,56.88,0.07,2001.0,Furnished,30.0,3.0,24.0,4.0,6.0,Medium,No,No,"Pool, Gym, Garden, Clubhouse",East,Broker,Ready_to_Move
2634.0,Odisha,Cuttack,Locality_355,Property_Type,2.0,3773.0,476.13,0.13,1997.0,Furnished,8.0,15.0,28.0,9.0,7.0,Medium,Yes,Yes,"Pool, Playground, Gym, Garden, Clubhouse",West,Builder,Under_Construction
2635.0,Odisha,Bhubaneswar,Locality_248,Property_Type,1.0,3025.0,196.78,0.07,2003.0,Unfurnished,20.0,24.0,22.0,8.0,8.0,Low,No,No,"Garden, Clubhouse",West,Builder,Under_Construction
2636.0,Maharashtra,Nagpur,Locality_362,Property_Type,1.0,3171.0,232.12,0.07,1999.0,Unfurnished,7.0,6.0,26.0,8.0,3.0,High,Yes,Yes,"Garden, Pool, Clubhouse, Gym, Playground",East,Builder,Ready_to_Move
2637.0,Maharashtra,Pune,Locality_28,Property_Type,4.0,1695.0,497.47,0.29,1997.0,Furnished,23.0,29.0,28.0,2.0,9.0,High,Yes,Yes,"Pool, Clubhouse",West,Owner,Ready_to_Move
2638.0,Chhattisgarh,Bilaspur,Locality_462,Property_Type,3.0,3194.0,205.78,0.06,2020.0,Unfurnished,25.0,3.0,5.0,10.0,1.0,High,Yes,No,"Clubhouse, Pool, Garden, Playground",North,Builder,Under_Construction
2639.0,Chhattisgarh,Raipur,Locality_12,Property_Type,3.0,2853.0,349.3,0.12,2020.0,Unfurnished,20.0,18.0,5.0,8.0,7.0,High,Yes,No,"Clubhouse, Pool, Gym, Playground",North,Broker,Ready_to_Move
2640.0,Telangana,Warangal,Locality_184,Property_Type,2.0,4568.0,225.77,0.05,2017.0,Semi-furnished,23.0,5.0,8.0,7.0,1.0,Medium,Yes,No,Gym,East,Builder,Under_Construction
2641.0,Maharashtra,Nagpur,Locality_169,Property_Type,4.0,4786.0,482.05,0.1,1990.0,Unfurnished,5.0,23.0,35.0,10.0,9.0,Medium,Yes,No,Gym,East,Broker,Ready_to_Move
2642.0,Maharashtra,Nagpur,Locality_353,Property_Type,1.0,1589.0,477.64,0.3,2000.0,Semi-furnished,13.0,24.0,25.0,7.0,2.0,Low,Yes,Yes,Pool,East,Builder,Ready_to_Move
2643.0,Assam,Guwahati,Locality_74,Property_Type,3.0,3431.0,300.1,0.09,2005.0,Furnished,27.0,8.0,20.0,1.0,7.0,High,Yes,No,"Gym, Clubhouse, Pool",West,Owner,Ready_to_Move
2644.0,Punjab,Ludhiana,Locality_116,Property_Type,4.0,1288.0,387.55,0.3,1990.0,Semi-furnished,1.0,26.0,35.0,9.0,1.0,Low,Yes,No,"Playground, Garden, Pool",East,Owner,Ready_to_Move
2645.0,Chhattisgarh,Bilaspur,Locality_15,Property_Type,5.0,4914.0,98.62,0.02,2015.0,Unfurnished,6.0,17.0,10.0,10.0,3.0,Low,Yes,No,"Gym, Playground, Clubhouse, Pool, Garden",West,Owner,Ready_to_Move
2646.0,Kerala,Trivandrum,Locality_211,Property_Type,5.0,2990.0,127.95,0.04,2012.0,Unfurnished,14.0,6.0,13.0,10.0,1.0,High,No,No,"Clubhouse, Pool, Playground",North,Builder,Under_Construction
2647.0,Maharashtra,Pune,Locality_33,Property_Type,4.0,1564.0,224.82,0.14,1995.0,Furnished,13.0,9.0,30.0,8.0,10.0,High,Yes,Yes,Clubhouse,East,Broker,Ready_to_Move
2648.0,Assam,Silchar,Locality_158,Property_Type,4.0,4916.0,262.62,0.05,1995.0,Semi-furnished,20.0,30.0,30.0,9.0,5.0,Low,No,No,"Playground, Clubhouse",East,Owner,Under_Construction
2649.0,Telangana,Warangal,Locality_372,Property_Type,4.0,2753.0,159.19,0.06,2007.0,Semi-furnished,19.0,22.0,18.0,3.0,5.0,Medium,No,No,"Clubhouse, Playground, Gym",West,Owner,Ready_to_Move
2650.0,Gujarat,Ahmedabad,Locality_108,Property_Type,3.0,3717.0,32.51,0.01,2020.0,Furnished,21.0,11.0,5.0,6.0,8.0,High,Yes,Yes,"Garden, Playground, Gym, Clubhouse",West,Builder,Under_Construction
2651.0,Tamil Nadu,Coimbatore,Locality_154,Property_Type,4.0,3687.0,26.1,0.01,2009.0,Semi-furnished,6.0,20.0,16.0,7.0,5.0,High,No,No,"Garden, Gym, Clubhouse",North,Builder,Ready_to_Move
2652.0,Tamil Nadu,Coimbatore,Locality_313,Property_Type,5.0,2080.0,208.69,0.1,2002.0,Semi-furnished,18.0,6.0,23.0,3.0,4.0,Low,No,Yes,"Garden, Pool, Playground, Clubhouse, Gym",South,Owner,Ready_to_Move
2653.0,Assam,Silchar,Locality_88,Property_Type,3.0,4166.0,346.61,0.08,2002.0,Semi-furnished,9.0,7.0,23.0,2.0,4.0,High,No,Yes,"Clubhouse, Garden, Pool",West,Owner,Ready_to_Move
2654.0,West Bengal,Durgapur,Locality_50,Property_Type,2.0,2444.0,165.9,0.07,2011.0,Furnished,8.0,15.0,14.0,8.0,5.0,Medium,No,Yes,"Garden, Playground",North,Builder,Ready_to_Move
2655.0,Rajasthan,Jodhpur,Locality_273,Property_Type,3.0,4012.0,407.2,0.1,2006.0,Unfurnished,3.0,25.0,19.0,9.0,4.0,High,Yes,No,Clubhouse,South,Builder,Ready_to_Move
2656.0,Uttar Pradesh,Noida,Locality_407,Property_Type,1.0,765.0,325.58,0.43,1994.0,Furnished,25.0,28.0,31.0,1.0,5.0,High,No,Yes,"Pool, Playground, Clubhouse, Garden, Gym",South,Broker,Under_Construction
2657.0,Uttarakhand,Haridwar,Locality_308,Property_Type,5.0,3209.0,62.57,0.02,2007.0,Furnished,16.0,29.0,18.0,8.0,5.0,Low,No,No,"Playground, Clubhouse, Pool, Gym, Garden",West,Broker,Ready_to_Move
2658.0,Assam,Silchar,Locality_24,Property_Type,4.0,1441.0,478.34,0.33,2005.0,Furnished,4.0,17.0,20.0,8.0,4.0,High,No,No,Clubhouse,West,Builder,Under_Construction
2659.0,Punjab,Ludhiana,Locality_24,Property_Type,2.0,4299.0,348.35,0.08,2014.0,Unfurnished,26.0,8.0,11.0,3.0,9.0,Low,Yes,No,"Playground, Clubhouse, Gym, Pool",North,Builder,Under_Construction
2660.0,Madhya Pradesh,Indore,Locality_67,Property_Type,5.0,4277.0,302.01,0.07,2018.0,Furnished,22.0,10.0,7.0,5.0,4.0,Medium,Yes,Yes,"Clubhouse, Pool, Gym, Garden",North,Builder,Ready_to_Move
2661.0,Punjab,Amritsar,Locality_210,Property_Type,2.0,4910.0,371.0,0.08,2014.0,Unfurnished,22.0,11.0,11.0,1.0,8.0,Medium,Yes,No,"Pool, Clubhouse",West,Broker,Ready_to_Move
2662.0,Andhra Pradesh,Vishakhapatnam,Locality_85,Property_Type,5.0,3368.0,24.33,0.01,2012.0,Furnished,9.0,5.0,13.0,4.0,6.0,Low,Yes,No,"Gym, Playground, Clubhouse, Pool",West,Builder,Under_Construction
2663.0,Delhi,Dwarka,Locality_403,Property_Type,1.0,4480.0,462.04,0.1,1997.0,Semi-furnished,13.0,21.0,28.0,2.0,3.0,High,No,Yes,Gym,East,Owner,Under_Construction
2664.0,Madhya Pradesh,Bhopal,Locality_211,Property_Type,5.0,4085.0,349.03,0.09,2010.0,Furnished,16.0,1.0,15.0,8.0,9.0,Low,Yes,Yes,"Playground, Garden, Pool, Gym, Clubhouse",East,Builder,Ready_to_Move
2665.0,Andhra Pradesh,Vishakhapatnam,Locality_137,Property_Type,4.0,4795.0,98.92,0.02,2019.0,Furnished,18.0,18.0,6.0,2.0,8.0,Low,No,Yes,"Garden, Gym",East,Owner,Ready_to_Move
2666.0,Bihar,Gaya,Locality_300,Property_Type,1.0,1755.0,177.23,0.1,1994.0,Unfurnished,9.0,2.0,31.0,10.0,4.0,Low,No,No,"Garden, Clubhouse, Playground, Pool, Gym",North,Builder,Ready_to_Move
2667.0,Jharkhand,Jamshedpur,Locality_161,Property_Type,3.0,2986.0,221.66,0.07,2005.0,Semi-furnished,10.0,28.0,20.0,6.0,5.0,Medium,No,Yes,Garden,West,Owner,Under_Construction
2668.0,Rajasthan,Jodhpur,Locality_225,Property_Type,5.0,1454.0,466.4,0.32,1996.0,Semi-furnished,12.0,13.0,29.0,1.0,5.0,Low,Yes,No,"Pool, Garden",East,Broker,Under_Construction
2669.0,Rajasthan,Jodhpur,Locality_95,Property_Type,5.0,3269.0,345.23,0.11,1990.0,Unfurnished,30.0,10.0,35.0,10.0,9.0,High,Yes,Yes,Garden,South,Broker,Ready_to_Move
2670.0,Kerala,Trivandrum,Locality_6,Property_Type,2.0,4108.0,29.11,0.01,1993.0,Unfurnished,15.0,2.0,32.0,10.0,5.0,Medium,No,Yes,"Gym, Garden, Clubhouse, Playground, Pool",West,Owner,Under_Construction
2671.0,Delhi,Dwarka,Locality_398,Property_Type,4.0,1629.0,229.59,0.14,2018.0,Semi-furnished,23.0,26.0,7.0,9.0,8.0,Medium,No,Yes,"Pool, Playground",South,Builder,Ready_to_Move
2672.0,Karnataka,Bangalore,Locality_109,Property_Type,4.0,4225.0,305.5,0.07,2004.0,Unfurnished,18.0,27.0,21.0,6.0,6.0,Medium,Yes,No,"Playground, Clubhouse",North,Builder,Under_Construction
2673.0,Delhi,New Delhi,Locality_372,Property_Type,5.0,3525.0,193.7,0.05,2021.0,Semi-furnished,28.0,17.0,4.0,8.0,3.0,Low,No,No,"Pool, Gym, Garden",North,Broker,Ready_to_Move
2674.0,Andhra Pradesh,Vijayawada,Locality_268,Property_Type,4.0,1173.0,315.26,0.27,2018.0,Furnished,27.0,17.0,7.0,6.0,8.0,Low,Yes,Yes,Clubhouse,South,Owner,Under_Construction
2675.0,Andhra Pradesh,Vishakhapatnam,Locality_232,Property_Type,4.0,4452.0,338.32,0.08,1992.0,Furnished,19.0,3.0,33.0,4.0,3.0,Low,Yes,No,"Gym, Clubhouse, Playground",West,Builder,Under_Construction
2676.0,Andhra Pradesh,Vijayawada,Locality_264,Property_Type,1.0,2039.0,110.73,0.05,2006.0,Unfurnished,3.0,25.0,19.0,6.0,6.0,Medium,No,No,"Gym, Playground",North,Owner,Under_Construction
2677.0,Chhattisgarh,Raipur,Locality_10,Property_Type,3.0,700.0,29.94,0.04,2006.0,Unfurnished,10.0,14.0,19.0,1.0,2.0,High,Yes,No,"Clubhouse, Playground, Pool",South,Builder,Under_Construction
2678.0,Odisha,Cuttack,Locality_146,Property_Type,3.0,1255.0,284.69,0.23,2013.0,Unfurnished,18.0,18.0,12.0,3.0,3.0,High,No,No,Pool,East,Broker,Under_Construction
2679.0,Karnataka,Mysore,Locality_458,Property_Type,2.0,1121.0,156.03,0.14,2003.0,Semi-furnished,18.0,11.0,22.0,9.0,8.0,Medium,No,No,Pool,West,Builder,Under_Construction
2680.0,Maharashtra,Nagpur,Locality_340,Property_Type,2.0,4158.0,413.05,0.1,2014.0,Furnished,25.0,15.0,11.0,3.0,6.0,High,Yes,No,"Clubhouse, Garden, Pool, Playground",North,Owner,Ready_to_Move
2681.0,Gujarat,Ahmedabad,Locality_13,Property_Type,1.0,3078.0,394.94,0.13,2011.0,Unfurnished,21.0,13.0,14.0,5.0,6.0,High,Yes,No,"Garden, Pool",West,Builder,Ready_to_Move
2682.0,Delhi,New Delhi,Locality_49,Property_Type,2.0,3453.0,85.66,0.02,1996.0,Semi-furnished,14.0,29.0,29.0,3.0,5.0,Medium,No,No,"Clubhouse, Pool",West,Builder,Under_Construction
2683.0,Odisha,Cuttack,Locality_216,Property_Type,2.0,2838.0,260.84,0.09,2016.0,Unfurnished,13.0,14.0,9.0,7.0,4.0,High,Yes,Yes,"Playground, Gym, Pool, Garden, Clubhouse",West,Broker,Ready_to_Move
2684.0,Telangana,Hyderabad,Locality_124,Property_Type,3.0,2809.0,170.31,0.06,1996.0,Furnished,4.0,28.0,29.0,3.0,4.0,High,Yes,No,Playground,North,Broker,Under_Construction
2685.0,Haryana,Gurgaon,Locality_33,Property_Type,3.0,1171.0,88.12,0.08,2014.0,Furnished,23.0,11.0,11.0,8.0,6.0,High,No,Yes,"Gym, Clubhouse, Garden, Playground",West,Owner,Under_Construction
2686.0,Jharkhand,Jamshedpur,Locality_254,Property_Type,5.0,2652.0,201.17,0.08,2002.0,Furnished,26.0,19.0,23.0,9.0,2.0,Low,No,Yes,"Gym, Pool, Garden, Playground, Clubhouse",South,Builder,Under_Construction
2687.0,Tamil Nadu,Coimbatore,Locality_25,Property_Type,2.0,2868.0,238.38,0.08,2017.0,Semi-furnished,11.0,25.0,8.0,9.0,5.0,High,No,Yes,"Garden, Pool, Clubhouse",West,Builder,Under_Construction
2688.0,Assam,Silchar,Locality_266,Property_Type,2.0,2533.0,392.3,0.15,2018.0,Furnished,12.0,8.0,7.0,5.0,7.0,Medium,No,Yes,"Clubhouse, Playground, Pool",North,Owner,Ready_to_Move
2689.0,Karnataka,Mysore,Locality_404,Property_Type,1.0,1507.0,62.27,0.04,2009.0,Unfurnished,4.0,24.0,16.0,9.0,5.0,High,Yes,No,"Playground, Clubhouse, Pool, Garden, Gym",North,Builder,Ready_to_Move
2690.0,Rajasthan,Jaipur,Locality_195,Property_Type,2.0,2458.0,314.99,0.13,2005.0,Furnished,24.0,12.0,20.0,5.0,9.0,High,Yes,Yes,"Playground, Clubhouse, Gym, Garden, Pool",East,Builder,Under_Construction
2691.0,Uttar Pradesh,Noida,Locality_89,Property_Type,3.0,1298.0,479.25,0.37,1990.0,Unfurnished,22.0,19.0,35.0,3.0,2.0,Medium,Yes,No,"Garden, Gym, Pool, Playground, Clubhouse",West,Builder,Ready_to_Move
2692.0,Jharkhand,Ranchi,Locality_67,Property_Type,4.0,2378.0,151.32,0.06,1995.0,Semi-furnished,6.0,2.0,30.0,9.0,3.0,Low,Yes,No,"Clubhouse, Playground, Pool, Gym, Garden",North,Owner,Ready_to_Move
2693.0,Odisha,Bhubaneswar,Locality_459,Property_Type,2.0,4313.0,399.53,0.09,2013.0,Semi-furnished,12.0,6.0,12.0,4.0,8.0,Low,Yes,No,"Clubhouse, Playground, Gym",East,Owner,Ready_to_Move
2694.0,Punjab,Ludhiana,Locality_200,Property_Type,2.0,4831.0,160.4,0.03,1993.0,Furnished,16.0,30.0,32.0,1.0,8.0,Low,No,No,"Playground, Pool, Garden, Clubhouse, Gym",West,Broker,Ready_to_Move
2695.0,Karnataka,Mysore,Locality_481,Property_Type,4.0,3983.0,326.36,0.08,2021.0,Furnished,11.0,18.0,4.0,1.0,8.0,Low,Yes,No,Clubhouse,West,Owner,Ready_to_Move
2696.0,Delhi,New Delhi,Locality_4,Property_Type,5.0,1966.0,10.32,0.01,2020.0,Furnished,30.0,14.0,5.0,5.0,6.0,High,No,No,"Playground, Clubhouse, Pool, Garden",South,Broker,Under_Construction
2697.0,Punjab,Amritsar,Locality_293,Property_Type,2.0,1656.0,42.04,0.03,2002.0,Furnished,23.0,6.0,23.0,2.0,5.0,Medium,No,No,"Gym, Garden, Playground, Pool, Clubhouse",West,Owner,Ready_to_Move
2698.0,Chhattisgarh,Raipur,Locality_499,Property_Type,3.0,1828.0,198.92,0.11,2013.0,Furnished,22.0,23.0,12.0,1.0,1.0,High,No,Yes,Garden,South,Owner,Under_Construction
2699.0,Jharkhand,Jamshedpur,Locality_189,Property_Type,5.0,3060.0,493.93,0.16,2010.0,Semi-furnished,24.0,25.0,15.0,8.0,4.0,Low,No,Yes,"Clubhouse, Playground, Garden",North,Broker,Ready_to_Move
2700.0,Karnataka,Mysore,Locality_201,Property_Type,5.0,3505.0,59.65,0.02,2020.0,Furnished,2.0,9.0,5.0,1.0,1.0,Medium,No,Yes,"Gym, Playground",South,Builder,Ready_to_Move
2701.0,Gujarat,Ahmedabad,Locality_248,Property_Type,2.0,2464.0,91.16,0.04,2018.0,Furnished,9.0,28.0,7.0,7.0,1.0,Medium,Yes,No,Playground,North,Owner,Under_Construction
2702.0,Haryana,Gurgaon,Locality_430,Property_Type,5.0,1311.0,166.18,0.13,1996.0,Unfurnished,18.0,20.0,29.0,7.0,6.0,Low,Yes,No,"Garden, Pool, Playground, Gym",West,Owner,Ready_to_Move
2703.0,Maharashtra,Mumbai,Locality_413,Property_Type,2.0,1073.0,31.34,0.03,2002.0,Furnished,15.0,6.0,23.0,3.0,5.0,Medium,No,No,"Playground, Garden, Clubhouse, Pool",East,Builder,Ready_to_Move
2704.0,Uttar Pradesh,Noida,Locality_20,Property_Type,3.0,903.0,175.34,0.19,1991.0,Furnished,30.0,26.0,34.0,6.0,2.0,Low,No,Yes,"Garden, Playground, Pool, Gym",North,Owner,Under_Construction
2705.0,Jharkhand,Ranchi,Locality_226,Property_Type,5.0,3391.0,152.03,0.04,1996.0,Furnished,26.0,8.0,29.0,3.0,7.0,High,Yes,No,"Clubhouse, Pool, Playground",East,Builder,Under_Construction
2706.0,West Bengal,Durgapur,Locality_121,Property_Type,4.0,2318.0,225.14,0.1,1990.0,Furnished,6.0,11.0,35.0,2.0,8.0,Medium,Yes,No,Pool,South,Owner,Under_Construction
2707.0,Andhra Pradesh,Vishakhapatnam,Locality_453,Property_Type,1.0,2544.0,153.85,0.06,1996.0,Furnished,12.0,23.0,29.0,8.0,3.0,High,Yes,Yes,Playground,South,Builder,Under_Construction
2708.0,Delhi,Dwarka,Locality_14,Property_Type,4.0,4280.0,462.96,0.11,1993.0,Unfurnished,16.0,26.0,32.0,3.0,1.0,Low,No,No,"Pool, Gym, Playground",North,Builder,Ready_to_Move
2709.0,Kerala,Trivandrum,Locality_398,Property_Type,2.0,636.0,303.16,0.48,1993.0,Unfurnished,27.0,26.0,32.0,2.0,9.0,Medium,Yes,No,"Playground, Garden, Gym, Clubhouse",East,Builder,Under_Construction
2710.0,Gujarat,Surat,Locality_149,Property_Type,5.0,2507.0,73.64,0.03,1994.0,Furnished,1.0,23.0,31.0,9.0,2.0,Low,No,Yes,"Gym, Playground, Clubhouse",East,Owner,Ready_to_Move
2711.0,Jharkhand,Ranchi,Locality_13,Property_Type,1.0,4597.0,437.21,0.1,1995.0,Unfurnished,9.0,2.0,30.0,3.0,10.0,Medium,No,Yes,Clubhouse,South,Owner,Ready_to_Move
2712.0,Rajasthan,Jaipur,Locality_175,Property_Type,3.0,3682.0,472.25,0.13,2005.0,Semi-furnished,25.0,23.0,20.0,5.0,3.0,Medium,No,Yes,"Pool, Playground, Garden",South,Owner,Under_Construction
2713.0,Jharkhand,Jamshedpur,Locality_258,Property_Type,4.0,828.0,374.94,0.45,1997.0,Unfurnished,25.0,4.0,28.0,7.0,1.0,Medium,No,Yes,"Clubhouse, Pool, Playground",South,Builder,Under_Construction
2714.0,Andhra Pradesh,Vishakhapatnam,Locality_61,Property_Type,5.0,3975.0,239.55,0.06,2015.0,Semi-furnished,20.0,20.0,10.0,8.0,7.0,Low,No,No,"Clubhouse, Playground",South,Owner,Under_Construction
2715.0,Chhattisgarh,Raipur,Locality_158,Property_Type,5.0,555.0,144.15,0.26,2021.0,Semi-furnished,12.0,4.0,4.0,3.0,9.0,Medium,Yes,Yes,"Gym, Clubhouse",South,Builder,Ready_to_Move
2716.0,Haryana,Gurgaon,Locality_187,Property_Type,3.0,651.0,211.53,0.32,2018.0,Unfurnished,26.0,3.0,7.0,6.0,6.0,High,Yes,No,"Pool, Clubhouse, Garden, Gym",South,Broker,Under_Construction
2717.0,Andhra Pradesh,Vijayawada,Locality_245,Property_Type,1.0,1343.0,394.47,0.29,2019.0,Furnished,6.0,6.0,6.0,8.0,9.0,Low,Yes,Yes,"Garden, Clubhouse",East,Builder,Under_Construction
2718.0,West Bengal,Durgapur,Locality_185,Property_Type,1.0,2331.0,195.28,0.08,2001.0,Unfurnished,11.0,29.0,24.0,3.0,6.0,Medium,No,Yes,"Garden, Pool, Clubhouse, Gym, Playground",East,Owner,Under_Construction
2719.0,Delhi,Dwarka,Locality_37,Property_Type,4.0,2421.0,293.85,0.12,1994.0,Unfurnished,8.0,1.0,31.0,8.0,5.0,Medium,No,No,Clubhouse,South,Builder,Under_Construction
2720.0,Assam,Guwahati,Locality_124,Property_Type,4.0,3530.0,487.51,0.14,2017.0,Semi-furnished,7.0,16.0,8.0,10.0,2.0,Medium,No,Yes,Gym,West,Owner,Under_Construction
2721.0,Madhya Pradesh,Bhopal,Locality_277,Property_Type,4.0,3693.0,450.56,0.12,2011.0,Semi-furnished,14.0,29.0,14.0,2.0,10.0,Low,Yes,Yes,"Playground, Garden",East,Owner,Ready_to_Move
2722.0,Karnataka,Mysore,Locality_400,Property_Type,2.0,4360.0,276.7,0.06,1998.0,Semi-furnished,0.0,19.0,27.0,6.0,10.0,Low,No,No,"Pool, Playground, Clubhouse",South,Broker,Under_Construction
2723.0,Tamil Nadu,Chennai,Locality_482,Property_Type,5.0,3305.0,388.34,0.12,2000.0,Furnished,16.0,25.0,25.0,4.0,9.0,Medium,Yes,No,"Clubhouse, Garden, Pool",North,Builder,Ready_to_Move
2724.0,Telangana,Warangal,Locality_480,Property_Type,1.0,1721.0,279.17,0.16,2023.0,Unfurnished,10.0,4.0,2.0,4.0,8.0,Medium,Yes,Yes,"Clubhouse, Playground, Gym, Pool, Garden",South,Owner,Ready_to_Move
2725.0,Rajasthan,Jaipur,Locality_266,Property_Type,2.0,3993.0,295.34,0.07,2015.0,Furnished,13.0,15.0,10.0,8.0,7.0,High,No,No,"Gym, Playground, Clubhouse, Pool",West,Broker,Under_Construction
2726.0,Delhi,New Delhi,Locality_360,Property_Type,1.0,2897.0,40.64,0.01,1993.0,Semi-furnished,28.0,7.0,32.0,4.0,3.0,High,No,Yes,"Clubhouse, Garden, Gym",West,Broker,Under_Construction
2727.0,Haryana,Gurgaon,Locality_267,Property_Type,2.0,4157.0,248.86,0.06,1991.0,Unfurnished,21.0,29.0,34.0,7.0,2.0,Medium,No,No,"Gym, Pool, Clubhouse, Playground, Garden",South,Builder,Under_Construction
2728.0,Uttarakhand,Dehradun,Locality_344,Property_Type,5.0,1832.0,70.2,0.04,2005.0,Unfurnished,15.0,30.0,20.0,10.0,2.0,High,No,No,"Clubhouse, Playground, Pool, Garden",West,Broker,Under_Construction
2729.0,Uttarakhand,Dehradun,Locality_473,Property_Type,3.0,4283.0,128.82,0.03,2016.0,Unfurnished,30.0,19.0,9.0,7.0,10.0,High,Yes,Yes,"Garden, Clubhouse, Playground, Pool",East,Builder,Ready_to_Move
2730.0,Uttarakhand,Haridwar,Locality_378,Property_Type,2.0,3264.0,47.47,0.01,2009.0,Unfurnished,3.0,30.0,16.0,2.0,1.0,Medium,Yes,Yes,"Garden, Clubhouse, Pool, Playground, Gym",West,Builder,Under_Construction
2731.0,Andhra Pradesh,Vijayawada,Locality_420,Property_Type,5.0,625.0,262.66,0.42,2009.0,Semi-furnished,20.0,14.0,16.0,4.0,5.0,High,No,Yes,"Gym, Pool, Playground",West,Builder,Under_Construction
2732.0,Haryana,Faridabad,Locality_182,Property_Type,5.0,1836.0,477.95,0.26,2014.0,Semi-furnished,7.0,11.0,11.0,8.0,9.0,Low,Yes,No,"Gym, Clubhouse",East,Owner,Under_Construction
2733.0,Maharashtra,Pune,Locality_30,Property_Type,1.0,671.0,189.5,0.28,2009.0,Unfurnished,11.0,15.0,16.0,10.0,3.0,High,Yes,No,"Gym, Garden, Playground, Clubhouse",East,Owner,Under_Construction
2734.0,Punjab,Ludhiana,Locality_224,Property_Type,2.0,1000.0,149.03,0.15,1999.0,Furnished,30.0,29.0,26.0,7.0,7.0,High,Yes,Yes,"Garden, Pool, Clubhouse, Gym, Playground",North,Builder,Ready_to_Move
2735.0,Bihar,Gaya,Locality_357,Property_Type,5.0,2938.0,440.11,0.15,2016.0,Furnished,26.0,23.0,9.0,7.0,2.0,High,No,Yes,Clubhouse,North,Builder,Ready_to_Move
2736.0,Odisha,Cuttack,Locality_40,Property_Type,1.0,3665.0,325.69,0.09,2006.0,Semi-furnished,10.0,21.0,19.0,1.0,3.0,Low,Yes,No,"Clubhouse, Gym",North,Broker,Ready_to_Move
2737.0,Rajasthan,Jodhpur,Locality_226,Property_Type,3.0,2557.0,41.54,0.02,1997.0,Semi-furnished,25.0,12.0,28.0,7.0,10.0,Low,No,No,"Playground, Pool, Gym, Clubhouse",South,Builder,Ready_to_Move
2738.0,Madhya Pradesh,Bhopal,Locality_226,Property_Type,2.0,4392.0,294.03,0.07,1993.0,Furnished,21.0,19.0,32.0,1.0,3.0,Low,Yes,No,Playground,South,Builder,Ready_to_Move
2739.0,Chhattisgarh,Raipur,Locality_213,Property_Type,4.0,3696.0,265.63,0.07,2004.0,Furnished,27.0,12.0,21.0,6.0,7.0,High,Yes,Yes,Playground,East,Broker,Ready_to_Move
2740.0,Andhra Pradesh,Vishakhapatnam,Locality_86,Property_Type,4.0,1407.0,435.79,0.31,2014.0,Unfurnished,30.0,14.0,11.0,7.0,7.0,Low,Yes,No,"Playground, Garden, Clubhouse",East,Owner,Ready_to_Move
2741.0,Telangana,Hyderabad,Locality_292,Property_Type,5.0,3681.0,405.59,0.11,2023.0,Semi-furnished,12.0,19.0,2.0,5.0,6.0,High,No,Yes,"Playground, Garden",East,Broker,Ready_to_Move
2742.0,Gujarat,Surat,Locality_349,Property_Type,3.0,3972.0,329.93,0.08,2012.0,Unfurnished,14.0,1.0,13.0,6.0,7.0,Low,No,Yes,Clubhouse,East,Broker,Under_Construction
2743.0,Jharkhand,Ranchi,Locality_443,Property_Type,1.0,1976.0,126.1,0.06,2009.0,Unfurnished,22.0,5.0,16.0,5.0,3.0,Low,No,No,Gym,South,Owner,Under_Construction
2744.0,Andhra Pradesh,Vishakhapatnam,Locality_67,Property_Type,2.0,4201.0,58.99,0.01,2008.0,Unfurnished,17.0,28.0,17.0,5.0,3.0,High,Yes,No,"Clubhouse, Playground, Garden, Pool, Gym",West,Owner,Ready_to_Move
2745.0,Delhi,New Delhi,Locality_279,Property_Type,1.0,2802.0,241.95,0.09,2015.0,Semi-furnished,5.0,26.0,10.0,10.0,3.0,High,No,Yes,"Garden, Pool, Clubhouse, Playground, Gym",East,Broker,Under_Construction
2746.0,Uttarakhand,Haridwar,Locality_339,Property_Type,1.0,4740.0,284.59,0.06,2000.0,Semi-furnished,22.0,12.0,25.0,3.0,6.0,Low,Yes,Yes,"Garden, Gym, Clubhouse, Playground",West,Owner,Under_Construction
2747.0,Kerala,Trivandrum,Locality_461,Property_Type,2.0,3740.0,421.49,0.11,2022.0,Unfurnished,9.0,24.0,3.0,5.0,2.0,High,No,No,"Playground, Pool, Garden, Gym, Clubhouse",North,Builder,Ready_to_Move
2748.0,Rajasthan,Jodhpur,Locality_405,Property_Type,1.0,846.0,119.76,0.14,2006.0,Semi-furnished,8.0,23.0,19.0,6.0,7.0,High,Yes,Yes,"Clubhouse, Playground",North,Builder,Under_Construction
2749.0,Delhi,New Delhi,Locality_453,Property_Type,4.0,1790.0,490.62,0.27,2021.0,Semi-furnished,21.0,21.0,4.0,7.0,7.0,Low,No,No,Garden,West,Builder,Ready_to_Move
2750.0,Delhi,Dwarka,Locality_201,Property_Type,4.0,678.0,432.77,0.64,1996.0,Semi-furnished,10.0,20.0,29.0,1.0,10.0,Low,No,Yes,"Pool, Playground, Garden, Gym",East,Owner,Under_Construction
2751.0,Punjab,Ludhiana,Locality_22,Property_Type,5.0,3049.0,197.51,0.06,1999.0,Unfurnished,4.0,27.0,26.0,9.0,7.0,Medium,No,Yes,"Playground, Garden",West,Broker,Under_Construction
2752.0,West Bengal,Durgapur,Locality_465,Property_Type,3.0,2444.0,416.88,0.17,2013.0,Semi-furnished,10.0,23.0,12.0,2.0,8.0,Low,Yes,Yes,"Garden, Playground, Pool, Clubhouse",South,Builder,Ready_to_Move
2753.0,Andhra Pradesh,Vijayawada,Locality_141,Property_Type,3.0,2146.0,327.18,0.15,1996.0,Furnished,17.0,12.0,29.0,8.0,9.0,Low,No,No,"Pool, Gym",South,Builder,Under_Construction
2754.0,West Bengal,Durgapur,Locality_441,Property_Type,3.0,3177.0,252.19,0.08,2013.0,Furnished,28.0,30.0,12.0,3.0,9.0,High,Yes,No,"Clubhouse, Gym, Pool",West,Owner,Under_Construction
2755.0,Andhra Pradesh,Vijayawada,Locality_397,Property_Type,3.0,2368.0,127.88,0.05,2005.0,Furnished,21.0,22.0,20.0,3.0,9.0,Low,No,No,"Pool, Gym",South,Builder,Ready_to_Move
2756.0,Haryana,Faridabad,Locality_348,Property_Type,2.0,3911.0,20.87,0.01,1995.0,Semi-furnished,11.0,26.0,30.0,9.0,1.0,Medium,No,No,"Clubhouse, Garden, Playground, Pool",North,Broker,Under_Construction
2757.0,Madhya Pradesh,Bhopal,Locality_496,Property_Type,5.0,1542.0,106.1,0.07,2011.0,Furnished,26.0,23.0,14.0,6.0,3.0,Low,No,Yes,"Playground, Gym, Garden, Clubhouse, Pool",South,Broker,Under_Construction
2758.0,Tamil Nadu,Chennai,Locality_60,Property_Type,2.0,4211.0,190.97,0.05,2003.0,Unfurnished,11.0,24.0,22.0,10.0,10.0,High,No,No,"Playground, Garden, Clubhouse, Pool, Gym",South,Builder,Under_Construction
2759.0,Delhi,New Delhi,Locality_416,Property_Type,2.0,874.0,464.35,0.53,2009.0,Furnished,26.0,20.0,16.0,8.0,4.0,Low,Yes,No,"Gym, Clubhouse, Garden, Pool, Playground",North,Owner,Ready_to_Move
2760.0,Maharashtra,Nagpur,Locality_58,Property_Type,3.0,3136.0,292.31,0.09,2003.0,Furnished,29.0,12.0,22.0,5.0,8.0,Low,Yes,Yes,"Garden, Playground, Pool, Clubhouse",North,Builder,Under_Construction
2761.0,Kerala,Trivandrum,Locality_477,Property_Type,5.0,4519.0,249.36,0.06,1990.0,Semi-furnished,17.0,30.0,35.0,8.0,9.0,Medium,No,Yes,Playground,East,Builder,Ready_to_Move
2762.0,Bihar,Patna,Locality_370,Property_Type,4.0,4571.0,410.63,0.09,2009.0,Furnished,17.0,21.0,16.0,3.0,5.0,Low,Yes,No,Playground,West,Builder,Ready_to_Move
2763.0,Madhya Pradesh,Bhopal,Locality_357,Property_Type,4.0,2899.0,59.97,0.02,2023.0,Furnished,0.0,16.0,2.0,9.0,6.0,Low,Yes,No,"Gym, Garden, Clubhouse, Pool, Playground",East,Owner,Ready_to_Move
2764.0,Punjab,Ludhiana,Locality_216,Property_Type,5.0,1654.0,293.03,0.18,2019.0,Furnished,22.0,5.0,6.0,5.0,8.0,Low,No,Yes,"Gym, Garden, Pool, Playground",South,Builder,Under_Construction
2765.0,Tamil Nadu,Chennai,Locality_20,Property_Type,5.0,3630.0,205.65,0.06,2018.0,Unfurnished,9.0,9.0,7.0,9.0,9.0,Medium,Yes,Yes,"Playground, Garden, Clubhouse, Gym, Pool",North,Broker,Ready_to_Move
2766.0,West Bengal,Kolkata,Locality_204,Property_Type,2.0,1992.0,62.31,0.03,2019.0,Semi-furnished,23.0,30.0,6.0,7.0,4.0,High,Yes,No,"Pool, Playground, Garden, Clubhouse, Gym",East,Owner,Ready_to_Move
2767.0,Delhi,Dwarka,Locality_230,Property_Type,3.0,659.0,67.0,0.1,2001.0,Furnished,5.0,6.0,24.0,1.0,4.0,Low,No,Yes,"Pool, Playground, Clubhouse, Garden",South,Builder,Ready_to_Move
2768.0,Gujarat,Ahmedabad,Locality_164,Property_Type,2.0,4545.0,314.42,0.07,2013.0,Furnished,17.0,19.0,12.0,5.0,10.0,Low,Yes,No,Clubhouse,East,Builder,Ready_to_Move
2769.0,Telangana,Warangal,Locality_24,Property_Type,3.0,1446.0,32.24,0.02,1991.0,Furnished,12.0,17.0,34.0,8.0,1.0,Low,No,No,"Clubhouse, Playground, Pool, Gym",East,Builder,Under_Construction
2770.0,Bihar,Patna,Locality_385,Property_Type,3.0,2054.0,464.49,0.23,2017.0,Semi-furnished,2.0,29.0,8.0,8.0,4.0,High,No,No,"Playground, Clubhouse, Gym, Pool",East,Builder,Ready_to_Move
2771.0,Chhattisgarh,Raipur,Locality_153,Property_Type,4.0,4860.0,165.46,0.03,2001.0,Unfurnished,22.0,19.0,24.0,7.0,10.0,Low,Yes,No,Pool,West,Builder,Under_Construction
2772.0,Chhattisgarh,Bilaspur,Locality_68,Property_Type,1.0,4926.0,278.58,0.06,2000.0,Semi-furnished,4.0,4.0,25.0,3.0,8.0,High,Yes,No,Clubhouse,North,Owner,Ready_to_Move
2773.0,Assam,Silchar,Locality_64,Property_Type,4.0,2432.0,346.52,0.14,2015.0,Semi-furnished,2.0,9.0,10.0,8.0,5.0,Low,No,No,"Clubhouse, Garden, Playground",West,Owner,Under_Construction
2774.0,Telangana,Warangal,Locality_486,Property_Type,3.0,2038.0,267.99,0.13,2002.0,Semi-furnished,7.0,13.0,23.0,9.0,4.0,Medium,No,Yes,Pool,East,Broker,Under_Construction
2775.0,Tamil Nadu,Coimbatore,Locality_289,Property_Type,5.0,4493.0,342.59,0.08,1991.0,Furnished,17.0,10.0,34.0,8.0,3.0,High,Yes,No,"Gym, Pool, Garden, Playground",East,Broker,Under_Construction
2776.0,Maharashtra,Pune,Locality_391,Property_Type,3.0,3188.0,259.99,0.08,1994.0,Unfurnished,16.0,10.0,31.0,8.0,10.0,Low,Yes,No,"Clubhouse, Garden, Playground, Gym",East,Broker,Ready_to_Move
2777.0,Delhi,Dwarka,Locality_50,Property_Type,4.0,4380.0,262.71,0.06,2022.0,Unfurnished,5.0,5.0,3.0,7.0,3.0,Medium,No,Yes,"Garden, Gym, Playground, Pool, Clubhouse",West,Owner,Under_Construction
2778.0,Madhya Pradesh,Bhopal,Locality_245,Property_Type,5.0,4992.0,177.06,0.04,2019.0,Semi-furnished,26.0,19.0,6.0,1.0,7.0,Low,Yes,Yes,Gym,North,Builder,Ready_to_Move
2779.0,Chhattisgarh,Bilaspur,Locality_274,Property_Type,3.0,1647.0,230.2,0.14,2001.0,Furnished,4.0,10.0,24.0,5.0,2.0,High,Yes,No,Pool,North,Broker,Under_Construction
2780.0,Delhi,Dwarka,Locality_78,Property_Type,1.0,3658.0,382.76,0.1,2000.0,Unfurnished,27.0,12.0,25.0,6.0,10.0,High,Yes,No,Pool,East,Broker,Under_Construction
2781.0,Uttarakhand,Haridwar,Locality_415,Property_Type,2.0,3110.0,76.53,0.02,2007.0,Furnished,7.0,15.0,18.0,10.0,4.0,Medium,No,No,"Pool, Playground, Clubhouse, Garden, Gym",East,Broker,Ready_to_Move
2782.0,Uttarakhand,Haridwar,Locality_57,Property_Type,3.0,4746.0,255.78,0.05,1992.0,Semi-furnished,25.0,1.0,33.0,9.0,1.0,Medium,No,Yes,"Gym, Pool, Clubhouse",East,Broker,Under_Construction
2783.0,Haryana,Faridabad,Locality_409,Property_Type,2.0,2890.0,160.19,0.06,2020.0,Unfurnished,19.0,1.0,5.0,1.0,10.0,Medium,Yes,No,"Pool, Clubhouse",West,Owner,Ready_to_Move
2784.0,Andhra Pradesh,Vijayawada,Locality_184,Property_Type,3.0,3593.0,60.37,0.02,2007.0,Furnished,25.0,1.0,18.0,3.0,5.0,Low,No,No,"Garden, Pool",South,Owner,Ready_to_Move
2785.0,Maharashtra,Nagpur,Locality_320,Property_Type,2.0,1675.0,126.17,0.08,1993.0,Unfurnished,29.0,3.0,32.0,8.0,8.0,Low,No,Yes,"Gym, Playground, Pool",North,Owner,Ready_to_Move
2786.0,Kerala,Kochi,Locality_217,Property_Type,4.0,541.0,223.88,0.41,1992.0,Furnished,7.0,25.0,33.0,6.0,8.0,Low,Yes,Yes,"Gym, Pool, Clubhouse, Garden, Playground",East,Owner,Ready_to_Move
2787.0,Telangana,Hyderabad,Locality_54,Property_Type,5.0,4141.0,423.11,0.1,1996.0,Semi-furnished,15.0,30.0,29.0,9.0,2.0,High,No,No,"Gym, Pool, Clubhouse, Garden",West,Owner,Ready_to_Move
2788.0,Andhra Pradesh,Vijayawada,Locality_200,Property_Type,3.0,3545.0,425.3,0.12,2006.0,Unfurnished,7.0,4.0,19.0,9.0,4.0,Medium,No,Yes,"Garden, Playground, Pool, Gym",East,Owner,Under_Construction
2789.0,Delhi,New Delhi,Locality_117,Property_Type,5.0,2397.0,363.92,0.15,1997.0,Unfurnished,6.0,12.0,28.0,1.0,1.0,Low,Yes,No,"Pool, Garden, Playground",South,Broker,Ready_to_Move
2790.0,Chhattisgarh,Bilaspur,Locality_50,Property_Type,4.0,3904.0,332.81,0.09,2012.0,Unfurnished,7.0,17.0,13.0,8.0,9.0,High,No,Yes,"Clubhouse, Pool, Gym, Garden, Playground",South,Owner,Ready_to_Move
2791.0,Rajasthan,Jodhpur,Locality_404,Property_Type,2.0,647.0,90.68,0.14,1990.0,Semi-furnished,5.0,7.0,35.0,7.0,9.0,Low,Yes,Yes,Pool,South,Broker,Ready_to_Move
2792.0,Jharkhand,Jamshedpur,Locality_3,Property_Type,5.0,2576.0,479.06,0.19,2004.0,Furnished,19.0,2.0,21.0,6.0,10.0,High,Yes,Yes,"Gym, Garden, Playground, Pool, Clubhouse",East,Owner,Under_Construction
2793.0,Assam,Guwahati,Locality_159,Property_Type,5.0,4641.0,100.27,0.02,2013.0,Semi-furnished,0.0,5.0,12.0,8.0,8.0,Medium,Yes,No,"Garden, Playground, Clubhouse, Pool, Gym",South,Owner,Ready_to_Move
2794.0,Gujarat,Surat,Locality_413,Property_Type,3.0,2630.0,253.38,0.1,2009.0,Semi-furnished,7.0,6.0,16.0,1.0,10.0,Medium,Yes,No,"Playground, Pool, Clubhouse, Gym, Garden",South,Broker,Ready_to_Move
2795.0,Andhra Pradesh,Vijayawada,Locality_271,Property_Type,2.0,654.0,25.64,0.04,1992.0,Furnished,23.0,20.0,33.0,6.0,4.0,Low,Yes,Yes,"Pool, Garden, Clubhouse",South,Broker,Under_Construction
2796.0,Gujarat,Surat,Locality_70,Property_Type,5.0,3179.0,56.71,0.02,2013.0,Furnished,23.0,1.0,12.0,9.0,3.0,Low,No,Yes,"Gym, Playground",North,Broker,Under_Construction
2797.0,West Bengal,Durgapur,Locality_435,Property_Type,4.0,3030.0,391.91,0.13,2006.0,Semi-furnished,20.0,29.0,19.0,1.0,2.0,Medium,No,No,"Pool, Gym, Clubhouse",South,Builder,Under_Construction
2798.0,Punjab,Ludhiana,Locality_229,Property_Type,5.0,1223.0,116.94,0.1,1997.0,Unfurnished,19.0,9.0,28.0,3.0,3.0,Medium,Yes,No,"Garden, Gym, Playground",West,Broker,Under_Construction
2799.0,Kerala,Trivandrum,Locality_87,Property_Type,3.0,886.0,125.79,0.14,2015.0,Unfurnished,16.0,12.0,10.0,4.0,9.0,Medium,No,No,"Pool, Clubhouse, Playground",West,Owner,Under_Construction
2800.0,Punjab,Ludhiana,Locality_81,Property_Type,2.0,3278.0,44.99,0.01,2018.0,Unfurnished,27.0,2.0,7.0,3.0,6.0,High,Yes,Yes,"Gym, Playground, Garden, Pool",East,Broker,Under_Construction
2801.0,Odisha,Bhubaneswar,Locality_411,Property_Type,3.0,1508.0,409.56,0.27,1997.0,Unfurnished,20.0,5.0,28.0,9.0,4.0,Medium,No,No,"Pool, Playground, Clubhouse, Gym, Garden",West,Owner,Under_Construction
2802.0,West Bengal,Kolkata,Locality_167,Property_Type,2.0,3978.0,13.72,0.0,2006.0,Unfurnished,12.0,30.0,19.0,1.0,8.0,High,No,No,"Gym, Clubhouse, Playground",North,Broker,Under_Construction
2803.0,Delhi,New Delhi,Locality_234,Property_Type,2.0,2485.0,336.8,0.14,1993.0,Furnished,22.0,7.0,32.0,1.0,9.0,Low,Yes,Yes,Clubhouse,South,Owner,Ready_to_Move
2804.0,Gujarat,Ahmedabad,Locality_222,Property_Type,1.0,4026.0,493.93,0.12,2019.0,Semi-furnished,9.0,6.0,6.0,8.0,4.0,High,No,No,"Clubhouse, Gym, Pool, Playground",West,Owner,Under_Construction
2805.0,Telangana,Warangal,Locality_302,Property_Type,1.0,2336.0,135.1,0.06,2022.0,Furnished,19.0,20.0,3.0,10.0,6.0,Medium,Yes,No,Playground,West,Owner,Under_Construction
2806.0,Punjab,Amritsar,Locality_169,Property_Type,4.0,2555.0,380.95,0.15,1997.0,Semi-furnished,5.0,6.0,28.0,4.0,3.0,Medium,No,Yes,"Clubhouse, Garden, Gym, Pool",West,Owner,Under_Construction
2807.0,Telangana,Warangal,Locality_17,Property_Type,3.0,4500.0,456.48,0.1,2006.0,Unfurnished,16.0,24.0,19.0,1.0,1.0,Medium,No,No,"Playground, Clubhouse, Gym",South,Broker,Under_Construction
2808.0,Kerala,Trivandrum,Locality_54,Property_Type,2.0,3614.0,365.54,0.1,2005.0,Unfurnished,3.0,4.0,20.0,5.0,9.0,High,Yes,Yes,Gym,West,Broker,Ready_to_Move
2809.0,Odisha,Cuttack,Locality_164,Property_Type,3.0,4252.0,283.57,0.07,2019.0,Semi-furnished,11.0,5.0,6.0,6.0,1.0,High,Yes,No,Pool,West,Builder,Under_Construction
2810.0,Delhi,Dwarka,Locality_203,Property_Type,1.0,4599.0,369.99,0.08,2004.0,Semi-furnished,26.0,30.0,21.0,4.0,2.0,High,Yes,Yes,"Playground, Gym, Pool, Garden, Clubhouse",North,Owner,Under_Construction
2811.0,Madhya Pradesh,Indore,Locality_353,Property_Type,1.0,589.0,489.72,0.83,2003.0,Unfurnished,28.0,17.0,22.0,6.0,5.0,High,Yes,No,Garden,West,Broker,Under_Construction
2812.0,Punjab,Amritsar,Locality_364,Property_Type,1.0,1143.0,131.21,0.11,2007.0,Semi-furnished,11.0,20.0,18.0,2.0,8.0,Medium,Yes,Yes,"Pool, Gym, Clubhouse",South,Builder,Under_Construction
2813.0,Rajasthan,Jaipur,Locality_280,Property_Type,4.0,3874.0,168.66,0.04,1990.0,Unfurnished,21.0,15.0,35.0,7.0,10.0,Medium,Yes,Yes,"Pool, Playground, Garden, Clubhouse, Gym",West,Builder,Ready_to_Move
2814.0,Odisha,Bhubaneswar,Locality_487,Property_Type,2.0,719.0,60.36,0.08,2001.0,Furnished,6.0,5.0,24.0,8.0,8.0,Low,No,Yes,"Garden, Playground, Pool",West,Broker,Under_Construction
2815.0,Uttarakhand,Dehradun,Locality_107,Property_Type,2.0,4803.0,370.34,0.08,1998.0,Furnished,3.0,4.0,27.0,5.0,1.0,Low,Yes,Yes,"Playground, Clubhouse",North,Broker,Under_Construction
2816.0,Uttarakhand,Dehradun,Locality_314,Property_Type,3.0,1884.0,466.89,0.25,2013.0,Furnished,9.0,29.0,12.0,8.0,10.0,High,Yes,No,"Gym, Pool, Clubhouse, Playground, Garden",North,Broker,Ready_to_Move
2817.0,Uttar Pradesh,Lucknow,Locality_214,Property_Type,1.0,2398.0,492.25,0.21,2023.0,Furnished,4.0,9.0,2.0,10.0,2.0,Low,No,Yes,"Pool, Clubhouse",East,Owner,Ready_to_Move
2818.0,Bihar,Gaya,Locality_140,Property_Type,1.0,2478.0,238.56,0.1,2009.0,Semi-furnished,10.0,13.0,16.0,2.0,5.0,Medium,Yes,Yes,"Garden, Gym, Pool",East,Owner,Ready_to_Move
2819.0,Tamil Nadu,Chennai,Locality_429,Property_Type,1.0,2341.0,468.07,0.2,2003.0,Furnished,24.0,20.0,22.0,8.0,4.0,High,Yes,No,"Clubhouse, Gym, Garden",East,Builder,Under_Construction
2820.0,West Bengal,Kolkata,Locality_316,Property_Type,2.0,2881.0,315.9,0.11,2002.0,Unfurnished,19.0,11.0,23.0,4.0,5.0,Low,Yes,Yes,"Pool, Gym, Playground",South,Builder,Ready_to_Move
2821.0,Kerala,Trivandrum,Locality_405,Property_Type,2.0,1009.0,420.9,0.42,2001.0,Semi-furnished,24.0,29.0,24.0,10.0,9.0,Low,No,No,"Clubhouse, Gym, Playground",West,Owner,Ready_to_Move
2822.0,Maharashtra,Nagpur,Locality_480,Property_Type,4.0,505.0,234.27,0.46,2005.0,Unfurnished,26.0,22.0,20.0,6.0,4.0,Low,No,Yes,"Pool, Garden, Gym, Clubhouse",West,Broker,Under_Construction
2823.0,Andhra Pradesh,Vishakhapatnam,Locality_146,Property_Type,3.0,678.0,289.35,0.43,2000.0,Furnished,27.0,30.0,25.0,1.0,10.0,Low,No,No,"Playground, Gym, Garden",North,Owner,Ready_to_Move
2824.0,Haryana,Gurgaon,Locality_378,Property_Type,5.0,3587.0,395.98,0.11,2007.0,Furnished,4.0,22.0,18.0,9.0,9.0,Low,Yes,Yes,"Gym, Clubhouse",East,Builder,Under_Construction
2825.0,Uttarakhand,Dehradun,Locality_349,Property_Type,4.0,993.0,149.67,0.15,2003.0,Furnished,20.0,1.0,22.0,3.0,1.0,Medium,No,Yes,"Gym, Playground",South,Broker,Under_Construction
2826.0,Andhra Pradesh,Vijayawada,Locality_418,Property_Type,2.0,1480.0,166.46,0.11,1995.0,Unfurnished,9.0,30.0,30.0,6.0,5.0,Low,Yes,No,"Gym, Garden",South,Builder,Ready_to_Move
2827.0,Haryana,Gurgaon,Locality_393,Property_Type,1.0,3305.0,493.92,0.15,2006.0,Furnished,9.0,8.0,19.0,5.0,9.0,High,No,Yes,Pool,North,Owner,Ready_to_Move
2828.0,Bihar,Gaya,Locality_64,Property_Type,4.0,2398.0,124.33,0.05,2011.0,Unfurnished,1.0,20.0,14.0,6.0,7.0,Medium,No,Yes,Clubhouse,East,Broker,Ready_to_Move
2829.0,Haryana,Faridabad,Locality_436,Property_Type,3.0,4892.0,380.73,0.08,1996.0,Furnished,27.0,4.0,29.0,4.0,5.0,High,Yes,No,"Gym, Playground",South,Builder,Under_Construction
2830.0,Telangana,Hyderabad,Locality_453,Property_Type,1.0,2048.0,40.19,0.02,2022.0,Semi-furnished,20.0,6.0,3.0,4.0,7.0,Medium,Yes,Yes,"Playground, Clubhouse, Gym, Pool, Garden",South,Broker,Under_Construction
2831.0,Uttarakhand,Haridwar,Locality_414,Property_Type,3.0,1644.0,480.66,0.29,1991.0,Semi-furnished,28.0,30.0,34.0,5.0,1.0,High,Yes,No,Playground,West,Owner,Ready_to_Move
2832.0,West Bengal,Durgapur,Locality_154,Property_Type,1.0,3841.0,467.44,0.12,1996.0,Furnished,27.0,23.0,29.0,5.0,5.0,High,Yes,No,"Clubhouse, Gym, Pool, Garden",South,Builder,Ready_to_Move
2833.0,Kerala,Kochi,Locality_365,Property_Type,2.0,2817.0,140.59,0.05,2004.0,Semi-furnished,0.0,22.0,21.0,2.0,2.0,Low,No,Yes,"Gym, Playground",South,Builder,Under_Construction
2834.0,Haryana,Gurgaon,Locality_333,Property_Type,4.0,4332.0,310.93,0.07,1992.0,Semi-furnished,5.0,7.0,33.0,8.0,8.0,Low,Yes,Yes,"Garden, Clubhouse, Playground, Pool, Gym",East,Broker,Under_Construction
2835.0,Uttarakhand,Haridwar,Locality_483,Property_Type,2.0,2301.0,315.93,0.14,1993.0,Furnished,17.0,23.0,32.0,3.0,7.0,Medium,Yes,Yes,Pool,South,Broker,Under_Construction
2836.0,Uttar Pradesh,Noida,Locality_400,Property_Type,2.0,3569.0,316.36,0.09,2003.0,Furnished,2.0,25.0,22.0,10.0,10.0,Low,Yes,Yes,"Playground, Pool, Garden",North,Broker,Under_Construction
2837.0,Odisha,Cuttack,Locality_130,Property_Type,3.0,4960.0,300.85,0.06,2020.0,Semi-furnished,28.0,3.0,5.0,1.0,3.0,High,Yes,Yes,"Playground, Pool, Garden, Clubhouse, Gym",South,Builder,Ready_to_Move
2838.0,Haryana,Faridabad,Locality_462,Property_Type,4.0,2118.0,454.24,0.21,1993.0,Semi-furnished,30.0,15.0,32.0,4.0,4.0,Low,No,Yes,"Playground, Pool, Garden, Clubhouse, Gym",North,Builder,Ready_to_Move
2839.0,Gujarat,Surat,Locality_146,Property_Type,3.0,3207.0,217.68,0.07,2008.0,Unfurnished,30.0,30.0,17.0,5.0,5.0,High,Yes,Yes,"Garden, Playground, Gym, Pool, Clubhouse",West,Owner,Ready_to_Move
2840.0,Andhra Pradesh,Vishakhapatnam,Locality_133,Property_Type,3.0,959.0,284.83,0.3,2023.0,Unfurnished,28.0,9.0,2.0,10.0,9.0,Low,No,Yes,"Pool, Playground",North,Owner,Ready_to_Move
2841.0,Haryana,Gurgaon,Locality_32,Property_Type,2.0,1010.0,263.53,0.26,2000.0,Semi-furnished,28.0,14.0,25.0,3.0,7.0,Medium,Yes,Yes,"Gym, Playground, Clubhouse, Garden, Pool",South,Broker,Ready_to_Move
2842.0,Kerala,Trivandrum,Locality_139,Property_Type,2.0,1680.0,111.9,0.07,2002.0,Semi-furnished,3.0,19.0,23.0,2.0,4.0,High,No,Yes,"Clubhouse, Playground, Gym, Pool, Garden",North,Broker,Ready_to_Move
2843.0,Odisha,Bhubaneswar,Locality_162,Property_Type,5.0,4338.0,225.33,0.05,1992.0,Furnished,9.0,29.0,33.0,10.0,8.0,High,No,No,"Clubhouse, Gym, Garden",South,Builder,Ready_to_Move
2844.0,Jharkhand,Jamshedpur,Locality_105,Property_Type,4.0,4886.0,311.18,0.06,2001.0,Furnished,12.0,28.0,24.0,5.0,3.0,High,No,Yes,"Pool, Clubhouse, Playground",West,Broker,Under_Construction
2845.0,Rajasthan,Jodhpur,Locality_480,Property_Type,5.0,3068.0,125.91,0.04,1996.0,Unfurnished,1.0,21.0,29.0,2.0,5.0,High,No,Yes,"Pool, Gym",North,Builder,Ready_to_Move
2846.0,Haryana,Faridabad,Locality_3,Property_Type,4.0,2864.0,319.82,0.11,1997.0,Unfurnished,11.0,6.0,28.0,7.0,4.0,High,Yes,Yes,"Clubhouse, Playground, Gym",North,Broker,Under_Construction
2847.0,Andhra Pradesh,Vijayawada,Locality_343,Property_Type,5.0,4973.0,169.36,0.03,1992.0,Semi-furnished,3.0,12.0,33.0,3.0,10.0,Medium,Yes,No,"Garden, Clubhouse",South,Broker,Under_Construction
2848.0,Punjab,Amritsar,Locality_207,Property_Type,5.0,4166.0,483.09,0.12,1994.0,Furnished,1.0,21.0,31.0,6.0,5.0,Medium,No,No,"Garden, Clubhouse",West,Builder,Ready_to_Move
2849.0,Andhra Pradesh,Vishakhapatnam,Locality_353,Property_Type,4.0,2543.0,14.5,0.01,2011.0,Furnished,6.0,7.0,14.0,9.0,3.0,Low,Yes,Yes,"Clubhouse, Playground, Garden, Pool",North,Broker,Under_Construction
2850.0,Madhya Pradesh,Indore,Locality_392,Property_Type,5.0,2283.0,151.37,0.07,1995.0,Unfurnished,2.0,2.0,30.0,9.0,4.0,Low,Yes,No,"Pool, Gym, Playground, Clubhouse",North,Owner,Under_Construction
2851.0,Tamil Nadu,Coimbatore,Locality_185,Property_Type,5.0,4400.0,386.88,0.09,2005.0,Semi-furnished,28.0,7.0,20.0,4.0,8.0,High,No,No,"Pool, Gym, Clubhouse",South,Broker,Under_Construction
2852.0,Jharkhand,Jamshedpur,Locality_340,Property_Type,2.0,2115.0,45.34,0.02,2000.0,Furnished,15.0,24.0,25.0,8.0,4.0,High,Yes,Yes,Playground,West,Builder,Ready_to_Move
2853.0,Uttar Pradesh,Noida,Locality_18,Property_Type,3.0,988.0,290.64,0.29,1998.0,Semi-furnished,3.0,28.0,27.0,1.0,6.0,Low,No,No,"Playground, Gym",West,Owner,Ready_to_Move
2854.0,Jharkhand,Ranchi,Locality_140,Property_Type,3.0,2088.0,384.63,0.18,2001.0,Unfurnished,6.0,26.0,24.0,3.0,7.0,High,No,Yes,"Playground, Clubhouse, Gym, Garden",South,Owner,Under_Construction
2855.0,Chhattisgarh,Raipur,Locality_93,Property_Type,3.0,1509.0,290.7,0.19,1992.0,Furnished,4.0,1.0,33.0,9.0,2.0,High,No,No,"Playground, Gym, Garden",North,Owner,Ready_to_Move
2856.0,Gujarat,Ahmedabad,Locality_312,Property_Type,4.0,2456.0,87.8,0.04,2021.0,Unfurnished,28.0,21.0,4.0,6.0,8.0,Medium,No,No,"Gym, Pool, Clubhouse, Garden, Playground",East,Owner,Ready_to_Move
2857.0,Chhattisgarh,Bilaspur,Locality_337,Property_Type,5.0,551.0,120.83,0.22,1991.0,Unfurnished,25.0,25.0,34.0,8.0,3.0,Medium,No,Yes,"Playground, Gym, Pool, Garden",West,Broker,Under_Construction
2858.0,Maharashtra,Mumbai,Locality_134,Property_Type,5.0,4212.0,116.28,0.03,2012.0,Unfurnished,7.0,9.0,13.0,8.0,10.0,Medium,Yes,Yes,"Playground, Gym, Pool, Garden, Clubhouse",North,Builder,Ready_to_Move
2859.0,Bihar,Gaya,Locality_477,Property_Type,2.0,2452.0,78.97,0.03,2018.0,Furnished,10.0,4.0,7.0,4.0,10.0,High,No,No,"Gym, Clubhouse, Garden, Pool, Playground",East,Broker,Under_Construction
2860.0,Uttar Pradesh,Lucknow,Locality_49,Property_Type,2.0,1906.0,325.62,0.17,2009.0,Unfurnished,20.0,3.0,16.0,1.0,8.0,Medium,No,Yes,"Clubhouse, Pool, Garden, Gym",East,Builder,Ready_to_Move
2861.0,Bihar,Patna,Locality_304,Property_Type,5.0,4884.0,212.49,0.04,2013.0,Furnished,25.0,3.0,12.0,7.0,7.0,Medium,Yes,Yes,"Pool, Garden",South,Broker,Ready_to_Move
2862.0,Kerala,Kochi,Locality_229,Property_Type,1.0,2834.0,428.28,0.15,2008.0,Semi-furnished,18.0,13.0,17.0,9.0,9.0,Medium,No,Yes,Gym,West,Owner,Ready_to_Move
2863.0,Delhi,New Delhi,Locality_45,Property_Type,1.0,3373.0,240.54,0.07,2000.0,Furnished,27.0,13.0,25.0,9.0,9.0,Medium,No,No,"Playground, Clubhouse, Garden",North,Owner,Ready_to_Move
2864.0,Telangana,Warangal,Locality_244,Property_Type,3.0,4312.0,268.33,0.06,2018.0,Unfurnished,17.0,19.0,7.0,1.0,8.0,Low,No,No,"Gym, Clubhouse, Garden, Playground, Pool",North,Owner,Ready_to_Move
2865.0,Odisha,Cuttack,Locality_86,Property_Type,5.0,718.0,430.74,0.6,1996.0,Furnished,9.0,21.0,29.0,7.0,6.0,Medium,Yes,No,Gym,West,Owner,Ready_to_Move
2866.0,West Bengal,Kolkata,Locality_112,Property_Type,1.0,3216.0,375.11,0.12,1997.0,Semi-furnished,10.0,7.0,28.0,1.0,2.0,Medium,Yes,No,Clubhouse,West,Owner,Under_Construction
2867.0,Kerala,Kochi,Locality_115,Property_Type,4.0,4470.0,28.28,0.01,1996.0,Semi-furnished,29.0,4.0,29.0,7.0,2.0,Low,Yes,Yes,"Gym, Pool, Clubhouse, Garden",North,Owner,Under_Construction
2868.0,Rajasthan,Jodhpur,Locality_469,Property_Type,2.0,1507.0,371.71,0.25,2001.0,Semi-furnished,6.0,22.0,24.0,6.0,3.0,Medium,Yes,No,"Pool, Garden, Gym, Playground, Clubhouse",North,Owner,Under_Construction
2869.0,Punjab,Amritsar,Locality_269,Property_Type,5.0,1743.0,300.76,0.17,2002.0,Furnished,20.0,2.0,23.0,10.0,9.0,Medium,No,No,"Gym, Playground, Garden",North,Broker,Under_Construction
2870.0,West Bengal,Kolkata,Locality_482,Property_Type,1.0,1062.0,322.01,0.3,2011.0,Unfurnished,7.0,4.0,14.0,9.0,5.0,Medium,No,Yes,"Clubhouse, Gym, Garden, Pool",West,Builder,Ready_to_Move
2871.0,Telangana,Hyderabad,Locality_8,Property_Type,5.0,753.0,495.7,0.66,2002.0,Semi-furnished,9.0,28.0,23.0,9.0,2.0,Medium,Yes,No,Playground,West,Owner,Ready_to_Move
2872.0,Andhra Pradesh,Vijayawada,Locality_291,Property_Type,1.0,4995.0,322.16,0.06,2022.0,Unfurnished,29.0,7.0,3.0,6.0,9.0,Low,No,No,"Clubhouse, Garden, Pool, Playground",West,Owner,Under_Construction
2873.0,Delhi,New Delhi,Locality_215,Property_Type,1.0,1631.0,326.85,0.2,2010.0,Furnished,0.0,3.0,15.0,2.0,5.0,High,No,Yes,"Playground, Pool",North,Owner,Ready_to_Move
2874.0,Bihar,Patna,Locality_323,Property_Type,1.0,4281.0,167.45,0.04,2011.0,Semi-furnished,26.0,30.0,14.0,6.0,10.0,Medium,Yes,Yes,"Pool, Playground, Clubhouse, Garden",West,Builder,Ready_to_Move
2875.0,Uttarakhand,Dehradun,Locality_310,Property_Type,3.0,3900.0,231.92,0.06,1999.0,Furnished,11.0,14.0,26.0,4.0,3.0,Medium,No,Yes,Playground,East,Owner,Ready_to_Move
2876.0,Odisha,Cuttack,Locality_127,Property_Type,5.0,2103.0,273.23,0.13,1999.0,Furnished,27.0,27.0,26.0,10.0,10.0,Low,No,Yes,"Clubhouse, Pool, Garden, Playground",South,Builder,Ready_to_Move
2877.0,Jharkhand,Jamshedpur,Locality_148,Property_Type,5.0,2515.0,393.38,0.16,2009.0,Semi-furnished,7.0,19.0,16.0,5.0,7.0,Medium,Yes,Yes,Pool,West,Owner,Ready_to_Move
2878.0,Andhra Pradesh,Vijayawada,Locality_75,Property_Type,4.0,4547.0,153.8,0.03,2005.0,Unfurnished,6.0,11.0,20.0,6.0,3.0,Low,No,No,"Gym, Garden, Pool, Playground",North,Builder,Ready_to_Move
2879.0,Chhattisgarh,Raipur,Locality_468,Property_Type,3.0,4998.0,396.86,0.08,1998.0,Unfurnished,23.0,30.0,27.0,4.0,1.0,High,Yes,No,"Garden, Playground, Gym, Pool",East,Owner,Ready_to_Move
2880.0,Assam,Guwahati,Locality_376,Property_Type,4.0,1894.0,472.25,0.25,2000.0,Unfurnished,14.0,27.0,25.0,5.0,5.0,Medium,Yes,Yes,"Gym, Pool, Clubhouse",South,Owner,Under_Construction
2881.0,Telangana,Hyderabad,Locality_12,Property_Type,5.0,2299.0,155.41,0.07,2004.0,Furnished,3.0,30.0,21.0,5.0,1.0,High,Yes,No,"Gym, Garden, Playground",North,Broker,Under_Construction
2882.0,Chhattisgarh,Bilaspur,Locality_445,Property_Type,1.0,3382.0,392.01,0.12,1991.0,Furnished,23.0,4.0,34.0,3.0,1.0,High,Yes,No,"Pool, Garden, Playground, Gym",North,Builder,Ready_to_Move
2883.0,Karnataka,Mangalore,Locality_384,Property_Type,2.0,3253.0,188.44,0.06,1993.0,Unfurnished,21.0,18.0,32.0,5.0,5.0,Medium,No,No,Garden,East,Broker,Under_Construction
2884.0,Madhya Pradesh,Bhopal,Locality_110,Property_Type,4.0,3066.0,460.16,0.15,1996.0,Furnished,17.0,30.0,29.0,2.0,5.0,Medium,Yes,No,"Gym, Playground, Pool, Garden",North,Owner,Under_Construction
2885.0,Chhattisgarh,Bilaspur,Locality_18,Property_Type,3.0,783.0,40.69,0.05,1991.0,Unfurnished,6.0,24.0,34.0,5.0,6.0,High,Yes,No,"Clubhouse, Playground, Pool, Garden, Gym",East,Broker,Under_Construction
2886.0,Uttarakhand,Dehradun,Locality_417,Property_Type,4.0,1938.0,491.87,0.25,1992.0,Unfurnished,1.0,15.0,33.0,4.0,3.0,High,No,Yes,"Clubhouse, Gym, Garden, Pool",East,Broker,Under_Construction
2887.0,Delhi,New Delhi,Locality_99,Property_Type,2.0,1386.0,324.44,0.23,1990.0,Unfurnished,6.0,8.0,35.0,9.0,8.0,Medium,No,Yes,Gym,South,Builder,Under_Construction
2888.0,Tamil Nadu,Coimbatore,Locality_82,Property_Type,3.0,2287.0,497.53,0.22,2008.0,Unfurnished,23.0,21.0,17.0,4.0,7.0,Medium,No,Yes,Garden,South,Builder,Under_Construction
2889.0,Rajasthan,Jaipur,Locality_320,Property_Type,1.0,1190.0,464.53,0.39,1994.0,Semi-furnished,12.0,7.0,31.0,3.0,6.0,High,Yes,Yes,"Clubhouse, Pool, Playground, Garden, Gym",East,Owner,Under_Construction
2890.0,Madhya Pradesh,Indore,Locality_212,Property_Type,5.0,2228.0,478.9,0.21,1996.0,Unfurnished,19.0,24.0,29.0,3.0,5.0,Medium,No,No,"Playground, Clubhouse, Gym",West,Owner,Ready_to_Move
2891.0,Gujarat,Ahmedabad,Locality_47,Property_Type,3.0,3288.0,366.94,0.11,1994.0,Semi-furnished,3.0,12.0,31.0,6.0,4.0,High,No,Yes,Playground,West,Broker,Ready_to_Move
2892.0,Uttarakhand,Haridwar,Locality_462,Property_Type,5.0,4331.0,429.54,0.1,2019.0,Semi-furnished,14.0,26.0,6.0,4.0,4.0,Low,Yes,No,"Clubhouse, Garden, Playground",East,Broker,Under_Construction
2893.0,Karnataka,Mangalore,Locality_133,Property_Type,1.0,1427.0,452.22,0.32,1999.0,Unfurnished,26.0,21.0,26.0,6.0,4.0,Medium,Yes,Yes,"Clubhouse, Garden, Playground, Gym",North,Owner,Ready_to_Move
2894.0,Jharkhand,Jamshedpur,Locality_391,Property_Type,1.0,4319.0,365.69,0.08,2022.0,Semi-furnished,19.0,9.0,3.0,5.0,8.0,Medium,No,No,"Garden, Pool, Clubhouse, Gym, Playground",East,Broker,Ready_to_Move
2895.0,Andhra Pradesh,Vishakhapatnam,Locality_1,Property_Type,4.0,1382.0,290.42,0.21,1998.0,Unfurnished,10.0,12.0,27.0,4.0,2.0,High,Yes,No,"Gym, Garden, Clubhouse, Playground, Pool",South,Owner,Under_Construction
2896.0,Haryana,Gurgaon,Locality_276,Property_Type,5.0,3601.0,97.72,0.03,2009.0,Furnished,14.0,29.0,16.0,6.0,1.0,Low,Yes,Yes,"Playground, Pool, Gym",West,Owner,Under_Construction
2897.0,Telangana,Warangal,Locality_362,Property_Type,2.0,1086.0,148.32,0.14,1999.0,Semi-furnished,18.0,25.0,26.0,3.0,2.0,Medium,Yes,Yes,"Garden, Clubhouse, Gym, Pool",North,Broker,Ready_to_Move
2898.0,Tamil Nadu,Chennai,Locality_457,Property_Type,5.0,2372.0,285.02,0.12,1998.0,Unfurnished,30.0,6.0,27.0,6.0,2.0,Medium,Yes,Yes,"Garden, Pool, Gym, Clubhouse, Playground",North,Builder,Under_Construction
2899.0,Maharashtra,Nagpur,Locality_384,Property_Type,4.0,4913.0,77.17,0.02,1996.0,Unfurnished,12.0,28.0,29.0,1.0,2.0,Low,Yes,No,Playground,West,Builder,Under_Construction
2900.0,Tamil Nadu,Chennai,Locality_130,Property_Type,5.0,3165.0,64.31,0.02,2008.0,Unfurnished,16.0,14.0,17.0,9.0,2.0,Low,No,No,Clubhouse,East,Owner,Under_Construction
2901.0,Punjab,Amritsar,Locality_446,Property_Type,5.0,1018.0,38.9,0.04,1992.0,Unfurnished,6.0,1.0,33.0,7.0,1.0,Low,No,Yes,Clubhouse,North,Broker,Under_Construction
2902.0,Rajasthan,Jaipur,Locality_495,Property_Type,2.0,4648.0,283.73,0.06,1997.0,Furnished,15.0,8.0,28.0,9.0,3.0,Low,Yes,No,Garden,South,Owner,Under_Construction
2903.0,Assam,Silchar,Locality_129,Property_Type,2.0,3890.0,433.79,0.11,1991.0,Semi-furnished,30.0,15.0,34.0,3.0,8.0,Low,No,No,Garden,West,Owner,Ready_to_Move
2904.0,Assam,Guwahati,Locality_420,Property_Type,2.0,2084.0,182.13,0.09,1992.0,Semi-furnished,24.0,27.0,33.0,1.0,9.0,Low,Yes,Yes,"Playground, Clubhouse, Garden, Gym",North,Builder,Under_Construction
2905.0,Chhattisgarh,Bilaspur,Locality_444,Property_Type,4.0,2739.0,492.32,0.18,1996.0,Furnished,15.0,26.0,29.0,5.0,8.0,Medium,No,No,"Pool, Garden, Playground",East,Owner,Ready_to_Move
2906.0,Jharkhand,Ranchi,Locality_81,Property_Type,2.0,2407.0,224.21,0.09,2006.0,Unfurnished,1.0,13.0,19.0,1.0,8.0,Medium,No,Yes,"Clubhouse, Pool, Gym, Playground",West,Broker,Under_Construction
2907.0,Jharkhand,Ranchi,Locality_101,Property_Type,2.0,3227.0,78.39,0.02,2006.0,Semi-furnished,14.0,27.0,19.0,4.0,5.0,Low,Yes,No,"Garden, Gym, Pool",East,Broker,Under_Construction
2908.0,Rajasthan,Jaipur,Locality_339,Property_Type,3.0,3411.0,416.31,0.12,2007.0,Unfurnished,5.0,14.0,18.0,8.0,4.0,High,No,No,"Gym, Pool, Playground",South,Broker,Ready_to_Move
2909.0,Bihar,Patna,Locality_308,Property_Type,1.0,4759.0,469.57,0.1,2006.0,Semi-furnished,28.0,2.0,19.0,6.0,6.0,Medium,No,No,"Garden, Clubhouse",North,Broker,Under_Construction
2910.0,Madhya Pradesh,Indore,Locality_308,Property_Type,2.0,2313.0,160.83,0.07,1994.0,Unfurnished,9.0,10.0,31.0,6.0,6.0,High,Yes,Yes,"Playground, Pool, Gym, Garden, Clubhouse",South,Owner,Under_Construction
2911.0,Andhra Pradesh,Vijayawada,Locality_161,Property_Type,1.0,1269.0,141.81,0.11,2019.0,Furnished,16.0,29.0,6.0,2.0,8.0,High,No,No,Pool,South,Owner,Under_Construction
2912.0,Bihar,Patna,Locality_275,Property_Type,5.0,3066.0,321.99,0.11,2015.0,Semi-furnished,26.0,9.0,10.0,7.0,5.0,Medium,No,No,"Garden, Clubhouse, Pool, Playground, Gym",West,Broker,Under_Construction
2913.0,Jharkhand,Ranchi,Locality_411,Property_Type,1.0,3209.0,391.82,0.12,1991.0,Semi-furnished,15.0,28.0,34.0,8.0,9.0,Medium,No,Yes,"Clubhouse, Gym, Garden",West,Builder,Under_Construction
2914.0,Assam,Guwahati,Locality_475,Property_Type,5.0,763.0,437.57,0.57,2013.0,Semi-furnished,9.0,4.0,12.0,8.0,4.0,Low,No,Yes,"Pool, Garden, Gym, Playground",East,Broker,Under_Construction
2915.0,West Bengal,Kolkata,Locality_200,Property_Type,4.0,3502.0,441.66,0.13,2007.0,Unfurnished,16.0,13.0,18.0,6.0,10.0,Medium,Yes,No,"Clubhouse, Pool, Gym, Playground",West,Broker,Under_Construction
2916.0,Madhya Pradesh,Indore,Locality_282,Property_Type,2.0,1525.0,234.59,0.15,1991.0,Semi-furnished,10.0,25.0,34.0,3.0,4.0,Medium,Yes,Yes,Pool,North,Broker,Under_Construction
2917.0,Maharashtra,Pune,Locality_162,Property_Type,2.0,1974.0,298.57,0.15,1995.0,Semi-furnished,6.0,29.0,30.0,1.0,8.0,High,Yes,No,Gym,West,Owner,Ready_to_Move
2918.0,Odisha,Bhubaneswar,Locality_252,Property_Type,3.0,3201.0,301.55,0.09,1999.0,Furnished,9.0,28.0,26.0,10.0,3.0,Low,No,No,"Clubhouse, Playground, Pool, Gym, Garden",East,Builder,Under_Construction
2919.0,Tamil Nadu,Coimbatore,Locality_92,Property_Type,4.0,3579.0,52.41,0.01,2020.0,Furnished,7.0,7.0,5.0,8.0,10.0,Low,Yes,No,"Gym, Playground, Garden, Pool",North,Owner,Ready_to_Move
2920.0,Kerala,Trivandrum,Locality_292,Property_Type,3.0,4505.0,427.22,0.09,2004.0,Furnished,16.0,22.0,21.0,6.0,10.0,High,Yes,Yes,Clubhouse,West,Broker,Under_Construction
2921.0,Telangana,Warangal,Locality_467,Property_Type,2.0,4763.0,30.24,0.01,2000.0,Furnished,2.0,19.0,25.0,10.0,6.0,Medium,No,Yes,Clubhouse,West,Owner,Ready_to_Move
2922.0,Delhi,New Delhi,Locality_407,Property_Type,3.0,1743.0,483.82,0.28,1998.0,Semi-furnished,0.0,9.0,27.0,8.0,4.0,Low,Yes,Yes,"Pool, Clubhouse, Gym, Garden, Playground",West,Broker,Under_Construction
2923.0,Tamil Nadu,Chennai,Locality_63,Property_Type,4.0,4017.0,211.41,0.05,2021.0,Semi-furnished,8.0,21.0,4.0,9.0,8.0,Medium,No,No,"Garden, Gym, Playground, Clubhouse",South,Broker,Under_Construction
2924.0,West Bengal,Kolkata,Locality_279,Property_Type,5.0,2993.0,144.3,0.05,2011.0,Furnished,2.0,9.0,14.0,6.0,9.0,High,Yes,No,"Clubhouse, Garden, Playground",West,Owner,Ready_to_Move
2925.0,Madhya Pradesh,Indore,Locality_182,Property_Type,1.0,4214.0,307.52,0.07,2017.0,Semi-furnished,7.0,18.0,8.0,5.0,4.0,Medium,Yes,Yes,"Playground, Clubhouse, Garden, Pool, Gym",East,Broker,Ready_to_Move
2926.0,Kerala,Trivandrum,Locality_119,Property_Type,1.0,3882.0,178.83,0.05,1991.0,Furnished,8.0,20.0,34.0,1.0,1.0,Medium,No,Yes,"Gym, Clubhouse, Pool, Playground, Garden",North,Owner,Ready_to_Move
2927.0,Haryana,Gurgaon,Locality_166,Property_Type,3.0,3091.0,101.64,0.03,1994.0,Furnished,18.0,3.0,31.0,3.0,9.0,Medium,No,Yes,"Playground, Gym, Garden, Clubhouse",North,Owner,Under_Construction
2928.0,Bihar,Gaya,Locality_357,Property_Type,4.0,3941.0,54.68,0.01,1994.0,Unfurnished,4.0,18.0,31.0,4.0,2.0,Medium,No,No,"Pool, Gym, Playground",East,Builder,Ready_to_Move
2929.0,Uttar Pradesh,Lucknow,Locality_275,Property_Type,3.0,1281.0,232.52,0.18,2003.0,Unfurnished,12.0,15.0,22.0,9.0,3.0,High,No,Yes,"Clubhouse, Garden, Gym, Pool, Playground",South,Broker,Under_Construction
2930.0,Assam,Guwahati,Locality_275,Property_Type,5.0,4880.0,241.7,0.05,1996.0,Semi-furnished,26.0,4.0,29.0,4.0,4.0,High,Yes,Yes,Clubhouse,South,Owner,Ready_to_Move
2931.0,Odisha,Cuttack,Locality_476,Property_Type,5.0,3197.0,319.23,0.1,2006.0,Semi-furnished,30.0,10.0,19.0,8.0,2.0,Medium,Yes,No,"Gym, Pool",West,Builder,Under_Construction
2932.0,Madhya Pradesh,Bhopal,Locality_101,Property_Type,4.0,4856.0,133.3,0.03,2023.0,Furnished,0.0,11.0,2.0,8.0,2.0,High,Yes,Yes,"Clubhouse, Gym, Pool",North,Owner,Under_Construction
2933.0,Odisha,Cuttack,Locality_290,Property_Type,3.0,1033.0,108.73,0.11,2008.0,Semi-furnished,11.0,12.0,17.0,9.0,1.0,Medium,No,No,Garden,South,Owner,Under_Construction
2934.0,Tamil Nadu,Coimbatore,Locality_176,Property_Type,2.0,1294.0,432.71,0.33,1996.0,Furnished,20.0,13.0,29.0,2.0,10.0,Medium,Yes,No,"Garden, Playground, Pool",North,Broker,Ready_to_Move
2935.0,Bihar,Gaya,Locality_474,Property_Type,4.0,2107.0,366.36,0.17,2014.0,Semi-furnished,8.0,27.0,11.0,8.0,5.0,Medium,No,Yes,"Clubhouse, Playground, Garden, Gym",North,Owner,Ready_to_Move
2936.0,Bihar,Patna,Locality_326,Property_Type,2.0,1053.0,410.29,0.39,2023.0,Unfurnished,26.0,3.0,2.0,4.0,5.0,Low,No,No,"Clubhouse, Gym, Garden, Pool",West,Builder,Ready_to_Move
2937.0,Haryana,Faridabad,Locality_103,Property_Type,4.0,4988.0,403.02,0.08,2009.0,Furnished,16.0,28.0,16.0,9.0,6.0,Low,Yes,No,"Garden, Playground, Clubhouse, Gym",South,Broker,Ready_to_Move
2938.0,Delhi,New Delhi,Locality_247,Property_Type,4.0,2669.0,363.65,0.14,2021.0,Furnished,19.0,3.0,4.0,1.0,6.0,High,No,No,"Garden, Pool",North,Owner,Ready_to_Move
2939.0,Kerala,Trivandrum,Locality_381,Property_Type,2.0,4924.0,233.25,0.05,2021.0,Semi-furnished,1.0,26.0,4.0,4.0,6.0,Low,Yes,Yes,"Garden, Playground",North,Broker,Under_Construction
2940.0,Karnataka,Mysore,Locality_215,Property_Type,4.0,1901.0,353.49,0.19,1992.0,Unfurnished,9.0,26.0,33.0,2.0,10.0,High,Yes,Yes,"Pool, Gym, Garden",North,Broker,Ready_to_Move
2941.0,Tamil Nadu,Chennai,Locality_72,Property_Type,2.0,1964.0,374.15,0.19,2018.0,Unfurnished,7.0,1.0,7.0,5.0,1.0,High,No,No,"Clubhouse, Gym",East,Builder,Ready_to_Move
2942.0,Maharashtra,Mumbai,Locality_139,Property_Type,4.0,2623.0,353.63,0.13,1991.0,Furnished,2.0,14.0,34.0,5.0,4.0,Low,No,No,Gym,South,Builder,Under_Construction
2943.0,Haryana,Faridabad,Locality_112,Property_Type,5.0,3847.0,406.18,0.11,2019.0,Furnished,3.0,11.0,6.0,6.0,9.0,Low,No,Yes,Playground,South,Builder,Ready_to_Move
2944.0,Tamil Nadu,Chennai,Locality_270,Property_Type,4.0,2394.0,153.23,0.06,2022.0,Unfurnished,30.0,12.0,3.0,1.0,10.0,High,No,No,Clubhouse,North,Owner,Under_Construction
2945.0,Gujarat,Ahmedabad,Locality_341,Property_Type,2.0,2238.0,28.91,0.01,2012.0,Furnished,30.0,24.0,13.0,2.0,2.0,High,No,No,"Gym, Pool",North,Owner,Ready_to_Move
2946.0,Rajasthan,Jaipur,Locality_1,Property_Type,2.0,4190.0,478.21,0.11,1993.0,Furnished,24.0,18.0,32.0,8.0,10.0,High,No,No,"Pool, Clubhouse, Garden, Gym",South,Owner,Under_Construction
2947.0,Assam,Guwahati,Locality_361,Property_Type,1.0,1827.0,204.92,0.11,2019.0,Furnished,30.0,4.0,6.0,5.0,9.0,Low,No,No,"Clubhouse, Playground",East,Owner,Ready_to_Move
2948.0,Gujarat,Surat,Locality_477,Property_Type,2.0,2216.0,474.02,0.21,2020.0,Furnished,3.0,24.0,5.0,5.0,9.0,Medium,Yes,Yes,"Clubhouse, Gym, Pool",West,Owner,Under_Construction
2949.0,Chhattisgarh,Bilaspur,Locality_302,Property_Type,2.0,842.0,142.9,0.17,2019.0,Semi-furnished,11.0,15.0,6.0,9.0,7.0,High,Yes,No,"Clubhouse, Playground, Garden, Pool, Gym",East,Owner,Under_Construction
2950.0,Gujarat,Ahmedabad,Locality_40,Property_Type,4.0,1677.0,38.01,0.02,2010.0,Semi-furnished,17.0,26.0,15.0,4.0,6.0,Low,Yes,No,"Playground, Clubhouse, Garden",East,Builder,Under_Construction
2951.0,Haryana,Faridabad,Locality_262,Property_Type,5.0,999.0,68.96,0.07,1997.0,Furnished,22.0,7.0,28.0,6.0,4.0,Medium,No,Yes,"Playground, Gym",East,Broker,Under_Construction
2952.0,Chhattisgarh,Bilaspur,Locality_141,Property_Type,3.0,3638.0,449.07,0.12,2004.0,Furnished,12.0,27.0,21.0,1.0,7.0,High,Yes,Yes,"Playground, Clubhouse, Garden, Gym, Pool",East,Builder,Under_Construction
2953.0,Telangana,Hyderabad,Locality_406,Property_Type,2.0,4904.0,263.34,0.05,2002.0,Furnished,18.0,19.0,23.0,1.0,5.0,High,Yes,No,Pool,North,Builder,Under_Construction
2954.0,Bihar,Gaya,Locality_125,Property_Type,1.0,3749.0,484.18,0.13,2012.0,Semi-furnished,2.0,28.0,13.0,8.0,9.0,High,No,Yes,Pool,North,Owner,Ready_to_Move
2955.0,Rajasthan,Jodhpur,Locality_178,Property_Type,5.0,2676.0,127.4,0.05,2018.0,Unfurnished,7.0,5.0,7.0,9.0,4.0,High,Yes,Yes,"Gym, Playground, Garden, Clubhouse",West,Broker,Under_Construction
2956.0,Andhra Pradesh,Vijayawada,Locality_97,Property_Type,2.0,4072.0,334.89,0.08,2016.0,Furnished,0.0,11.0,9.0,5.0,6.0,Medium,No,No,Pool,North,Owner,Under_Construction
2957.0,Gujarat,Surat,Locality_381,Property_Type,5.0,660.0,472.38,0.72,2011.0,Unfurnished,20.0,16.0,14.0,3.0,8.0,High,Yes,Yes,"Pool, Clubhouse, Playground, Garden",South,Builder,Under_Construction
2958.0,Gujarat,Surat,Locality_462,Property_Type,5.0,1566.0,95.08,0.06,2005.0,Unfurnished,4.0,16.0,20.0,10.0,6.0,High,No,Yes,Pool,North,Builder,Under_Construction
2959.0,Telangana,Hyderabad,Locality_389,Property_Type,5.0,4405.0,128.57,0.03,2002.0,Semi-furnished,25.0,11.0,23.0,7.0,1.0,High,No,Yes,Pool,South,Owner,Under_Construction
2960.0,Andhra Pradesh,Vijayawada,Locality_359,Property_Type,3.0,1256.0,342.88,0.27,2004.0,Unfurnished,21.0,26.0,21.0,10.0,8.0,Low,Yes,Yes,Clubhouse,East,Broker,Under_Construction
2961.0,Maharashtra,Mumbai,Locality_360,Property_Type,5.0,4394.0,464.45,0.11,1996.0,Unfurnished,25.0,11.0,29.0,2.0,8.0,Low,No,No,Gym,South,Broker,Ready_to_Move
2962.0,Uttarakhand,Haridwar,Locality_291,Property_Type,3.0,4547.0,367.23,0.08,1998.0,Semi-furnished,12.0,14.0,27.0,9.0,8.0,Medium,Yes,No,"Garden, Playground, Gym",South,Builder,Ready_to_Move
2963.0,Uttar Pradesh,Lucknow,Locality_219,Property_Type,1.0,4187.0,234.89,0.06,2006.0,Semi-furnished,4.0,15.0,19.0,10.0,2.0,High,Yes,Yes,Playground,West,Owner,Ready_to_Move
2964.0,Bihar,Patna,Locality_126,Property_Type,1.0,2754.0,260.63,0.09,2016.0,Semi-furnished,1.0,24.0,9.0,10.0,5.0,High,No,No,"Pool, Garden, Gym, Playground",West,Owner,Under_Construction
2965.0,Jharkhand,Jamshedpur,Locality_66,Property_Type,3.0,4560.0,285.68,0.06,1991.0,Semi-furnished,18.0,13.0,34.0,1.0,10.0,Medium,Yes,No,"Gym, Pool, Clubhouse, Playground, Garden",North,Owner,Under_Construction
2966.0,Telangana,Warangal,Locality_38,Property_Type,5.0,1613.0,357.89,0.22,2012.0,Unfurnished,2.0,23.0,13.0,6.0,3.0,Low,No,Yes,Garden,West,Owner,Ready_to_Move
2967.0,Andhra Pradesh,Vijayawada,Locality_234,Property_Type,2.0,3697.0,101.77,0.03,2023.0,Unfurnished,23.0,29.0,2.0,8.0,8.0,High,No,Yes,Playground,South,Owner,Ready_to_Move
2968.0,Maharashtra,Pune,Locality_143,Property_Type,2.0,2210.0,13.04,0.01,2023.0,Furnished,10.0,15.0,2.0,5.0,5.0,High,No,No,"Clubhouse, Playground",North,Owner,Ready_to_Move
2969.0,Uttar Pradesh,Lucknow,Locality_33,Property_Type,2.0,3414.0,386.59,0.11,2013.0,Unfurnished,12.0,11.0,12.0,9.0,8.0,Low,Yes,Yes,"Clubhouse, Playground",East,Builder,Under_Construction
2970.0,Uttar Pradesh,Noida,Locality_229,Property_Type,4.0,1265.0,297.96,0.24,2009.0,Semi-furnished,11.0,2.0,16.0,2.0,4.0,High,Yes,No,"Garden, Playground, Pool, Gym, Clubhouse",North,Owner,Under_Construction
2971.0,Punjab,Amritsar,Locality_218,Property_Type,2.0,4136.0,77.18,0.02,2014.0,Unfurnished,5.0,14.0,11.0,1.0,8.0,High,No,No,"Garden, Playground, Clubhouse",East,Owner,Ready_to_Move
2972.0,Delhi,New Delhi,Locality_46,Property_Type,3.0,2223.0,70.83,0.03,2001.0,Unfurnished,24.0,26.0,24.0,1.0,6.0,Medium,Yes,No,Pool,West,Builder,Under_Construction
2973.0,Jharkhand,Ranchi,Locality_182,Property_Type,1.0,4133.0,181.75,0.04,2008.0,Unfurnished,19.0,17.0,17.0,8.0,6.0,Medium,No,Yes,"Pool, Garden",South,Builder,Ready_to_Move
2974.0,Tamil Nadu,Chennai,Locality_182,Property_Type,4.0,3675.0,208.43,0.06,2003.0,Unfurnished,17.0,30.0,22.0,5.0,8.0,High,No,Yes,Playground,West,Builder,Ready_to_Move
2975.0,Chhattisgarh,Bilaspur,Locality_221,Property_Type,2.0,2294.0,369.71,0.16,2015.0,Semi-furnished,16.0,30.0,10.0,6.0,3.0,Medium,No,Yes,Playground,North,Builder,Ready_to_Move
2976.0,Gujarat,Ahmedabad,Locality_431,Property_Type,1.0,1529.0,421.56,0.28,1994.0,Unfurnished,19.0,13.0,31.0,8.0,3.0,Low,No,No,"Playground, Gym, Pool, Garden, Clubhouse",North,Builder,Ready_to_Move
2977.0,Madhya Pradesh,Bhopal,Locality_324,Property_Type,5.0,2785.0,267.97,0.1,2004.0,Semi-furnished,4.0,28.0,21.0,3.0,9.0,High,No,Yes,"Playground, Gym, Pool, Garden, Clubhouse",South,Owner,Under_Construction
2978.0,Haryana,Gurgaon,Locality_175,Property_Type,3.0,2853.0,447.68,0.16,2010.0,Semi-furnished,9.0,30.0,15.0,10.0,3.0,High,No,No,"Garden, Pool, Clubhouse, Gym",South,Builder,Under_Construction
2979.0,Uttar Pradesh,Lucknow,Locality_386,Property_Type,2.0,3399.0,30.95,0.01,2016.0,Semi-furnished,6.0,22.0,9.0,5.0,6.0,Low,Yes,Yes,"Playground, Pool, Clubhouse, Garden",West,Broker,Ready_to_Move
2980.0,Bihar,Patna,Locality_376,Property_Type,4.0,2835.0,345.2,0.12,2002.0,Semi-furnished,10.0,30.0,23.0,1.0,2.0,High,No,No,"Playground, Pool, Clubhouse",South,Builder,Ready_to_Move
2981.0,Tamil Nadu,Coimbatore,Locality_381,Property_Type,5.0,3365.0,121.84,0.04,1996.0,Semi-furnished,16.0,17.0,29.0,10.0,7.0,Medium,Yes,No,"Pool, Gym, Clubhouse",North,Broker,Under_Construction
2982.0,Punjab,Amritsar,Locality_492,Property_Type,2.0,591.0,250.39,0.42,2010.0,Unfurnished,25.0,19.0,15.0,5.0,9.0,Low,No,No,"Playground, Garden",West,Broker,Under_Construction
2983.0,Odisha,Cuttack,Locality_402,Property_Type,2.0,2683.0,63.82,0.02,1997.0,Furnished,6.0,23.0,28.0,2.0,3.0,High,No,No,Garden,West,Builder,Ready_to_Move
2984.0,Assam,Silchar,Locality_28,Property_Type,2.0,2960.0,475.14,0.16,1999.0,Semi-furnished,25.0,30.0,26.0,1.0,2.0,High,Yes,No,"Garden, Pool, Gym, Clubhouse, Playground",East,Broker,Ready_to_Move
2985.0,Haryana,Gurgaon,Locality_173,Property_Type,1.0,925.0,22.51,0.02,1994.0,Furnished,2.0,28.0,31.0,6.0,7.0,High,Yes,Yes,"Gym, Pool, Garden, Clubhouse",East,Broker,Ready_to_Move
2986.0,Uttarakhand,Haridwar,Locality_348,Property_Type,1.0,3129.0,364.83,0.12,2020.0,Furnished,25.0,30.0,5.0,6.0,9.0,Low,Yes,No,"Garden, Gym, Playground",East,Builder,Under_Construction
2987.0,Andhra Pradesh,Vijayawada,Locality_440,Property_Type,4.0,4686.0,190.9,0.04,2008.0,Furnished,13.0,25.0,17.0,5.0,5.0,Medium,No,No,Playground,East,Owner,Under_Construction
2988.0,Uttarakhand,Haridwar,Locality_121,Property_Type,3.0,3850.0,339.24,0.09,2008.0,Unfurnished,18.0,5.0,17.0,5.0,4.0,Medium,No,Yes,"Playground, Gym, Garden",East,Owner,Ready_to_Move
2989.0,Andhra Pradesh,Vishakhapatnam,Locality_375,Property_Type,4.0,3517.0,67.25,0.02,2017.0,Semi-furnished,21.0,13.0,8.0,4.0,6.0,High,No,No,"Playground, Garden, Clubhouse, Gym, Pool",West,Owner,Under_Construction
2990.0,Jharkhand,Ranchi,Locality_239,Property_Type,5.0,4890.0,483.89,0.1,1990.0,Unfurnished,9.0,20.0,35.0,4.0,9.0,High,No,Yes,"Gym, Garden",North,Owner,Under_Construction
2991.0,Tamil Nadu,Chennai,Locality_231,Property_Type,2.0,2076.0,142.38,0.07,2009.0,Furnished,5.0,16.0,16.0,6.0,5.0,Low,Yes,No,"Clubhouse, Garden, Pool, Gym",West,Broker,Under_Construction
2992.0,Madhya Pradesh,Bhopal,Locality_281,Property_Type,5.0,4278.0,296.7,0.07,2017.0,Semi-furnished,20.0,27.0,8.0,5.0,4.0,High,Yes,Yes,"Gym, Pool, Clubhouse, Playground, Garden",South,Owner,Ready_to_Move
2993.0,Madhya Pradesh,Bhopal,Locality_387,Property_Type,1.0,1207.0,328.1,0.27,2008.0,Unfurnished,20.0,9.0,17.0,8.0,3.0,Low,Yes,Yes,"Garden, Gym, Playground",North,Builder,Under_Construction
2994.0,Bihar,Gaya,Locality_185,Property_Type,1.0,3514.0,422.03,0.12,2001.0,Furnished,16.0,17.0,24.0,7.0,10.0,Medium,No,No,"Garden, Playground, Clubhouse, Pool, Gym",North,Owner,Ready_to_Move
2995.0,Uttarakhand,Haridwar,Locality_94,Property_Type,3.0,3684.0,262.98,0.07,1990.0,Semi-furnished,12.0,21.0,35.0,6.0,3.0,Medium,No,No,Pool,South,Builder,Ready_to_Move
2996.0,Gujarat,Ahmedabad,Locality_61,Property_Type,4.0,1674.0,382.97,0.23,2002.0,Furnished,12.0,13.0,23.0,1.0,2.0,High,Yes,Yes,"Pool, Playground",South,Broker,Ready_to_Move
2997.0,Kerala,Kochi,Locality_201,Property_Type,1.0,2371.0,432.86,0.18,1995.0,Semi-furnished,20.0,2.0,30.0,9.0,4.0,Medium,No,Yes,"Playground, Gym",West,Owner,Under_Construction
2998.0,Uttarakhand,Haridwar,Locality_82,Property_Type,2.0,1870.0,55.59,0.03,1991.0,Furnished,0.0,15.0,34.0,8.0,3.0,Medium,No,No,"Gym, Playground, Clubhouse",North,Owner,Ready_to_Move
2999.0,Jharkhand,Jamshedpur,Locality_87,Property_Type,4.0,3008.0,336.38,0.11,2009.0,Furnished,16.0,18.0,16.0,5.0,6.0,Low,No,No,Clubhouse,West,Broker,Ready_to_Move
3000.0,Delhi,New Delhi,Locality_340,Property_Type,3.0,4205.0,40.35,0.01,2023.0,Semi-furnished,24.0,20.0,2.0,4.0,1.0,Low,No,No,"Garden, Pool, Gym",North,Owner,Under_Construction
3001.0,West Bengal,Durgapur,Locality_490,Property_Type,4.0,1597.0,400.83,0.25,2017.0,Unfurnished,11.0,8.0,8.0,5.0,8.0,Medium,No,Yes,"Playground, Gym, Garden",North,Builder,Under_Construction
3002.0,Haryana,Faridabad,Locality_356,Property_Type,4.0,4116.0,107.87,0.03,2014.0,Semi-furnished,27.0,13.0,11.0,8.0,4.0,High,Yes,No,"Gym, Clubhouse, Garden, Pool",East,Builder,Under_Construction
3003.0,Tamil Nadu,Chennai,Locality_342,Property_Type,2.0,1445.0,399.03,0.28,1993.0,Furnished,10.0,8.0,32.0,2.0,4.0,Medium,Yes,No,Pool,East,Builder,Ready_to_Move
3004.0,Rajasthan,Jodhpur,Locality_139,Property_Type,5.0,2827.0,261.22,0.09,1996.0,Furnished,9.0,28.0,29.0,5.0,3.0,Low,No,Yes,"Gym, Clubhouse",South,Broker,Ready_to_Move
3005.0,Kerala,Kochi,Locality_233,Property_Type,4.0,889.0,39.51,0.04,2023.0,Semi-furnished,16.0,7.0,2.0,1.0,5.0,Low,No,No,"Gym, Clubhouse, Garden, Pool, Playground",North,Broker,Ready_to_Move
3006.0,Tamil Nadu,Chennai,Locality_146,Property_Type,2.0,4043.0,125.06,0.03,1991.0,Semi-furnished,10.0,7.0,34.0,2.0,9.0,High,Yes,No,"Clubhouse, Garden",West,Owner,Ready_to_Move
3007.0,Gujarat,Surat,Locality_453,Property_Type,3.0,4047.0,15.74,0.0,2020.0,Semi-furnished,19.0,6.0,5.0,9.0,4.0,Low,No,No,"Clubhouse, Gym",North,Broker,Under_Construction
3008.0,Madhya Pradesh,Indore,Locality_331,Property_Type,1.0,889.0,160.86,0.18,1994.0,Semi-furnished,7.0,3.0,31.0,9.0,10.0,High,Yes,Yes,"Gym, Playground, Clubhouse, Pool, Garden",West,Builder,Ready_to_Move
3009.0,West Bengal,Durgapur,Locality_124,Property_Type,5.0,1610.0,278.26,0.17,1996.0,Unfurnished,9.0,22.0,29.0,9.0,2.0,Medium,Yes,No,"Gym, Pool, Clubhouse, Garden, Playground",West,Builder,Under_Construction
3010.0,Assam,Silchar,Locality_23,Property_Type,5.0,3953.0,155.28,0.04,2021.0,Furnished,16.0,20.0,4.0,6.0,7.0,Low,No,Yes,"Clubhouse, Playground, Gym, Pool, Garden",East,Broker,Ready_to_Move
3011.0,Andhra Pradesh,Vijayawada,Locality_305,Property_Type,1.0,518.0,365.76,0.71,2010.0,Furnished,27.0,25.0,15.0,10.0,9.0,Low,Yes,No,Pool,East,Owner,Under_Construction
3012.0,Telangana,Hyderabad,Locality_13,Property_Type,3.0,2939.0,39.45,0.01,2003.0,Furnished,4.0,18.0,22.0,9.0,8.0,High,No,No,"Garden, Clubhouse, Pool",South,Owner,Ready_to_Move
3013.0,Uttarakhand,Haridwar,Locality_430,Property_Type,5.0,1243.0,382.14,0.31,2010.0,Unfurnished,26.0,8.0,15.0,3.0,1.0,Medium,Yes,No,"Clubhouse, Pool, Garden, Gym, Playground",South,Owner,Ready_to_Move
3014.0,West Bengal,Kolkata,Locality_32,Property_Type,4.0,4818.0,353.89,0.07,2021.0,Semi-furnished,13.0,5.0,4.0,9.0,1.0,Low,Yes,Yes,Playground,West,Owner,Under_Construction
3015.0,Jharkhand,Jamshedpur,Locality_233,Property_Type,5.0,853.0,189.78,0.22,2020.0,Unfurnished,27.0,18.0,5.0,6.0,6.0,High,Yes,No,"Gym, Clubhouse, Garden, Playground, Pool",West,Builder,Under_Construction
3016.0,Andhra Pradesh,Vijayawada,Locality_231,Property_Type,2.0,2867.0,491.98,0.17,1997.0,Unfurnished,17.0,20.0,28.0,6.0,9.0,Medium,Yes,Yes,Playground,North,Owner,Ready_to_Move
3017.0,Telangana,Hyderabad,Locality_9,Property_Type,2.0,1416.0,224.48,0.16,2005.0,Semi-furnished,17.0,5.0,20.0,10.0,2.0,High,No,No,"Garden, Gym, Playground",North,Broker,Ready_to_Move
3018.0,Gujarat,Surat,Locality_261,Property_Type,1.0,3958.0,182.81,0.05,2016.0,Semi-furnished,27.0,27.0,9.0,10.0,3.0,Low,No,No,"Pool, Clubhouse, Playground",East,Broker,Under_Construction
3019.0,Odisha,Bhubaneswar,Locality_310,Property_Type,3.0,873.0,305.24,0.35,1999.0,Semi-furnished,27.0,26.0,26.0,5.0,9.0,Medium,Yes,No,"Clubhouse, Garden",East,Broker,Under_Construction
3020.0,Chhattisgarh,Raipur,Locality_154,Property_Type,3.0,3216.0,43.43,0.01,2020.0,Furnished,26.0,28.0,5.0,3.0,1.0,High,Yes,Yes,Gym,North,Broker,Ready_to_Move
3021.0,Gujarat,Ahmedabad,Locality_347,Property_Type,4.0,1458.0,293.6,0.2,2023.0,Furnished,11.0,2.0,2.0,8.0,5.0,Low,No,Yes,"Pool, Garden",West,Broker,Ready_to_Move
3022.0,Chhattisgarh,Bilaspur,Locality_209,Property_Type,3.0,4301.0,331.37,0.08,2015.0,Furnished,23.0,12.0,10.0,3.0,2.0,Low,Yes,No,"Playground, Garden, Pool, Gym, Clubhouse",North,Broker,Ready_to_Move
3023.0,Gujarat,Ahmedabad,Locality_486,Property_Type,1.0,2848.0,282.3,0.1,2015.0,Semi-furnished,23.0,28.0,10.0,3.0,10.0,Low,No,Yes,"Pool, Gym, Clubhouse, Playground, Garden",North,Broker,Ready_to_Move
3024.0,Odisha,Cuttack,Locality_300,Property_Type,5.0,2618.0,452.79,0.17,2015.0,Semi-furnished,6.0,3.0,10.0,8.0,5.0,Medium,No,No,"Gym, Playground",South,Builder,Under_Construction
3025.0,Kerala,Trivandrum,Locality_243,Property_Type,2.0,1729.0,486.6,0.28,2013.0,Semi-furnished,6.0,30.0,12.0,2.0,4.0,High,Yes,No,"Clubhouse, Playground, Pool, Gym, Garden",South,Broker,Ready_to_Move
3026.0,West Bengal,Kolkata,Locality_12,Property_Type,4.0,2420.0,260.3,0.11,2009.0,Semi-furnished,1.0,30.0,16.0,9.0,5.0,Low,No,Yes,Pool,South,Owner,Under_Construction
3027.0,Gujarat,Surat,Locality_258,Property_Type,3.0,3889.0,242.27,0.06,2007.0,Unfurnished,9.0,24.0,18.0,9.0,3.0,Low,No,Yes,"Clubhouse, Gym, Pool",South,Builder,Under_Construction
3028.0,Haryana,Gurgaon,Locality_39,Property_Type,2.0,761.0,33.13,0.04,1991.0,Unfurnished,19.0,23.0,34.0,3.0,10.0,High,Yes,No,"Playground, Gym",North,Owner,Ready_to_Move
3029.0,Bihar,Gaya,Locality_17,Property_Type,3.0,1978.0,442.6,0.22,1998.0,Semi-furnished,0.0,10.0,27.0,5.0,1.0,Medium,Yes,No,"Pool, Garden, Gym, Playground, Clubhouse",North,Owner,Ready_to_Move
3030.0,Uttarakhand,Haridwar,Locality_395,Property_Type,4.0,2086.0,365.42,0.18,2003.0,Furnished,16.0,19.0,22.0,6.0,4.0,High,Yes,Yes,"Clubhouse, Garden, Playground, Gym, Pool",West,Owner,Ready_to_Move
3031.0,Karnataka,Mysore,Locality_171,Property_Type,5.0,2263.0,475.19,0.21,2004.0,Furnished,12.0,9.0,21.0,4.0,2.0,Medium,Yes,Yes,"Playground, Pool",East,Owner,Under_Construction
3032.0,Madhya Pradesh,Bhopal,Locality_240,Property_Type,5.0,4832.0,375.29,0.08,2001.0,Unfurnished,30.0,17.0,24.0,9.0,10.0,Low,Yes,Yes,"Clubhouse, Playground",West,Builder,Under_Construction
3033.0,Maharashtra,Nagpur,Locality_221,Property_Type,4.0,609.0,126.09,0.21,1991.0,Semi-furnished,1.0,2.0,34.0,1.0,4.0,Low,No,No,"Clubhouse, Garden, Playground",North,Builder,Under_Construction
3034.0,Odisha,Bhubaneswar,Locality_467,Property_Type,2.0,3995.0,142.8,0.04,1991.0,Semi-furnished,5.0,28.0,34.0,5.0,4.0,High,Yes,No,"Pool, Gym, Garden, Clubhouse",South,Owner,Ready_to_Move
3035.0,West Bengal,Durgapur,Locality_439,Property_Type,4.0,3941.0,82.34,0.02,2009.0,Unfurnished,19.0,15.0,16.0,10.0,2.0,Low,Yes,No,"Playground, Clubhouse",West,Broker,Under_Construction
3036.0,Uttar Pradesh,Noida,Locality_315,Property_Type,2.0,616.0,140.36,0.23,2023.0,Semi-furnished,1.0,1.0,2.0,8.0,7.0,Medium,No,Yes,Garden,South,Builder,Ready_to_Move
3037.0,Andhra Pradesh,Vijayawada,Locality_202,Property_Type,1.0,4624.0,386.2,0.08,2019.0,Semi-furnished,18.0,1.0,6.0,3.0,5.0,Medium,Yes,Yes,"Pool, Gym, Clubhouse",West,Owner,Under_Construction
3038.0,Chhattisgarh,Bilaspur,Locality_85,Property_Type,3.0,545.0,123.41,0.23,2018.0,Furnished,13.0,1.0,7.0,8.0,2.0,High,Yes,Yes,"Garden, Clubhouse",West,Broker,Ready_to_Move
3039.0,Assam,Guwahati,Locality_295,Property_Type,1.0,1725.0,18.9,0.01,2019.0,Semi-furnished,15.0,7.0,6.0,3.0,7.0,Low,Yes,No,"Gym, Pool, Clubhouse, Garden",East,Builder,Ready_to_Move
3040.0,Odisha,Bhubaneswar,Locality_230,Property_Type,1.0,4730.0,46.05,0.01,1994.0,Semi-furnished,11.0,10.0,31.0,5.0,6.0,High,Yes,No,"Playground, Pool, Garden, Gym, Clubhouse",East,Owner,Ready_to_Move
3041.0,Telangana,Hyderabad,Locality_76,Property_Type,3.0,3011.0,348.8,0.12,2018.0,Unfurnished,23.0,22.0,7.0,4.0,1.0,High,No,Yes,"Pool, Gym",South,Builder,Ready_to_Move
3042.0,Odisha,Cuttack,Locality_5,Property_Type,5.0,4049.0,259.64,0.06,2020.0,Unfurnished,1.0,3.0,5.0,7.0,3.0,Low,Yes,No,"Clubhouse, Pool, Garden, Playground",North,Broker,Ready_to_Move
3043.0,Telangana,Warangal,Locality_286,Property_Type,1.0,4560.0,439.61,0.1,2016.0,Unfurnished,14.0,5.0,9.0,10.0,1.0,Low,Yes,No,"Pool, Gym, Playground",North,Broker,Under_Construction
3044.0,Bihar,Gaya,Locality_116,Property_Type,1.0,1352.0,55.06,0.04,2013.0,Unfurnished,21.0,18.0,12.0,10.0,10.0,Low,Yes,Yes,"Garden, Playground, Gym, Pool, Clubhouse",South,Broker,Under_Construction
3045.0,Odisha,Bhubaneswar,Locality_379,Property_Type,3.0,1552.0,459.23,0.3,2002.0,Furnished,27.0,21.0,23.0,10.0,2.0,High,Yes,No,"Pool, Playground, Garden, Clubhouse",North,Builder,Ready_to_Move
3046.0,Gujarat,Surat,Locality_275,Property_Type,1.0,810.0,53.47,0.07,2002.0,Semi-furnished,25.0,24.0,23.0,7.0,9.0,High,No,Yes,Garden,East,Owner,Ready_to_Move
3047.0,Delhi,Dwarka,Locality_178,Property_Type,2.0,786.0,226.08,0.29,2014.0,Unfurnished,13.0,9.0,11.0,1.0,3.0,Medium,Yes,Yes,"Gym, Playground, Garden, Clubhouse",South,Builder,Ready_to_Move
3048.0,Jharkhand,Ranchi,Locality_202,Property_Type,2.0,3890.0,46.58,0.01,1997.0,Furnished,20.0,11.0,28.0,9.0,9.0,High,No,No,Gym,East,Builder,Under_Construction
3049.0,Maharashtra,Pune,Locality_213,Property_Type,2.0,2775.0,340.66,0.12,1996.0,Unfurnished,7.0,10.0,29.0,5.0,5.0,High,No,Yes,"Pool, Garden, Playground, Gym, Clubhouse",South,Broker,Ready_to_Move
3050.0,Rajasthan,Jaipur,Locality_162,Property_Type,3.0,3962.0,217.54,0.05,2008.0,Semi-furnished,9.0,8.0,17.0,2.0,6.0,Medium,No,Yes,Garden,North,Owner,Ready_to_Move
3051.0,Kerala,Kochi,Locality_352,Property_Type,2.0,1011.0,175.8,0.17,2023.0,Semi-furnished,1.0,19.0,2.0,5.0,3.0,High,No,Yes,"Pool, Clubhouse, Playground, Garden, Gym",South,Broker,Under_Construction
3052.0,Karnataka,Bangalore,Locality_368,Property_Type,1.0,1800.0,209.84,0.12,1997.0,Furnished,27.0,23.0,28.0,9.0,3.0,High,Yes,Yes,"Playground, Pool, Gym, Garden",South,Owner,Under_Construction
3053.0,Punjab,Ludhiana,Locality_29,Property_Type,5.0,535.0,19.71,0.04,2003.0,Furnished,10.0,5.0,22.0,4.0,9.0,Medium,Yes,No,Pool,East,Broker,Under_Construction
3054.0,Rajasthan,Jodhpur,Locality_455,Property_Type,5.0,1981.0,276.86,0.14,2000.0,Furnished,26.0,18.0,25.0,7.0,2.0,Medium,No,No,"Clubhouse, Gym, Pool, Garden, Playground",North,Builder,Under_Construction
3055.0,Chhattisgarh,Raipur,Locality_340,Property_Type,4.0,2199.0,56.51,0.03,2017.0,Semi-furnished,13.0,8.0,8.0,7.0,2.0,Medium,Yes,Yes,"Gym, Playground",North,Builder,Ready_to_Move
3056.0,Kerala,Kochi,Locality_228,Property_Type,4.0,3417.0,403.67,0.12,1990.0,Unfurnished,27.0,2.0,35.0,5.0,4.0,Low,No,Yes,"Gym, Garden, Playground",West,Builder,Under_Construction
3057.0,Gujarat,Ahmedabad,Locality_192,Property_Type,3.0,4488.0,354.11,0.08,2005.0,Unfurnished,7.0,26.0,20.0,10.0,4.0,Medium,Yes,No,"Pool, Gym, Playground, Clubhouse, Garden",West,Owner,Ready_to_Move
3058.0,Bihar,Patna,Locality_299,Property_Type,2.0,2185.0,64.29,0.03,2013.0,Semi-furnished,20.0,18.0,12.0,1.0,8.0,High,No,No,"Garden, Pool, Playground, Gym",East,Owner,Under_Construction
3059.0,Jharkhand,Jamshedpur,Locality_467,Property_Type,4.0,4935.0,49.93,0.01,2005.0,Semi-furnished,10.0,5.0,20.0,2.0,5.0,Low,No,Yes,Garden,East,Builder,Under_Construction
3060.0,Odisha,Bhubaneswar,Locality_199,Property_Type,5.0,3787.0,233.54,0.06,2017.0,Furnished,12.0,15.0,8.0,1.0,6.0,Medium,No,Yes,Garden,South,Builder,Ready_to_Move
3061.0,Chhattisgarh,Raipur,Locality_218,Property_Type,1.0,2676.0,456.15,0.17,2003.0,Unfurnished,6.0,18.0,22.0,8.0,4.0,Low,No,No,"Garden, Gym, Clubhouse, Playground, Pool",North,Builder,Under_Construction
3062.0,Assam,Silchar,Locality_417,Property_Type,1.0,1855.0,253.86,0.14,2003.0,Semi-furnished,9.0,5.0,22.0,5.0,7.0,High,No,No,"Playground, Pool, Gym, Clubhouse",North,Broker,Under_Construction
3063.0,Tamil Nadu,Coimbatore,Locality_154,Property_Type,5.0,3510.0,383.57,0.11,2015.0,Unfurnished,16.0,26.0,10.0,7.0,10.0,High,No,Yes,"Clubhouse, Pool, Gym, Garden, Playground",South,Broker,Ready_to_Move
3064.0,Jharkhand,Ranchi,Locality_375,Property_Type,1.0,1584.0,336.4,0.21,2016.0,Semi-furnished,19.0,7.0,9.0,2.0,6.0,Medium,Yes,Yes,"Gym, Garden",West,Broker,Under_Construction
3065.0,Tamil Nadu,Coimbatore,Locality_7,Property_Type,4.0,3484.0,393.48,0.11,1990.0,Semi-furnished,1.0,1.0,35.0,4.0,1.0,Medium,Yes,No,"Pool, Gym, Garden, Clubhouse, Playground",West,Builder,Ready_to_Move
3066.0,Punjab,Ludhiana,Locality_486,Property_Type,3.0,4521.0,358.94,0.08,2023.0,Unfurnished,13.0,6.0,2.0,7.0,2.0,High,No,Yes,"Garden, Pool, Gym, Playground, Clubhouse",South,Owner,Under_Construction
3067.0,Chhattisgarh,Raipur,Locality_254,Property_Type,4.0,1611.0,170.97,0.11,2007.0,Unfurnished,9.0,1.0,18.0,4.0,2.0,Low,No,No,"Garden, Pool",East,Owner,Ready_to_Move
3068.0,Madhya Pradesh,Indore,Locality_148,Property_Type,2.0,2212.0,290.75,0.13,2012.0,Furnished,24.0,2.0,13.0,5.0,10.0,Low,No,Yes,"Clubhouse, Gym, Pool, Garden, Playground",East,Builder,Under_Construction
3069.0,Chhattisgarh,Raipur,Locality_377,Property_Type,4.0,1518.0,435.12,0.29,1990.0,Unfurnished,21.0,5.0,35.0,6.0,2.0,High,No,No,"Garden, Playground",North,Builder,Ready_to_Move
3070.0,Karnataka,Mysore,Locality_471,Property_Type,2.0,3535.0,150.83,0.04,2013.0,Furnished,6.0,29.0,12.0,4.0,7.0,Medium,No,Yes,"Pool, Clubhouse, Garden",East,Broker,Under_Construction
3071.0,Bihar,Patna,Locality_43,Property_Type,2.0,1164.0,288.44,0.25,2008.0,Furnished,22.0,21.0,17.0,2.0,3.0,High,No,No,"Garden, Playground",West,Owner,Under_Construction
3072.0,Chhattisgarh,Raipur,Locality_486,Property_Type,5.0,3546.0,51.66,0.01,2005.0,Semi-furnished,24.0,26.0,20.0,7.0,5.0,Medium,No,No,"Playground, Gym, Garden, Pool, Clubhouse",West,Broker,Ready_to_Move
3073.0,Uttar Pradesh,Noida,Locality_338,Property_Type,2.0,3373.0,309.71,0.09,1999.0,Semi-furnished,17.0,6.0,26.0,8.0,1.0,Medium,Yes,Yes,"Playground, Clubhouse, Pool, Garden, Gym",North,Broker,Under_Construction
3074.0,Telangana,Hyderabad,Locality_495,Property_Type,4.0,1922.0,111.2,0.06,2022.0,Furnished,4.0,20.0,3.0,10.0,2.0,High,No,Yes,Clubhouse,East,Owner,Ready_to_Move
3075.0,Tamil Nadu,Coimbatore,Locality_444,Property_Type,2.0,761.0,218.75,0.29,2017.0,Furnished,28.0,13.0,8.0,9.0,9.0,Low,Yes,Yes,Pool,East,Broker,Ready_to_Move
3076.0,Rajasthan,Jodhpur,Locality_286,Property_Type,4.0,688.0,222.17,0.32,2000.0,Unfurnished,5.0,27.0,25.0,4.0,9.0,Low,No,No,"Pool, Garden, Clubhouse, Playground",North,Broker,Ready_to_Move
3077.0,Kerala,Kochi,Locality_342,Property_Type,3.0,3842.0,91.96,0.02,2016.0,Semi-furnished,20.0,3.0,9.0,6.0,6.0,Low,Yes,No,"Playground, Clubhouse, Pool, Garden",North,Builder,Under_Construction
3078.0,Karnataka,Mangalore,Locality_136,Property_Type,1.0,2912.0,281.91,0.1,2019.0,Furnished,24.0,16.0,6.0,8.0,1.0,Medium,Yes,No,"Pool, Playground, Clubhouse, Garden, Gym",North,Owner,Under_Construction
3079.0,Bihar,Gaya,Locality_316,Property_Type,4.0,3183.0,301.6,0.09,2022.0,Furnished,4.0,16.0,3.0,8.0,4.0,Low,Yes,Yes,"Garden, Playground, Clubhouse, Pool, Gym",North,Broker,Under_Construction
3080.0,Punjab,Amritsar,Locality_230,Property_Type,4.0,1888.0,416.06,0.22,2011.0,Unfurnished,20.0,6.0,14.0,9.0,5.0,Medium,Yes,Yes,"Garden, Pool",North,Broker,Under_Construction
3081.0,Madhya Pradesh,Indore,Locality_408,Property_Type,1.0,3801.0,277.44,0.07,2003.0,Furnished,20.0,11.0,22.0,5.0,1.0,High,Yes,Yes,"Pool, Clubhouse, Playground, Gym, Garden",South,Owner,Ready_to_Move
3082.0,Delhi,New Delhi,Locality_81,Property_Type,5.0,1460.0,368.8,0.25,1991.0,Furnished,5.0,14.0,34.0,6.0,2.0,Medium,No,Yes,"Pool, Garden, Clubhouse, Playground, Gym",South,Owner,Under_Construction
3083.0,Bihar,Gaya,Locality_406,Property_Type,4.0,1961.0,15.33,0.01,2012.0,Unfurnished,30.0,29.0,13.0,1.0,10.0,Medium,Yes,No,"Gym, Garden",North,Broker,Under_Construction
3084.0,Tamil Nadu,Coimbatore,Locality_355,Property_Type,2.0,1370.0,243.03,0.18,2020.0,Furnished,3.0,14.0,5.0,6.0,8.0,High,No,Yes,Garden,South,Broker,Under_Construction
3085.0,Rajasthan,Jaipur,Locality_382,Property_Type,4.0,2807.0,295.24,0.11,2022.0,Unfurnished,19.0,25.0,3.0,1.0,1.0,High,Yes,Yes,"Playground, Clubhouse, Garden, Pool, Gym",East,Broker,Ready_to_Move
3086.0,Uttar Pradesh,Noida,Locality_172,Property_Type,5.0,1225.0,233.93,0.19,2006.0,Semi-furnished,6.0,17.0,19.0,1.0,2.0,High,Yes,No,"Clubhouse, Garden",West,Builder,Under_Construction
3087.0,Jharkhand,Ranchi,Locality_471,Property_Type,4.0,4662.0,202.36,0.04,2019.0,Furnished,9.0,24.0,6.0,8.0,6.0,High,No,No,"Gym, Playground",South,Owner,Under_Construction
3088.0,Madhya Pradesh,Indore,Locality_96,Property_Type,5.0,2151.0,366.67,0.17,2007.0,Semi-furnished,26.0,24.0,18.0,3.0,4.0,Low,Yes,No,"Garden, Playground, Clubhouse, Gym",East,Broker,Ready_to_Move
3089.0,Uttarakhand,Haridwar,Locality_29,Property_Type,1.0,1996.0,197.56,0.1,2016.0,Furnished,25.0,30.0,9.0,6.0,7.0,Low,No,Yes,"Clubhouse, Gym, Pool, Playground",North,Broker,Ready_to_Move
3090.0,Telangana,Warangal,Locality_253,Property_Type,3.0,3305.0,197.52,0.06,1995.0,Semi-furnished,8.0,28.0,30.0,10.0,10.0,High,Yes,No,"Playground, Gym, Pool",West,Broker,Under_Construction
3091.0,Gujarat,Ahmedabad,Locality_77,Property_Type,5.0,1686.0,437.95,0.26,2007.0,Unfurnished,18.0,21.0,18.0,5.0,2.0,High,No,No,"Gym, Clubhouse, Pool, Playground",East,Builder,Under_Construction
3092.0,Uttarakhand,Haridwar,Locality_162,Property_Type,2.0,3661.0,202.09,0.06,1997.0,Semi-furnished,20.0,16.0,28.0,2.0,2.0,High,No,Yes,"Garden, Pool, Gym",South,Broker,Under_Construction
3093.0,West Bengal,Durgapur,Locality_184,Property_Type,1.0,2998.0,344.63,0.11,2009.0,Semi-furnished,2.0,9.0,16.0,1.0,4.0,Medium,No,No,"Clubhouse, Pool, Garden, Gym",South,Broker,Ready_to_Move
3094.0,Uttar Pradesh,Noida,Locality_369,Property_Type,1.0,3552.0,68.62,0.02,2014.0,Furnished,6.0,5.0,11.0,2.0,5.0,Low,Yes,No,"Gym, Pool, Playground",South,Broker,Ready_to_Move
3095.0,Uttar Pradesh,Noida,Locality_232,Property_Type,5.0,4138.0,438.66,0.11,1991.0,Unfurnished,4.0,13.0,34.0,9.0,4.0,Medium,No,Yes,"Playground, Garden",South,Builder,Ready_to_Move
3096.0,Karnataka,Mangalore,Locality_213,Property_Type,3.0,1308.0,46.21,0.04,2012.0,Furnished,23.0,8.0,13.0,9.0,5.0,High,Yes,No,Pool,North,Owner,Under_Construction
3097.0,Jharkhand,Ranchi,Locality_270,Property_Type,3.0,2100.0,213.7,0.1,2005.0,Semi-furnished,3.0,14.0,20.0,1.0,7.0,Medium,Yes,No,Clubhouse,South,Broker,Under_Construction
3098.0,Madhya Pradesh,Indore,Locality_407,Property_Type,4.0,3515.0,69.91,0.02,2006.0,Furnished,16.0,8.0,19.0,5.0,3.0,Medium,No,No,"Gym, Playground, Clubhouse",North,Owner,Ready_to_Move
3099.0,Chhattisgarh,Raipur,Locality_450,Property_Type,4.0,4213.0,43.08,0.01,2000.0,Unfurnished,18.0,3.0,25.0,10.0,8.0,High,No,Yes,"Pool, Gym, Clubhouse",South,Owner,Ready_to_Move
3100.0,Punjab,Ludhiana,Locality_340,Property_Type,3.0,4249.0,408.08,0.1,2017.0,Unfurnished,6.0,7.0,8.0,9.0,6.0,Low,Yes,No,"Playground, Gym",North,Builder,Ready_to_Move
3101.0,Uttarakhand,Haridwar,Locality_262,Property_Type,4.0,3756.0,419.25,0.11,2006.0,Semi-furnished,10.0,13.0,19.0,9.0,1.0,Medium,No,Yes,"Clubhouse, Garden, Pool, Gym, Playground",South,Owner,Under_Construction
3102.0,Chhattisgarh,Raipur,Locality_231,Property_Type,3.0,2372.0,40.65,0.02,1997.0,Furnished,17.0,21.0,28.0,10.0,1.0,Low,Yes,Yes,"Pool, Clubhouse, Garden, Gym",East,Broker,Ready_to_Move
3103.0,Gujarat,Ahmedabad,Locality_88,Property_Type,5.0,4554.0,174.31,0.04,1995.0,Furnished,20.0,6.0,30.0,2.0,5.0,High,Yes,Yes,"Clubhouse, Gym",South,Owner,Under_Construction
3104.0,Haryana,Faridabad,Locality_158,Property_Type,1.0,3778.0,154.04,0.04,2013.0,Unfurnished,2.0,23.0,12.0,8.0,4.0,Medium,No,Yes,"Garden, Gym, Playground, Pool",East,Owner,Ready_to_Move
3105.0,Kerala,Trivandrum,Locality_194,Property_Type,2.0,4080.0,473.36,0.12,2019.0,Unfurnished,18.0,11.0,6.0,3.0,6.0,Low,No,Yes,"Clubhouse, Pool",South,Builder,Under_Construction
3106.0,Kerala,Trivandrum,Locality_135,Property_Type,4.0,1447.0,283.79,0.2,2001.0,Furnished,0.0,3.0,24.0,10.0,8.0,Medium,No,Yes,"Pool, Clubhouse, Playground, Garden",East,Broker,Ready_to_Move
3107.0,Jharkhand,Jamshedpur,Locality_92,Property_Type,3.0,3585.0,16.21,0.0,1999.0,Furnished,12.0,22.0,26.0,7.0,3.0,High,Yes,Yes,Pool,South,Builder,Ready_to_Move
3108.0,Punjab,Amritsar,Locality_310,Property_Type,2.0,1779.0,239.34,0.13,2014.0,Unfurnished,1.0,2.0,11.0,1.0,10.0,Medium,Yes,Yes,"Playground, Gym, Clubhouse, Pool",West,Broker,Ready_to_Move
3109.0,Assam,Silchar,Locality_207,Property_Type,5.0,1318.0,290.12,0.22,2023.0,Unfurnished,26.0,28.0,2.0,6.0,8.0,High,No,Yes,"Garden, Pool, Playground, Gym",West,Builder,Ready_to_Move
3110.0,Tamil Nadu,Chennai,Locality_129,Property_Type,3.0,1633.0,74.71,0.05,2016.0,Unfurnished,19.0,29.0,9.0,8.0,4.0,Low,Yes,Yes,"Gym, Playground",West,Broker,Under_Construction
3111.0,West Bengal,Durgapur,Locality_129,Property_Type,2.0,4824.0,62.63,0.01,1995.0,Unfurnished,22.0,11.0,30.0,6.0,2.0,Low,No,Yes,"Clubhouse, Pool, Gym, Garden",West,Owner,Under_Construction
3112.0,Telangana,Warangal,Locality_472,Property_Type,1.0,2780.0,484.5,0.17,1994.0,Furnished,26.0,13.0,31.0,9.0,2.0,High,Yes,Yes,"Pool, Garden, Clubhouse, Gym, Playground",West,Owner,Under_Construction
3113.0,Karnataka,Mysore,Locality_247,Property_Type,5.0,2313.0,410.96,0.18,2008.0,Furnished,12.0,26.0,17.0,7.0,4.0,High,No,Yes,"Gym, Pool, Playground",East,Owner,Under_Construction
3114.0,Punjab,Amritsar,Locality_263,Property_Type,4.0,2703.0,189.9,0.07,2023.0,Unfurnished,7.0,14.0,2.0,7.0,4.0,Medium,No,No,"Playground, Clubhouse, Pool",East,Broker,Ready_to_Move
3115.0,West Bengal,Durgapur,Locality_211,Property_Type,2.0,2741.0,175.12,0.06,2002.0,Unfurnished,1.0,24.0,23.0,2.0,2.0,Low,No,No,"Gym, Pool, Clubhouse, Playground",South,Broker,Under_Construction
3116.0,West Bengal,Durgapur,Locality_153,Property_Type,5.0,1912.0,340.53,0.18,2010.0,Semi-furnished,21.0,29.0,15.0,1.0,4.0,Low,Yes,No,"Playground, Gym, Garden, Pool, Clubhouse",North,Owner,Under_Construction
3117.0,Rajasthan,Jodhpur,Locality_90,Property_Type,4.0,3087.0,397.1,0.13,1996.0,Unfurnished,23.0,30.0,29.0,9.0,4.0,Low,No,No,"Clubhouse, Pool",West,Broker,Under_Construction
3118.0,West Bengal,Durgapur,Locality_73,Property_Type,5.0,2774.0,354.16,0.13,2001.0,Semi-furnished,4.0,11.0,24.0,5.0,7.0,Medium,No,No,"Playground, Gym, Pool, Clubhouse",North,Builder,Ready_to_Move
3119.0,Haryana,Gurgaon,Locality_7,Property_Type,2.0,4843.0,455.81,0.09,2003.0,Furnished,23.0,6.0,22.0,5.0,3.0,High,No,No,Gym,North,Owner,Ready_to_Move
3120.0,Rajasthan,Jaipur,Locality_302,Property_Type,3.0,2861.0,203.17,0.07,2001.0,Semi-furnished,10.0,8.0,24.0,2.0,2.0,Low,Yes,No,Gym,North,Builder,Ready_to_Move
3121.0,Andhra Pradesh,Vishakhapatnam,Locality_304,Property_Type,4.0,4494.0,30.3,0.01,2009.0,Unfurnished,10.0,23.0,16.0,7.0,6.0,Low,No,No,"Clubhouse, Gym, Playground, Garden, Pool",West,Builder,Ready_to_Move
3122.0,Odisha,Bhubaneswar,Locality_157,Property_Type,3.0,4303.0,167.82,0.04,2021.0,Semi-furnished,7.0,7.0,4.0,1.0,9.0,High,Yes,No,Pool,South,Builder,Under_Construction
3123.0,West Bengal,Kolkata,Locality_349,Property_Type,5.0,4569.0,33.41,0.01,2012.0,Unfurnished,14.0,25.0,13.0,9.0,1.0,Medium,Yes,Yes,"Clubhouse, Playground",North,Builder,Ready_to_Move
3124.0,Jharkhand,Ranchi,Locality_14,Property_Type,4.0,2841.0,459.6,0.16,2013.0,Semi-furnished,14.0,3.0,12.0,4.0,3.0,Medium,No,Yes,"Playground, Gym, Garden, Pool, Clubhouse",South,Owner,Ready_to_Move
3125.0,Punjab,Amritsar,Locality_228,Property_Type,3.0,4730.0,273.44,0.06,2007.0,Furnished,0.0,9.0,18.0,2.0,6.0,High,No,Yes,"Pool, Gym, Playground",East,Builder,Under_Construction
3126.0,Telangana,Warangal,Locality_299,Property_Type,1.0,1772.0,400.89,0.23,2003.0,Furnished,23.0,12.0,22.0,9.0,3.0,Low,Yes,Yes,"Gym, Pool, Playground, Garden",North,Owner,Under_Construction
3127.0,Andhra Pradesh,Vijayawada,Locality_72,Property_Type,3.0,3312.0,207.46,0.06,2012.0,Furnished,15.0,23.0,13.0,6.0,3.0,Medium,Yes,Yes,"Playground, Clubhouse, Gym",North,Owner,Under_Construction
3128.0,Bihar,Patna,Locality_267,Property_Type,1.0,854.0,225.92,0.26,1997.0,Unfurnished,25.0,4.0,28.0,7.0,7.0,Medium,No,Yes,"Pool, Playground, Clubhouse, Garden, Gym",West,Builder,Ready_to_Move
3129.0,Delhi,New Delhi,Locality_401,Property_Type,3.0,3309.0,123.02,0.04,2004.0,Unfurnished,22.0,8.0,21.0,7.0,8.0,Low,Yes,No,"Clubhouse, Garden, Gym, Pool, Playground",West,Builder,Ready_to_Move
3130.0,Delhi,Dwarka,Locality_287,Property_Type,5.0,1998.0,80.33,0.04,2015.0,Furnished,29.0,22.0,10.0,9.0,4.0,High,Yes,Yes,"Garden, Pool, Playground, Gym",West,Broker,Ready_to_Move
3131.0,Andhra Pradesh,Vishakhapatnam,Locality_460,Property_Type,5.0,3253.0,279.86,0.09,1996.0,Furnished,14.0,14.0,29.0,10.0,5.0,High,Yes,Yes,Garden,South,Builder,Ready_to_Move
3132.0,Assam,Silchar,Locality_216,Property_Type,2.0,2838.0,374.21,0.13,2015.0,Unfurnished,16.0,19.0,10.0,5.0,8.0,High,No,No,"Pool, Gym, Garden, Playground, Clubhouse",East,Broker,Under_Construction
3133.0,Punjab,Ludhiana,Locality_355,Property_Type,3.0,3626.0,496.98,0.14,2004.0,Furnished,0.0,11.0,21.0,3.0,6.0,High,Yes,No,"Garden, Playground, Gym, Pool, Clubhouse",East,Owner,Under_Construction
3134.0,Madhya Pradesh,Bhopal,Locality_276,Property_Type,2.0,3196.0,116.0,0.04,2005.0,Unfurnished,13.0,27.0,20.0,8.0,6.0,Low,Yes,Yes,Playground,East,Owner,Ready_to_Move
3135.0,Bihar,Patna,Locality_343,Property_Type,1.0,2346.0,78.08,0.03,2022.0,Furnished,4.0,30.0,3.0,7.0,4.0,Low,Yes,No,"Pool, Playground, Clubhouse",North,Owner,Under_Construction
3136.0,Odisha,Bhubaneswar,Locality_404,Property_Type,3.0,1619.0,324.31,0.2,2001.0,Unfurnished,10.0,24.0,24.0,7.0,10.0,Low,Yes,No,"Clubhouse, Pool, Playground, Gym",South,Broker,Ready_to_Move
3137.0,Haryana,Gurgaon,Locality_66,Property_Type,3.0,900.0,398.89,0.44,1999.0,Furnished,17.0,25.0,26.0,2.0,6.0,High,Yes,Yes,"Garden, Pool, Playground",East,Owner,Ready_to_Move
3138.0,Jharkhand,Jamshedpur,Locality_167,Property_Type,4.0,3816.0,109.59,0.03,2004.0,Furnished,5.0,24.0,21.0,4.0,4.0,High,No,Yes,"Garden, Clubhouse, Gym, Playground, Pool",East,Broker,Under_Construction
3139.0,Maharashtra,Nagpur,Locality_103,Property_Type,3.0,2367.0,486.94,0.21,1993.0,Furnished,3.0,30.0,32.0,3.0,4.0,Low,No,No,"Playground, Gym, Clubhouse, Garden, Pool",East,Builder,Under_Construction
3140.0,Delhi,New Delhi,Locality_244,Property_Type,5.0,2034.0,215.44,0.11,1999.0,Unfurnished,7.0,23.0,26.0,1.0,5.0,Low,No,Yes,"Pool, Gym, Garden, Playground, Clubhouse",East,Owner,Under_Construction
3141.0,Bihar,Gaya,Locality_243,Property_Type,3.0,4679.0,238.15,0.05,2022.0,Semi-furnished,15.0,16.0,3.0,3.0,6.0,High,No,No,Playground,South,Broker,Under_Construction
3142.0,Madhya Pradesh,Indore,Locality_427,Property_Type,3.0,2742.0,489.44,0.18,2003.0,Furnished,24.0,26.0,22.0,3.0,4.0,Low,Yes,Yes,"Garden, Gym, Pool, Playground, Clubhouse",South,Broker,Ready_to_Move
3143.0,Delhi,Dwarka,Locality_333,Property_Type,4.0,2835.0,177.23,0.06,2009.0,Unfurnished,7.0,18.0,16.0,5.0,4.0,High,No,Yes,"Playground, Garden, Pool, Gym",North,Owner,Under_Construction
3144.0,Chhattisgarh,Bilaspur,Locality_65,Property_Type,4.0,1221.0,149.42,0.12,1998.0,Unfurnished,2.0,29.0,27.0,2.0,7.0,Low,Yes,Yes,"Garden, Gym, Playground, Clubhouse, Pool",East,Builder,Ready_to_Move
3145.0,Andhra Pradesh,Vijayawada,Locality_9,Property_Type,5.0,1553.0,490.72,0.32,2006.0,Unfurnished,5.0,8.0,19.0,7.0,6.0,Medium,No,Yes,"Clubhouse, Pool",North,Broker,Under_Construction
3146.0,Uttar Pradesh,Noida,Locality_127,Property_Type,4.0,610.0,402.62,0.66,2002.0,Furnished,8.0,22.0,23.0,6.0,10.0,Medium,Yes,Yes,"Gym, Clubhouse",West,Broker,Ready_to_Move
3147.0,Telangana,Hyderabad,Locality_19,Property_Type,2.0,1678.0,288.51,0.17,2010.0,Furnished,25.0,30.0,15.0,1.0,8.0,Low,Yes,No,Garden,North,Owner,Under_Construction
3148.0,Uttar Pradesh,Noida,Locality_94,Property_Type,3.0,2672.0,169.9,0.06,2008.0,Furnished,20.0,5.0,17.0,1.0,7.0,High,No,Yes,"Pool, Clubhouse",North,Owner,Under_Construction
3149.0,Odisha,Cuttack,Locality_237,Property_Type,4.0,1777.0,440.01,0.25,1994.0,Unfurnished,29.0,2.0,31.0,10.0,6.0,High,Yes,Yes,Clubhouse,West,Builder,Ready_to_Move
3150.0,Punjab,Amritsar,Locality_274,Property_Type,2.0,3370.0,76.03,0.02,2014.0,Furnished,23.0,6.0,11.0,3.0,5.0,High,Yes,No,"Pool, Gym, Playground, Garden, Clubhouse",East,Broker,Ready_to_Move
3151.0,Haryana,Faridabad,Locality_75,Property_Type,5.0,4294.0,308.95,0.07,2001.0,Semi-furnished,1.0,21.0,24.0,4.0,4.0,Low,Yes,No,"Pool, Clubhouse, Gym",East,Owner,Ready_to_Move
3152.0,Kerala,Trivandrum,Locality_295,Property_Type,5.0,2885.0,317.99,0.11,2020.0,Furnished,20.0,29.0,5.0,8.0,4.0,High,No,No,"Garden, Clubhouse, Gym, Pool",South,Broker,Ready_to_Move
3153.0,Haryana,Gurgaon,Locality_95,Property_Type,4.0,2943.0,272.22,0.09,1999.0,Furnished,8.0,7.0,26.0,1.0,7.0,High,Yes,Yes,"Clubhouse, Pool, Playground, Gym",East,Owner,Ready_to_Move
3154.0,Chhattisgarh,Raipur,Locality_264,Property_Type,1.0,2448.0,285.0,0.12,1992.0,Unfurnished,2.0,17.0,33.0,3.0,5.0,Low,No,Yes,"Pool, Playground, Garden, Gym",North,Builder,Ready_to_Move
3155.0,Jharkhand,Jamshedpur,Locality_376,Property_Type,3.0,4789.0,355.3,0.07,1991.0,Semi-furnished,6.0,27.0,34.0,10.0,7.0,Medium,No,No,"Clubhouse, Playground",East,Owner,Ready_to_Move
3156.0,West Bengal,Durgapur,Locality_35,Property_Type,5.0,1787.0,156.89,0.09,1998.0,Unfurnished,28.0,19.0,27.0,1.0,1.0,High,No,No,"Garden, Pool, Playground",West,Builder,Under_Construction
3157.0,Jharkhand,Jamshedpur,Locality_50,Property_Type,2.0,3230.0,282.68,0.09,2017.0,Semi-furnished,0.0,14.0,8.0,5.0,8.0,High,Yes,No,"Garden, Playground, Gym",North,Builder,Ready_to_Move
3158.0,Odisha,Bhubaneswar,Locality_345,Property_Type,5.0,937.0,419.22,0.45,1992.0,Furnished,18.0,4.0,33.0,10.0,2.0,Low,No,No,"Pool, Garden, Clubhouse, Gym",South,Broker,Ready_to_Move
3159.0,Haryana,Faridabad,Locality_187,Property_Type,2.0,1379.0,469.58,0.34,2010.0,Semi-furnished,25.0,8.0,15.0,10.0,10.0,Medium,Yes,Yes,"Pool, Gym, Garden",North,Owner,Under_Construction
3160.0,Karnataka,Mysore,Locality_360,Property_Type,2.0,3541.0,265.83,0.08,2021.0,Semi-furnished,10.0,25.0,4.0,10.0,10.0,Medium,Yes,No,"Pool, Clubhouse, Playground, Gym, Garden",West,Builder,Ready_to_Move
3161.0,Karnataka,Mangalore,Locality_341,Property_Type,4.0,648.0,123.88,0.19,1991.0,Furnished,0.0,28.0,34.0,8.0,1.0,High,Yes,No,"Clubhouse, Pool",North,Owner,Under_Construction
3162.0,Tamil Nadu,Chennai,Locality_200,Property_Type,1.0,4241.0,277.33,0.07,2004.0,Semi-furnished,20.0,22.0,21.0,6.0,3.0,Medium,No,No,"Clubhouse, Playground, Garden, Gym",South,Builder,Under_Construction
3163.0,Bihar,Patna,Locality_86,Property_Type,3.0,1165.0,385.18,0.33,2003.0,Furnished,3.0,17.0,22.0,1.0,1.0,Low,Yes,Yes,Gym,West,Owner,Ready_to_Move
3164.0,Maharashtra,Nagpur,Locality_211,Property_Type,3.0,1908.0,425.21,0.22,2019.0,Semi-furnished,3.0,7.0,6.0,9.0,10.0,Medium,Yes,No,"Playground, Clubhouse, Pool, Garden, Gym",East,Owner,Ready_to_Move
3165.0,Tamil Nadu,Chennai,Locality_216,Property_Type,1.0,1509.0,374.85,0.25,2002.0,Furnished,19.0,22.0,23.0,8.0,7.0,Low,Yes,Yes,"Gym, Clubhouse",East,Owner,Ready_to_Move
3166.0,Gujarat,Ahmedabad,Locality_421,Property_Type,1.0,773.0,246.78,0.32,2002.0,Unfurnished,16.0,9.0,23.0,7.0,1.0,High,No,No,"Garden, Clubhouse, Pool, Playground",East,Broker,Ready_to_Move
3167.0,Bihar,Patna,Locality_5,Property_Type,3.0,3935.0,396.06,0.1,2020.0,Unfurnished,5.0,27.0,5.0,3.0,3.0,Low,Yes,No,"Clubhouse, Pool",North,Owner,Ready_to_Move
3168.0,Bihar,Patna,Locality_90,Property_Type,1.0,3800.0,194.37,0.05,2003.0,Unfurnished,23.0,1.0,22.0,4.0,9.0,Medium,No,Yes,"Clubhouse, Playground, Garden, Pool",North,Builder,Under_Construction
3169.0,Maharashtra,Mumbai,Locality_357,Property_Type,2.0,2951.0,283.96,0.1,2002.0,Furnished,25.0,7.0,23.0,6.0,9.0,Medium,No,Yes,"Pool, Playground, Clubhouse, Gym",West,Owner,Ready_to_Move
3170.0,Telangana,Hyderabad,Locality_402,Property_Type,4.0,3586.0,351.79,0.1,1996.0,Furnished,4.0,14.0,29.0,6.0,7.0,Low,Yes,No,"Garden, Clubhouse, Gym, Playground, Pool",South,Builder,Under_Construction
3171.0,Uttar Pradesh,Lucknow,Locality_402,Property_Type,2.0,4011.0,169.83,0.04,1990.0,Semi-furnished,17.0,25.0,35.0,9.0,1.0,High,No,No,"Gym, Clubhouse, Pool, Playground",South,Builder,Ready_to_Move
3172.0,West Bengal,Kolkata,Locality_135,Property_Type,4.0,1046.0,389.26,0.37,2022.0,Unfurnished,3.0,11.0,3.0,8.0,9.0,Medium,No,Yes,Garden,West,Builder,Under_Construction
3173.0,Kerala,Trivandrum,Locality_82,Property_Type,3.0,4542.0,466.8,0.1,2014.0,Semi-furnished,10.0,10.0,11.0,5.0,10.0,Medium,No,No,"Gym, Clubhouse",West,Owner,Under_Construction
3174.0,Gujarat,Surat,Locality_472,Property_Type,5.0,3994.0,462.31,0.12,2018.0,Unfurnished,4.0,26.0,7.0,5.0,5.0,Medium,Yes,No,"Pool, Playground",North,Broker,Ready_to_Move
3175.0,Punjab,Amritsar,Locality_268,Property_Type,3.0,3953.0,205.64,0.05,1999.0,Furnished,4.0,17.0,26.0,8.0,7.0,Low,No,Yes,"Clubhouse, Playground, Gym, Garden",East,Broker,Under_Construction
3176.0,Delhi,New Delhi,Locality_371,Property_Type,4.0,1334.0,66.86,0.05,1991.0,Furnished,15.0,24.0,34.0,10.0,2.0,Medium,No,No,"Clubhouse, Gym, Garden, Playground, Pool",North,Owner,Under_Construction
3177.0,Madhya Pradesh,Indore,Locality_236,Property_Type,2.0,4958.0,290.85,0.06,2012.0,Furnished,30.0,9.0,13.0,3.0,8.0,Low,No,Yes,"Garden, Pool, Playground, Clubhouse, Gym",South,Owner,Ready_to_Move
3178.0,Punjab,Amritsar,Locality_450,Property_Type,5.0,2342.0,68.2,0.03,1999.0,Semi-furnished,9.0,19.0,26.0,3.0,1.0,Low,Yes,No,"Gym, Clubhouse",East,Owner,Ready_to_Move
3179.0,Delhi,New Delhi,Locality_64,Property_Type,3.0,2605.0,167.06,0.06,2023.0,Furnished,2.0,24.0,2.0,8.0,8.0,Low,Yes,Yes,"Gym, Playground, Pool, Clubhouse",South,Owner,Ready_to_Move
3180.0,Madhya Pradesh,Indore,Locality_414,Property_Type,4.0,1321.0,400.58,0.3,1996.0,Semi-furnished,19.0,11.0,29.0,5.0,3.0,Low,No,Yes,Playground,South,Builder,Ready_to_Move
3181.0,Gujarat,Surat,Locality_332,Property_Type,3.0,2022.0,164.66,0.08,2000.0,Furnished,24.0,29.0,25.0,8.0,3.0,Low,Yes,Yes,"Gym, Playground, Garden, Pool, Clubhouse",West,Owner,Ready_to_Move
3182.0,Karnataka,Mangalore,Locality_86,Property_Type,2.0,1034.0,12.81,0.01,2001.0,Unfurnished,12.0,25.0,24.0,7.0,5.0,High,No,Yes,"Gym, Garden, Pool, Clubhouse, Playground",East,Owner,Ready_to_Move
3183.0,Andhra Pradesh,Vijayawada,Locality_460,Property_Type,4.0,2963.0,118.25,0.04,2005.0,Semi-furnished,0.0,10.0,20.0,7.0,1.0,Medium,Yes,No,"Playground, Pool, Clubhouse, Gym",South,Owner,Ready_to_Move
3184.0,Kerala,Kochi,Locality_26,Property_Type,3.0,3052.0,492.61,0.16,2018.0,Furnished,10.0,11.0,7.0,8.0,10.0,High,Yes,Yes,Gym,West,Owner,Ready_to_Move
3185.0,Rajasthan,Jaipur,Locality_249,Property_Type,5.0,4615.0,48.6,0.01,1994.0,Furnished,4.0,7.0,31.0,2.0,3.0,Medium,No,Yes,"Garden, Clubhouse, Gym",South,Builder,Under_Construction
3186.0,Telangana,Warangal,Locality_440,Property_Type,5.0,995.0,317.45,0.32,2012.0,Unfurnished,15.0,18.0,13.0,4.0,1.0,Medium,No,No,"Pool, Garden, Clubhouse",East,Broker,Ready_to_Move
3187.0,Delhi,Dwarka,Locality_248,Property_Type,1.0,3591.0,117.67,0.03,1995.0,Furnished,22.0,29.0,30.0,9.0,4.0,High,Yes,Yes,"Pool, Playground",West,Owner,Under_Construction
3188.0,Tamil Nadu,Coimbatore,Locality_290,Property_Type,4.0,1409.0,341.88,0.24,2020.0,Unfurnished,2.0,2.0,5.0,5.0,7.0,Low,Yes,No,"Gym, Playground",North,Owner,Under_Construction
3189.0,Maharashtra,Pune,Locality_166,Property_Type,2.0,2402.0,406.41,0.17,2002.0,Semi-furnished,29.0,23.0,23.0,1.0,3.0,Medium,No,Yes,"Clubhouse, Pool, Garden, Playground, Gym",East,Owner,Ready_to_Move
3190.0,Uttar Pradesh,Noida,Locality_12,Property_Type,4.0,670.0,380.01,0.57,2008.0,Semi-furnished,25.0,19.0,17.0,10.0,9.0,Medium,Yes,No,"Pool, Garden",West,Broker,Ready_to_Move
3191.0,Odisha,Cuttack,Locality_228,Property_Type,2.0,3810.0,213.93,0.06,2000.0,Unfurnished,22.0,20.0,25.0,4.0,2.0,Low,No,No,"Playground, Gym, Pool, Clubhouse",East,Builder,Under_Construction
3192.0,Delhi,New Delhi,Locality_232,Property_Type,1.0,3159.0,205.62,0.07,2013.0,Semi-furnished,7.0,5.0,12.0,6.0,6.0,Medium,No,Yes,"Playground, Garden, Pool",South,Broker,Under_Construction
3193.0,West Bengal,Kolkata,Locality_10,Property_Type,1.0,4407.0,96.36,0.02,2014.0,Furnished,5.0,26.0,11.0,9.0,1.0,Low,No,No,"Gym, Garden, Playground, Pool, Clubhouse",North,Broker,Under_Construction
3194.0,Jharkhand,Jamshedpur,Locality_345,Property_Type,3.0,2334.0,13.3,0.01,2011.0,Furnished,18.0,19.0,14.0,4.0,1.0,High,No,Yes,Clubhouse,North,Builder,Ready_to_Move
3195.0,Rajasthan,Jodhpur,Locality_230,Property_Type,1.0,4280.0,216.09,0.05,1994.0,Furnished,20.0,3.0,31.0,4.0,3.0,Low,No,No,"Pool, Gym",South,Owner,Ready_to_Move
3196.0,Assam,Silchar,Locality_467,Property_Type,5.0,1339.0,93.81,0.07,1999.0,Unfurnished,11.0,29.0,26.0,7.0,6.0,High,No,Yes,"Garden, Clubhouse",North,Broker,Ready_to_Move
3197.0,Bihar,Gaya,Locality_40,Property_Type,4.0,1778.0,336.68,0.19,2021.0,Furnished,25.0,24.0,4.0,2.0,6.0,Low,No,Yes,"Garden, Playground, Clubhouse",East,Builder,Under_Construction
3198.0,Maharashtra,Pune,Locality_217,Property_Type,5.0,3319.0,209.38,0.06,1994.0,Furnished,0.0,12.0,31.0,8.0,9.0,High,No,No,"Garden, Clubhouse",East,Owner,Under_Construction
3199.0,Maharashtra,Mumbai,Locality_133,Property_Type,1.0,2271.0,313.21,0.14,2007.0,Semi-furnished,17.0,1.0,18.0,3.0,4.0,Low,No,No,"Playground, Pool, Garden, Clubhouse, Gym",North,Owner,Under_Construction
3200.0,Haryana,Faridabad,Locality_131,Property_Type,3.0,2736.0,27.6,0.01,2004.0,Semi-furnished,5.0,12.0,21.0,4.0,3.0,Low,No,Yes,"Gym, Clubhouse",South,Broker,Ready_to_Move
3201.0,Tamil Nadu,Coimbatore,Locality_48,Property_Type,5.0,1138.0,29.35,0.03,1992.0,Unfurnished,18.0,15.0,33.0,8.0,3.0,Low,Yes,No,"Gym, Garden",North,Owner,Ready_to_Move
3202.0,Telangana,Warangal,Locality_329,Property_Type,3.0,4888.0,172.18,0.04,1999.0,Unfurnished,20.0,23.0,26.0,1.0,6.0,Low,No,No,"Playground, Clubhouse",West,Broker,Under_Construction
3203.0,West Bengal,Durgapur,Locality_269,Property_Type,1.0,3392.0,492.94,0.15,2017.0,Unfurnished,17.0,14.0,8.0,7.0,3.0,High,No,No,"Pool, Garden",West,Owner,Ready_to_Move
3204.0,Odisha,Bhubaneswar,Locality_130,Property_Type,2.0,4888.0,34.49,0.01,2013.0,Furnished,29.0,12.0,12.0,10.0,5.0,Medium,No,Yes,Garden,West,Owner,Under_Construction
3205.0,Delhi,Dwarka,Locality_121,Property_Type,5.0,1018.0,179.2,0.18,2017.0,Unfurnished,0.0,21.0,8.0,7.0,7.0,Medium,No,No,"Gym, Playground, Pool, Garden",East,Builder,Ready_to_Move
3206.0,Rajasthan,Jaipur,Locality_329,Property_Type,2.0,4818.0,430.13,0.09,1999.0,Unfurnished,28.0,22.0,26.0,6.0,1.0,High,No,Yes,"Pool, Playground",North,Owner,Under_Construction
3207.0,Andhra Pradesh,Vijayawada,Locality_294,Property_Type,1.0,4883.0,419.16,0.09,1998.0,Semi-furnished,25.0,8.0,27.0,9.0,9.0,Medium,No,No,"Gym, Pool, Garden",East,Builder,Under_Construction
3208.0,Delhi,Dwarka,Locality_391,Property_Type,3.0,3400.0,82.76,0.02,2005.0,Furnished,19.0,8.0,20.0,2.0,1.0,Low,No,No,"Pool, Clubhouse",South,Broker,Under_Construction
3209.0,Tamil Nadu,Coimbatore,Locality_113,Property_Type,1.0,3820.0,478.08,0.13,1996.0,Semi-furnished,30.0,2.0,29.0,10.0,4.0,High,Yes,Yes,"Garden, Gym, Playground, Clubhouse",East,Builder,Ready_to_Move
3210.0,Tamil Nadu,Coimbatore,Locality_94,Property_Type,3.0,3965.0,341.47,0.09,1996.0,Unfurnished,23.0,5.0,29.0,6.0,7.0,High,Yes,No,"Garden, Playground, Gym, Pool",South,Builder,Under_Construction
3211.0,Haryana,Faridabad,Locality_263,Property_Type,1.0,2839.0,446.16,0.16,2018.0,Semi-furnished,1.0,11.0,7.0,3.0,10.0,High,Yes,Yes,"Gym, Pool",East,Owner,Ready_to_Move
3212.0,Madhya Pradesh,Indore,Locality_28,Property_Type,3.0,1747.0,131.65,0.08,2011.0,Semi-furnished,19.0,6.0,14.0,9.0,2.0,High,No,Yes,Garden,West,Builder,Ready_to_Move
3213.0,Kerala,Trivandrum,Locality_427,Property_Type,3.0,3944.0,369.21,0.09,2015.0,Unfurnished,12.0,19.0,10.0,1.0,1.0,Medium,Yes,Yes,"Pool, Garden",West,Broker,Ready_to_Move
3214.0,West Bengal,Kolkata,Locality_461,Property_Type,3.0,3900.0,116.3,0.03,2007.0,Furnished,6.0,19.0,18.0,4.0,6.0,Medium,Yes,Yes,"Garden, Playground",East,Builder,Ready_to_Move
3215.0,Andhra Pradesh,Vijayawada,Locality_200,Property_Type,4.0,3410.0,476.0,0.14,2023.0,Unfurnished,3.0,21.0,2.0,7.0,3.0,Medium,No,No,"Playground, Clubhouse, Pool, Garden",North,Builder,Under_Construction
3216.0,West Bengal,Durgapur,Locality_454,Property_Type,3.0,3068.0,18.87,0.01,1999.0,Furnished,30.0,21.0,26.0,4.0,7.0,Low,Yes,Yes,"Gym, Pool, Playground, Clubhouse, Garden",South,Builder,Under_Construction
3217.0,West Bengal,Durgapur,Locality_34,Property_Type,5.0,3626.0,482.43,0.13,2009.0,Unfurnished,0.0,3.0,16.0,10.0,6.0,High,Yes,Yes,"Garden, Clubhouse",West,Owner,Ready_to_Move
3218.0,Delhi,New Delhi,Locality_474,Property_Type,3.0,1928.0,154.85,0.08,2018.0,Unfurnished,15.0,30.0,7.0,9.0,3.0,High,Yes,No,"Clubhouse, Playground, Gym, Garden",South,Builder,Under_Construction
3219.0,Assam,Guwahati,Locality_435,Property_Type,4.0,1114.0,259.78,0.23,1990.0,Unfurnished,6.0,9.0,35.0,9.0,7.0,High,No,Yes,"Garden, Playground",North,Broker,Ready_to_Move
3220.0,Jharkhand,Ranchi,Locality_22,Property_Type,5.0,3458.0,287.78,0.08,2013.0,Unfurnished,1.0,29.0,12.0,9.0,9.0,High,No,No,Playground,East,Builder,Ready_to_Move
3221.0,Maharashtra,Nagpur,Locality_217,Property_Type,3.0,3524.0,220.47,0.06,2010.0,Unfurnished,2.0,6.0,15.0,6.0,7.0,Medium,No,Yes,"Pool, Gym, Clubhouse, Playground",East,Broker,Ready_to_Move
3222.0,Uttarakhand,Haridwar,Locality_204,Property_Type,3.0,3401.0,410.22,0.12,2016.0,Unfurnished,27.0,19.0,9.0,1.0,3.0,Low,Yes,Yes,"Gym, Pool, Playground, Clubhouse, Garden",South,Builder,Under_Construction
3223.0,Gujarat,Ahmedabad,Locality_60,Property_Type,2.0,4572.0,169.63,0.04,2020.0,Unfurnished,24.0,29.0,5.0,6.0,7.0,Low,No,No,"Clubhouse, Pool, Playground",South,Owner,Under_Construction
3224.0,Bihar,Gaya,Locality_111,Property_Type,5.0,2462.0,149.01,0.06,2023.0,Furnished,26.0,28.0,2.0,5.0,10.0,Low,No,Yes,"Playground, Garden",East,Broker,Ready_to_Move
3225.0,Madhya Pradesh,Indore,Locality_144,Property_Type,1.0,4187.0,159.44,0.04,1998.0,Semi-furnished,13.0,9.0,27.0,5.0,4.0,Low,Yes,No,"Garden, Clubhouse, Playground, Pool, Gym",East,Owner,Under_Construction
3226.0,Uttar Pradesh,Noida,Locality_368,Property_Type,3.0,4874.0,59.84,0.01,2018.0,Unfurnished,13.0,1.0,7.0,10.0,3.0,High,No,No,Gym,East,Owner,Under_Construction
3227.0,West Bengal,Durgapur,Locality_181,Property_Type,3.0,1636.0,256.04,0.16,2009.0,Furnished,10.0,26.0,16.0,2.0,6.0,Medium,No,No,"Garden, Playground, Clubhouse, Gym, Pool",South,Builder,Ready_to_Move
3228.0,Telangana,Hyderabad,Locality_489,Property_Type,1.0,701.0,117.3,0.17,2021.0,Semi-furnished,6.0,18.0,4.0,6.0,2.0,Medium,No,Yes,"Playground, Garden, Pool",South,Owner,Under_Construction
3229.0,Uttarakhand,Dehradun,Locality_392,Property_Type,2.0,4804.0,174.64,0.04,2001.0,Unfurnished,10.0,18.0,24.0,10.0,4.0,High,No,No,Pool,South,Owner,Ready_to_Move
3230.0,Bihar,Gaya,Locality_400,Property_Type,3.0,2292.0,169.02,0.07,1999.0,Unfurnished,22.0,8.0,26.0,3.0,8.0,High,Yes,Yes,"Playground, Garden",North,Broker,Under_Construction
3231.0,Uttar Pradesh,Lucknow,Locality_362,Property_Type,5.0,988.0,372.93,0.38,1998.0,Furnished,15.0,20.0,27.0,5.0,4.0,High,Yes,No,Garden,West,Owner,Under_Construction
3232.0,Delhi,New Delhi,Locality_251,Property_Type,2.0,3233.0,82.53,0.03,2022.0,Semi-furnished,28.0,17.0,3.0,4.0,10.0,Medium,No,No,Clubhouse,North,Builder,Under_Construction
3233.0,Tamil Nadu,Chennai,Locality_93,Property_Type,1.0,2235.0,353.7,0.16,2020.0,Unfurnished,23.0,4.0,5.0,5.0,5.0,Medium,No,No,"Clubhouse, Pool, Garden",North,Broker,Ready_to_Move
3234.0,West Bengal,Kolkata,Locality_272,Property_Type,2.0,1296.0,315.96,0.24,2011.0,Unfurnished,9.0,7.0,14.0,7.0,4.0,High,No,Yes,"Gym, Clubhouse",South,Builder,Ready_to_Move
3235.0,Tamil Nadu,Coimbatore,Locality_131,Property_Type,5.0,741.0,111.0,0.15,2019.0,Furnished,3.0,24.0,6.0,9.0,2.0,Low,No,No,"Playground, Garden, Clubhouse, Gym, Pool",South,Owner,Ready_to_Move
3236.0,Jharkhand,Ranchi,Locality_248,Property_Type,3.0,4274.0,188.3,0.04,2022.0,Semi-furnished,20.0,14.0,3.0,10.0,9.0,High,Yes,No,"Garden, Clubhouse, Pool",North,Builder,Under_Construction
3237.0,Andhra Pradesh,Vishakhapatnam,Locality_246,Property_Type,4.0,4670.0,113.39,0.02,2020.0,Unfurnished,25.0,26.0,5.0,8.0,9.0,Low,Yes,No,Garden,North,Builder,Under_Construction
3238.0,Madhya Pradesh,Indore,Locality_499,Property_Type,2.0,2857.0,221.74,0.08,2000.0,Semi-furnished,17.0,7.0,25.0,10.0,7.0,High,No,No,Clubhouse,North,Broker,Under_Construction
3239.0,Telangana,Hyderabad,Locality_140,Property_Type,2.0,2949.0,27.11,0.01,1990.0,Furnished,10.0,13.0,35.0,7.0,3.0,Low,Yes,No,"Pool, Garden",South,Owner,Ready_to_Move
3240.0,Haryana,Faridabad,Locality_315,Property_Type,3.0,2957.0,11.51,0.0,2002.0,Furnished,12.0,1.0,23.0,10.0,7.0,Medium,No,No,Playground,North,Broker,Under_Construction
3241.0,West Bengal,Durgapur,Locality_147,Property_Type,3.0,1875.0,386.14,0.21,2014.0,Unfurnished,21.0,7.0,11.0,7.0,5.0,High,Yes,Yes,Garden,South,Broker,Ready_to_Move
3242.0,Rajasthan,Jodhpur,Locality_225,Property_Type,4.0,919.0,478.63,0.52,1999.0,Unfurnished,1.0,11.0,26.0,9.0,6.0,Low,No,Yes,"Gym, Pool, Playground, Clubhouse, Garden",South,Builder,Ready_to_Move
3243.0,Punjab,Amritsar,Locality_305,Property_Type,3.0,943.0,466.1,0.49,2016.0,Semi-furnished,13.0,23.0,9.0,2.0,10.0,Medium,No,Yes,Clubhouse,West,Broker,Ready_to_Move
3244.0,Delhi,Dwarka,Locality_193,Property_Type,5.0,4399.0,249.89,0.06,1997.0,Semi-furnished,2.0,7.0,28.0,6.0,8.0,Low,No,No,Pool,East,Broker,Ready_to_Move
3245.0,Rajasthan,Jodhpur,Locality_24,Property_Type,2.0,1782.0,142.84,0.08,2004.0,Unfurnished,24.0,21.0,21.0,8.0,8.0,Medium,Yes,Yes,Garden,East,Owner,Under_Construction
3246.0,Chhattisgarh,Bilaspur,Locality_197,Property_Type,2.0,2571.0,445.28,0.17,1994.0,Semi-furnished,27.0,21.0,31.0,4.0,7.0,Low,Yes,Yes,"Gym, Clubhouse",East,Owner,Under_Construction
3247.0,Uttarakhand,Haridwar,Locality_75,Property_Type,1.0,4954.0,145.58,0.03,2023.0,Unfurnished,19.0,4.0,2.0,10.0,10.0,Medium,No,No,"Pool, Garden, Clubhouse",East,Builder,Ready_to_Move
3248.0,Uttarakhand,Dehradun,Locality_456,Property_Type,2.0,2877.0,490.17,0.17,2008.0,Unfurnished,24.0,28.0,17.0,7.0,6.0,Medium,No,No,"Playground, Garden, Clubhouse",South,Broker,Ready_to_Move
3249.0,Uttarakhand,Haridwar,Locality_177,Property_Type,3.0,750.0,484.01,0.65,2013.0,Semi-furnished,20.0,22.0,12.0,4.0,5.0,Medium,Yes,No,"Clubhouse, Playground, Pool, Gym, Garden",East,Owner,Under_Construction
3250.0,Kerala,Trivandrum,Locality_365,Property_Type,2.0,2171.0,250.78,0.12,1997.0,Furnished,21.0,20.0,28.0,10.0,9.0,Medium,No,No,"Clubhouse, Garden, Playground, Pool, Gym",South,Owner,Ready_to_Move
3251.0,Maharashtra,Nagpur,Locality_199,Property_Type,3.0,1700.0,238.96,0.14,2003.0,Furnished,24.0,3.0,22.0,1.0,3.0,Medium,No,No,"Clubhouse, Pool, Gym, Playground",West,Builder,Ready_to_Move
3252.0,Kerala,Kochi,Locality_292,Property_Type,2.0,632.0,198.2,0.31,2010.0,Unfurnished,28.0,19.0,15.0,8.0,8.0,High,No,No,"Playground, Garden",West,Owner,Under_Construction
3253.0,Uttar Pradesh,Noida,Locality_497,Property_Type,5.0,2509.0,51.99,0.02,1991.0,Semi-furnished,0.0,11.0,34.0,5.0,3.0,Medium,No,Yes,"Pool, Gym, Playground, Garden",East,Broker,Under_Construction
3254.0,Assam,Silchar,Locality_215,Property_Type,1.0,3067.0,64.43,0.02,2001.0,Semi-furnished,22.0,1.0,24.0,5.0,5.0,High,No,No,"Clubhouse, Pool, Gym, Garden, Playground",South,Broker,Under_Construction
3255.0,Uttarakhand,Haridwar,Locality_371,Property_Type,5.0,2019.0,62.52,0.03,2003.0,Semi-furnished,12.0,30.0,22.0,1.0,4.0,Low,Yes,No,"Clubhouse, Pool, Gym",East,Owner,Ready_to_Move
3256.0,Assam,Guwahati,Locality_84,Property_Type,5.0,1805.0,356.22,0.2,1999.0,Unfurnished,21.0,13.0,26.0,10.0,3.0,High,No,No,"Gym, Clubhouse, Playground, Garden",East,Builder,Under_Construction
3257.0,Uttar Pradesh,Noida,Locality_274,Property_Type,1.0,3916.0,49.87,0.01,2023.0,Semi-furnished,1.0,10.0,2.0,6.0,3.0,Low,No,No,"Clubhouse, Garden, Gym, Pool, Playground",West,Builder,Under_Construction
3258.0,Andhra Pradesh,Vijayawada,Locality_310,Property_Type,4.0,1398.0,427.57,0.31,2010.0,Semi-furnished,26.0,22.0,15.0,4.0,6.0,Medium,Yes,Yes,"Garden, Clubhouse, Gym",North,Owner,Under_Construction
3259.0,Kerala,Trivandrum,Locality_63,Property_Type,3.0,2722.0,261.11,0.1,2012.0,Unfurnished,8.0,27.0,13.0,2.0,5.0,High,Yes,Yes,"Gym, Clubhouse, Playground, Pool, Garden",West,Builder,Ready_to_Move
3260.0,Karnataka,Mysore,Locality_139,Property_Type,5.0,639.0,431.31,0.67,1997.0,Semi-furnished,1.0,11.0,28.0,3.0,2.0,High,No,Yes,"Pool, Gym",South,Builder,Under_Construction
3261.0,Rajasthan,Jodhpur,Locality_7,Property_Type,1.0,3852.0,171.94,0.04,1994.0,Semi-furnished,24.0,8.0,31.0,3.0,9.0,Medium,Yes,Yes,Clubhouse,North,Builder,Under_Construction
3262.0,Odisha,Cuttack,Locality_171,Property_Type,5.0,2162.0,164.45,0.08,2017.0,Furnished,9.0,30.0,8.0,4.0,2.0,Low,No,Yes,"Garden, Clubhouse, Pool, Playground, Gym",West,Owner,Under_Construction
3263.0,Andhra Pradesh,Vishakhapatnam,Locality_453,Property_Type,4.0,1818.0,221.9,0.12,2019.0,Unfurnished,2.0,9.0,6.0,4.0,8.0,Low,No,Yes,Clubhouse,West,Builder,Under_Construction
3264.0,Tamil Nadu,Chennai,Locality_302,Property_Type,4.0,4767.0,169.72,0.04,1997.0,Semi-furnished,20.0,17.0,28.0,3.0,1.0,Low,Yes,No,"Clubhouse, Pool, Gym",North,Owner,Under_Construction
3265.0,Rajasthan,Jaipur,Locality_463,Property_Type,2.0,1425.0,471.95,0.33,2022.0,Semi-furnished,8.0,12.0,3.0,7.0,2.0,Low,Yes,No,"Pool, Gym, Playground",South,Builder,Under_Construction
3266.0,Odisha,Cuttack,Locality_145,Property_Type,1.0,2251.0,115.76,0.05,2004.0,Furnished,19.0,8.0,21.0,6.0,6.0,Low,Yes,No,"Pool, Clubhouse, Gym, Playground",North,Builder,Ready_to_Move
3267.0,Uttarakhand,Haridwar,Locality_106,Property_Type,5.0,4884.0,69.16,0.01,2003.0,Semi-furnished,5.0,8.0,22.0,10.0,2.0,Low,No,No,"Clubhouse, Garden",South,Owner,Under_Construction
3268.0,Delhi,Dwarka,Locality_167,Property_Type,1.0,719.0,146.54,0.2,2003.0,Furnished,17.0,15.0,22.0,4.0,4.0,Medium,No,Yes,"Playground, Pool, Gym, Garden, Clubhouse",South,Owner,Ready_to_Move
3269.0,Assam,Silchar,Locality_1,Property_Type,2.0,2958.0,427.55,0.14,2002.0,Furnished,15.0,13.0,23.0,8.0,2.0,High,Yes,Yes,"Pool, Garden, Playground",North,Broker,Under_Construction
3270.0,Maharashtra,Mumbai,Locality_291,Property_Type,1.0,1421.0,476.09,0.34,2006.0,Semi-furnished,22.0,24.0,19.0,8.0,5.0,High,Yes,Yes,"Clubhouse, Gym, Pool",North,Builder,Ready_to_Move
3271.0,Madhya Pradesh,Indore,Locality_204,Property_Type,5.0,2916.0,133.31,0.05,2012.0,Unfurnished,7.0,25.0,13.0,5.0,5.0,High,Yes,No,Garden,North,Owner,Under_Construction
3272.0,Haryana,Gurgaon,Locality_408,Property_Type,2.0,943.0,68.28,0.07,2006.0,Semi-furnished,21.0,29.0,19.0,9.0,2.0,High,No,Yes,"Garden, Clubhouse, Gym, Pool",West,Broker,Ready_to_Move
3273.0,West Bengal,Kolkata,Locality_60,Property_Type,5.0,4897.0,455.98,0.09,1998.0,Unfurnished,16.0,12.0,27.0,3.0,9.0,Medium,No,Yes,Gym,West,Builder,Under_Construction
3274.0,Andhra Pradesh,Vijayawada,Locality_107,Property_Type,1.0,4019.0,106.76,0.03,2006.0,Semi-furnished,25.0,30.0,19.0,1.0,8.0,Low,No,No,Playground,South,Owner,Under_Construction
3275.0,Jharkhand,Jamshedpur,Locality_151,Property_Type,4.0,752.0,371.65,0.49,2023.0,Semi-furnished,15.0,27.0,2.0,7.0,1.0,Low,Yes,Yes,"Clubhouse, Pool",West,Broker,Under_Construction
3276.0,Telangana,Hyderabad,Locality_226,Property_Type,4.0,4230.0,392.68,0.09,2007.0,Unfurnished,10.0,25.0,18.0,8.0,10.0,Low,No,No,"Gym, Clubhouse",South,Broker,Under_Construction
3277.0,Madhya Pradesh,Indore,Locality_40,Property_Type,3.0,4734.0,495.0,0.1,2006.0,Semi-furnished,2.0,19.0,19.0,5.0,2.0,High,No,No,"Pool, Garden, Playground, Gym, Clubhouse",North,Builder,Under_Construction
3278.0,Chhattisgarh,Bilaspur,Locality_431,Property_Type,3.0,1015.0,275.38,0.27,2008.0,Semi-furnished,9.0,16.0,17.0,9.0,7.0,Low,No,Yes,"Gym, Clubhouse, Garden, Pool",East,Builder,Ready_to_Move
3279.0,Gujarat,Ahmedabad,Locality_327,Property_Type,4.0,834.0,178.57,0.21,2009.0,Unfurnished,3.0,9.0,16.0,4.0,10.0,High,No,No,"Gym, Playground, Garden",South,Owner,Ready_to_Move
3280.0,Odisha,Cuttack,Locality_292,Property_Type,4.0,3637.0,358.57,0.1,2008.0,Furnished,29.0,22.0,17.0,5.0,8.0,High,No,No,"Pool, Garden, Playground",West,Owner,Ready_to_Move
3281.0,Delhi,Dwarka,Locality_122,Property_Type,4.0,4703.0,203.11,0.04,1994.0,Furnished,20.0,14.0,31.0,5.0,4.0,Medium,No,No,"Playground, Garden, Pool, Clubhouse, Gym",South,Broker,Ready_to_Move
3282.0,Maharashtra,Pune,Locality_140,Property_Type,2.0,3869.0,60.37,0.02,2002.0,Semi-furnished,15.0,12.0,23.0,8.0,4.0,High,No,No,"Pool, Garden, Clubhouse, Gym",South,Owner,Ready_to_Move
3283.0,Jharkhand,Ranchi,Locality_44,Property_Type,2.0,1954.0,492.4,0.25,2014.0,Semi-furnished,14.0,3.0,11.0,6.0,5.0,Low,No,Yes,"Pool, Garden, Playground, Clubhouse",North,Broker,Ready_to_Move
3284.0,Delhi,Dwarka,Locality_209,Property_Type,1.0,4721.0,444.93,0.09,2015.0,Furnished,29.0,16.0,10.0,4.0,8.0,Medium,Yes,No,Pool,East,Builder,Under_Construction
3285.0,Maharashtra,Mumbai,Locality_295,Property_Type,1.0,3273.0,58.07,0.02,2018.0,Furnished,22.0,15.0,7.0,7.0,2.0,Low,Yes,Yes,"Clubhouse, Pool, Garden, Gym",East,Broker,Under_Construction
3286.0,Punjab,Amritsar,Locality_44,Property_Type,5.0,2484.0,490.18,0.2,2016.0,Furnished,2.0,23.0,9.0,3.0,8.0,High,Yes,No,Garden,East,Builder,Under_Construction
3287.0,Uttar Pradesh,Noida,Locality_373,Property_Type,4.0,3417.0,305.59,0.09,2000.0,Unfurnished,29.0,19.0,25.0,7.0,6.0,Low,Yes,No,"Clubhouse, Playground, Gym, Garden",East,Broker,Ready_to_Move
3288.0,Karnataka,Mysore,Locality_429,Property_Type,4.0,1637.0,148.13,0.09,1999.0,Furnished,1.0,26.0,26.0,10.0,1.0,High,No,Yes,"Pool, Gym, Garden, Playground, Clubhouse",East,Owner,Ready_to_Move
3289.0,Karnataka,Mysore,Locality_323,Property_Type,3.0,1373.0,235.03,0.17,2000.0,Semi-furnished,5.0,27.0,25.0,6.0,4.0,High,No,No,Clubhouse,West,Broker,Under_Construction
3290.0,Andhra Pradesh,Vijayawada,Locality_185,Property_Type,2.0,504.0,124.45,0.25,2000.0,Furnished,7.0,12.0,25.0,2.0,2.0,Low,Yes,No,"Pool, Clubhouse, Garden, Gym, Playground",West,Owner,Ready_to_Move
3291.0,Assam,Guwahati,Locality_475,Property_Type,4.0,2998.0,334.84,0.11,2021.0,Furnished,13.0,19.0,4.0,8.0,9.0,Medium,No,No,"Pool, Garden",North,Builder,Under_Construction
3292.0,Kerala,Trivandrum,Locality_275,Property_Type,1.0,2187.0,12.81,0.01,2000.0,Semi-furnished,3.0,9.0,25.0,1.0,5.0,Low,Yes,No,"Clubhouse, Garden, Pool",North,Builder,Ready_to_Move
3293.0,Assam,Guwahati,Locality_463,Property_Type,5.0,4851.0,160.7,0.03,2010.0,Furnished,22.0,3.0,15.0,1.0,6.0,High,No,Yes,"Clubhouse, Gym, Playground, Garden",North,Builder,Ready_to_Move
3294.0,Telangana,Warangal,Locality_393,Property_Type,3.0,3713.0,186.55,0.05,2010.0,Unfurnished,1.0,27.0,15.0,3.0,2.0,Low,No,No,Garden,East,Builder,Under_Construction
3295.0,Telangana,Hyderabad,Locality_5,Property_Type,2.0,754.0,362.58,0.48,2013.0,Unfurnished,2.0,3.0,12.0,9.0,8.0,High,Yes,No,"Garden, Pool",East,Builder,Under_Construction
3296.0,Andhra Pradesh,Vishakhapatnam,Locality_199,Property_Type,1.0,562.0,277.95,0.49,2003.0,Semi-furnished,29.0,14.0,22.0,6.0,10.0,High,No,No,"Garden, Playground, Gym, Pool, Clubhouse",East,Builder,Ready_to_Move
3297.0,Delhi,Dwarka,Locality_148,Property_Type,1.0,4669.0,146.41,0.03,2019.0,Semi-furnished,15.0,13.0,6.0,10.0,2.0,Low,Yes,Yes,"Pool, Playground, Gym, Garden",South,Broker,Ready_to_Move
3298.0,Chhattisgarh,Bilaspur,Locality_195,Property_Type,1.0,1779.0,252.12,0.14,2019.0,Semi-furnished,16.0,1.0,6.0,8.0,5.0,High,Yes,Yes,"Gym, Clubhouse, Pool, Playground, Garden",West,Builder,Ready_to_Move
3299.0,Chhattisgarh,Bilaspur,Locality_67,Property_Type,3.0,1324.0,450.63,0.34,2000.0,Furnished,21.0,12.0,25.0,8.0,5.0,Low,Yes,Yes,"Pool, Clubhouse, Playground",North,Owner,Ready_to_Move
3300.0,Uttarakhand,Dehradun,Locality_475,Property_Type,2.0,4649.0,235.42,0.05,2015.0,Semi-furnished,27.0,10.0,10.0,2.0,2.0,Medium,Yes,No,Pool,South,Broker,Under_Construction
3301.0,West Bengal,Durgapur,Locality_310,Property_Type,4.0,935.0,442.7,0.47,1990.0,Semi-furnished,0.0,19.0,35.0,1.0,9.0,High,Yes,No,"Playground, Garden, Gym, Pool, Clubhouse",West,Broker,Ready_to_Move
3302.0,Punjab,Ludhiana,Locality_339,Property_Type,3.0,4909.0,85.93,0.02,2017.0,Unfurnished,24.0,13.0,8.0,10.0,10.0,Medium,No,No,"Gym, Pool, Garden",West,Owner,Ready_to_Move
3303.0,Delhi,New Delhi,Locality_386,Property_Type,5.0,4887.0,320.86,0.07,2001.0,Unfurnished,30.0,20.0,24.0,7.0,3.0,Medium,Yes,No,Clubhouse,East,Owner,Ready_to_Move
3304.0,Kerala,Kochi,Locality_275,Property_Type,3.0,2531.0,331.4,0.13,2009.0,Furnished,13.0,24.0,16.0,8.0,6.0,High,Yes,Yes,"Playground, Garden",North,Broker,Under_Construction
3305.0,Delhi,New Delhi,Locality_238,Property_Type,5.0,1779.0,458.13,0.26,1990.0,Furnished,17.0,26.0,35.0,10.0,8.0,Medium,No,No,"Playground, Garden",North,Broker,Under_Construction
3306.0,Assam,Silchar,Locality_162,Property_Type,3.0,1324.0,275.22,0.21,2003.0,Furnished,2.0,9.0,22.0,4.0,6.0,Medium,No,No,"Garden, Gym, Playground, Pool, Clubhouse",West,Broker,Under_Construction
3307.0,Uttar Pradesh,Lucknow,Locality_499,Property_Type,1.0,4056.0,89.55,0.02,2003.0,Unfurnished,17.0,20.0,22.0,3.0,6.0,High,No,No,"Garden, Pool, Gym",South,Owner,Under_Construction
3308.0,West Bengal,Durgapur,Locality_49,Property_Type,3.0,4198.0,135.3,0.03,2003.0,Semi-furnished,29.0,8.0,22.0,7.0,1.0,Medium,No,Yes,Gym,East,Builder,Under_Construction
3309.0,Chhattisgarh,Raipur,Locality_295,Property_Type,2.0,4377.0,117.46,0.03,1995.0,Semi-furnished,26.0,18.0,30.0,2.0,6.0,Medium,No,No,"Pool, Garden, Clubhouse, Playground, Gym",West,Broker,Under_Construction
3310.0,Haryana,Gurgaon,Locality_60,Property_Type,1.0,4898.0,296.36,0.06,2017.0,Semi-furnished,26.0,12.0,8.0,9.0,6.0,Low,No,Yes,Garden,East,Owner,Ready_to_Move
3311.0,Andhra Pradesh,Vijayawada,Locality_324,Property_Type,1.0,2628.0,352.25,0.13,2013.0,Furnished,4.0,2.0,12.0,9.0,4.0,High,Yes,No,"Playground, Clubhouse",East,Broker,Ready_to_Move
3312.0,Jharkhand,Jamshedpur,Locality_237,Property_Type,2.0,2609.0,58.22,0.02,2018.0,Furnished,24.0,17.0,7.0,2.0,9.0,Medium,Yes,Yes,"Gym, Garden, Playground, Clubhouse",North,Owner,Under_Construction
3313.0,Delhi,New Delhi,Locality_421,Property_Type,2.0,4490.0,321.67,0.07,1998.0,Semi-furnished,8.0,4.0,27.0,1.0,5.0,Low,No,No,"Garden, Clubhouse",East,Owner,Under_Construction
3314.0,Kerala,Trivandrum,Locality_363,Property_Type,2.0,4007.0,394.06,0.1,1995.0,Furnished,1.0,11.0,30.0,6.0,6.0,Low,Yes,Yes,Playground,East,Builder,Under_Construction
3315.0,Telangana,Warangal,Locality_451,Property_Type,5.0,4082.0,464.03,0.11,2013.0,Furnished,22.0,9.0,12.0,2.0,1.0,High,No,No,"Gym, Garden, Clubhouse, Pool",East,Broker,Ready_to_Move
3316.0,Rajasthan,Jodhpur,Locality_224,Property_Type,1.0,4669.0,129.9,0.03,2007.0,Furnished,23.0,17.0,18.0,2.0,5.0,Low,Yes,No,"Clubhouse, Gym",South,Broker,Ready_to_Move
3317.0,Karnataka,Mangalore,Locality_409,Property_Type,2.0,2794.0,466.59,0.17,2018.0,Unfurnished,1.0,27.0,7.0,8.0,1.0,Medium,No,No,"Garden, Pool, Playground",East,Broker,Under_Construction
3318.0,Rajasthan,Jodhpur,Locality_212,Property_Type,1.0,953.0,430.47,0.45,2014.0,Furnished,9.0,23.0,11.0,5.0,3.0,High,Yes,Yes,"Pool, Playground, Clubhouse, Gym",North,Owner,Under_Construction
3319.0,Delhi,Dwarka,Locality_121,Property_Type,5.0,3779.0,168.29,0.04,2022.0,Furnished,13.0,30.0,3.0,4.0,7.0,Medium,No,No,"Clubhouse, Gym",West,Broker,Ready_to_Move
3320.0,Telangana,Warangal,Locality_339,Property_Type,5.0,3889.0,183.93,0.05,2013.0,Semi-furnished,3.0,17.0,12.0,6.0,7.0,Low,No,Yes,"Playground, Gym, Garden",East,Broker,Under_Construction
3321.0,Tamil Nadu,Coimbatore,Locality_341,Property_Type,3.0,4335.0,248.81,0.06,1994.0,Unfurnished,22.0,10.0,31.0,8.0,9.0,High,No,No,"Clubhouse, Pool, Garden",North,Builder,Ready_to_Move
3322.0,Bihar,Gaya,Locality_396,Property_Type,1.0,2471.0,304.13,0.12,2010.0,Furnished,19.0,3.0,15.0,9.0,6.0,High,Yes,Yes,"Gym, Playground, Pool",East,Broker,Ready_to_Move
3323.0,Uttarakhand,Haridwar,Locality_257,Property_Type,3.0,3514.0,487.28,0.14,2011.0,Furnished,16.0,7.0,14.0,3.0,4.0,Low,No,No,"Garden, Clubhouse, Gym, Pool",West,Builder,Under_Construction
3324.0,Uttarakhand,Dehradun,Locality_187,Property_Type,2.0,1035.0,70.74,0.07,1995.0,Semi-furnished,25.0,11.0,30.0,2.0,4.0,Low,Yes,Yes,"Gym, Pool, Playground",South,Owner,Under_Construction
3325.0,Karnataka,Mysore,Locality_238,Property_Type,5.0,918.0,239.96,0.26,2011.0,Furnished,27.0,19.0,14.0,8.0,10.0,High,Yes,Yes,Garden,South,Broker,Under_Construction
3326.0,Kerala,Kochi,Locality_348,Property_Type,4.0,4285.0,395.62,0.09,1992.0,Furnished,16.0,25.0,33.0,1.0,10.0,Medium,Yes,No,"Pool, Playground",West,Builder,Under_Construction
3327.0,Gujarat,Ahmedabad,Locality_247,Property_Type,3.0,4776.0,346.63,0.07,2013.0,Unfurnished,17.0,14.0,12.0,2.0,6.0,High,No,Yes,"Clubhouse, Gym",West,Broker,Ready_to_Move
3328.0,Tamil Nadu,Chennai,Locality_14,Property_Type,4.0,3854.0,257.53,0.07,2009.0,Semi-furnished,9.0,12.0,16.0,3.0,3.0,Medium,Yes,No,Clubhouse,South,Owner,Ready_to_Move
3329.0,Maharashtra,Mumbai,Locality_448,Property_Type,3.0,1247.0,20.19,0.02,2009.0,Semi-furnished,25.0,10.0,16.0,6.0,9.0,Low,No,Yes,"Gym, Pool, Clubhouse",East,Broker,Ready_to_Move
3330.0,West Bengal,Kolkata,Locality_91,Property_Type,2.0,3171.0,19.29,0.01,2016.0,Unfurnished,2.0,27.0,9.0,1.0,2.0,Low,No,No,Clubhouse,West,Broker,Ready_to_Move
3331.0,Maharashtra,Pune,Locality_240,Property_Type,3.0,3338.0,172.33,0.05,2022.0,Furnished,13.0,23.0,3.0,3.0,1.0,High,Yes,Yes,"Clubhouse, Garden",North,Broker,Ready_to_Move
3332.0,Gujarat,Surat,Locality_379,Property_Type,4.0,3451.0,212.95,0.06,2022.0,Semi-furnished,26.0,17.0,3.0,5.0,9.0,Low,No,No,Gym,West,Owner,Ready_to_Move
3333.0,Odisha,Cuttack,Locality_70,Property_Type,5.0,4054.0,230.84,0.06,2007.0,Furnished,25.0,2.0,18.0,7.0,1.0,Low,Yes,Yes,"Pool, Playground, Clubhouse",West,Owner,Ready_to_Move
3334.0,Madhya Pradesh,Bhopal,Locality_493,Property_Type,3.0,969.0,85.49,0.09,2013.0,Semi-furnished,1.0,23.0,12.0,9.0,10.0,Low,No,No,"Gym, Garden, Clubhouse",West,Builder,Under_Construction
3335.0,Assam,Silchar,Locality_422,Property_Type,3.0,4900.0,345.41,0.07,2014.0,Unfurnished,11.0,9.0,11.0,6.0,8.0,Medium,No,No,Garden,West,Broker,Under_Construction
3336.0,Assam,Silchar,Locality_332,Property_Type,5.0,524.0,12.97,0.02,1994.0,Furnished,22.0,5.0,31.0,2.0,9.0,Low,No,No,"Pool, Gym",East,Broker,Ready_to_Move
3337.0,Punjab,Amritsar,Locality_186,Property_Type,2.0,1594.0,46.04,0.03,1994.0,Unfurnished,0.0,10.0,31.0,3.0,7.0,High,Yes,Yes,"Gym, Playground, Garden",West,Owner,Ready_to_Move
3338.0,Gujarat,Surat,Locality_268,Property_Type,2.0,866.0,291.71,0.34,2015.0,Furnished,26.0,28.0,10.0,6.0,1.0,Low,No,Yes,"Garden, Gym, Clubhouse, Pool, Playground",East,Owner,Under_Construction
3339.0,Madhya Pradesh,Bhopal,Locality_21,Property_Type,4.0,3486.0,227.24,0.07,1990.0,Furnished,27.0,25.0,35.0,10.0,6.0,Medium,No,Yes,"Clubhouse, Pool, Playground, Garden",East,Broker,Under_Construction
3340.0,West Bengal,Durgapur,Locality_211,Property_Type,3.0,2777.0,90.16,0.03,2006.0,Unfurnished,2.0,26.0,19.0,1.0,9.0,High,Yes,Yes,"Pool, Garden, Playground, Clubhouse, Gym",North,Broker,Under_Construction
3341.0,Punjab,Ludhiana,Locality_377,Property_Type,1.0,2161.0,317.39,0.15,2001.0,Semi-furnished,26.0,9.0,24.0,6.0,10.0,Medium,Yes,No,"Pool, Garden, Playground",South,Owner,Under_Construction
3342.0,Tamil Nadu,Coimbatore,Locality_209,Property_Type,2.0,2765.0,476.85,0.17,1998.0,Furnished,28.0,22.0,27.0,7.0,7.0,Low,No,Yes,"Clubhouse, Pool",East,Owner,Under_Construction
3343.0,Maharashtra,Pune,Locality_103,Property_Type,1.0,683.0,125.46,0.18,2002.0,Furnished,8.0,7.0,23.0,5.0,1.0,Low,No,Yes,"Playground, Pool, Gym, Garden",South,Builder,Under_Construction
3344.0,Haryana,Faridabad,Locality_442,Property_Type,3.0,1166.0,75.93,0.07,1998.0,Semi-furnished,7.0,14.0,27.0,6.0,3.0,Medium,No,Yes,"Playground, Clubhouse, Pool, Gym",West,Broker,Ready_to_Move
3345.0,Telangana,Warangal,Locality_187,Property_Type,1.0,2556.0,243.22,0.1,2021.0,Unfurnished,6.0,7.0,4.0,4.0,5.0,High,Yes,No,"Garden, Playground, Gym, Pool, Clubhouse",East,Owner,Ready_to_Move
3346.0,Punjab,Ludhiana,Locality_412,Property_Type,3.0,3656.0,362.54,0.1,2009.0,Furnished,5.0,5.0,16.0,10.0,1.0,Medium,Yes,Yes,"Gym, Clubhouse, Pool",West,Owner,Ready_to_Move
3347.0,Assam,Guwahati,Locality_261,Property_Type,3.0,3339.0,351.27,0.11,1992.0,Furnished,25.0,8.0,33.0,6.0,6.0,Low,No,No,"Pool, Gym",East,Owner,Under_Construction
3348.0,Delhi,New Delhi,Locality_338,Property_Type,1.0,1269.0,327.61,0.26,1999.0,Unfurnished,18.0,3.0,26.0,9.0,7.0,Medium,Yes,Yes,"Playground, Garden, Gym, Clubhouse",South,Owner,Ready_to_Move
3349.0,Punjab,Amritsar,Locality_227,Property_Type,1.0,1620.0,149.59,0.09,2000.0,Semi-furnished,30.0,28.0,25.0,2.0,1.0,High,Yes,Yes,Gym,East,Broker,Under_Construction
3350.0,Jharkhand,Ranchi,Locality_335,Property_Type,2.0,4648.0,25.88,0.01,2005.0,Semi-furnished,28.0,8.0,20.0,2.0,10.0,High,No,No,"Playground, Pool",South,Owner,Under_Construction
3351.0,Delhi,New Delhi,Locality_402,Property_Type,1.0,2572.0,338.28,0.13,2010.0,Furnished,28.0,27.0,15.0,1.0,2.0,High,No,No,"Playground, Gym, Clubhouse",East,Owner,Ready_to_Move
3352.0,Odisha,Bhubaneswar,Locality_270,Property_Type,2.0,1824.0,470.66,0.26,2012.0,Semi-furnished,6.0,6.0,13.0,5.0,7.0,Low,Yes,Yes,"Pool, Garden, Clubhouse, Playground, Gym",North,Owner,Under_Construction
3353.0,Bihar,Gaya,Locality_329,Property_Type,5.0,989.0,452.93,0.46,2022.0,Unfurnished,22.0,25.0,3.0,5.0,4.0,Low,No,No,"Garden, Pool, Playground, Gym, Clubhouse",West,Owner,Under_Construction
3354.0,Assam,Silchar,Locality_27,Property_Type,5.0,4836.0,35.12,0.01,2022.0,Semi-furnished,13.0,15.0,3.0,6.0,2.0,Medium,No,No,"Pool, Gym, Garden, Clubhouse",North,Broker,Under_Construction
3355.0,Madhya Pradesh,Bhopal,Locality_408,Property_Type,1.0,3411.0,230.76,0.07,2006.0,Unfurnished,29.0,4.0,19.0,1.0,7.0,Low,No,No,"Playground, Clubhouse",West,Builder,Under_Construction
3356.0,Karnataka,Mangalore,Locality_78,Property_Type,1.0,1365.0,43.25,0.03,2014.0,Semi-furnished,17.0,4.0,11.0,3.0,7.0,Medium,No,Yes,"Garden, Clubhouse",North,Broker,Ready_to_Move
3357.0,Odisha,Cuttack,Locality_244,Property_Type,5.0,2033.0,380.53,0.19,2004.0,Unfurnished,0.0,4.0,21.0,3.0,1.0,Medium,Yes,No,"Playground, Pool, Clubhouse, Garden",East,Broker,Ready_to_Move
3358.0,Jharkhand,Ranchi,Locality_459,Property_Type,5.0,3633.0,172.39,0.05,2023.0,Semi-furnished,21.0,27.0,2.0,6.0,8.0,High,No,Yes,Clubhouse,East,Broker,Ready_to_Move
3359.0,Gujarat,Surat,Locality_310,Property_Type,4.0,3159.0,89.86,0.03,2016.0,Furnished,0.0,1.0,9.0,8.0,3.0,Low,No,No,"Playground, Pool, Gym, Clubhouse, Garden",East,Owner,Ready_to_Move
3360.0,Madhya Pradesh,Bhopal,Locality_302,Property_Type,5.0,1043.0,43.64,0.04,2023.0,Unfurnished,28.0,20.0,2.0,2.0,3.0,Medium,No,Yes,"Clubhouse, Gym, Garden, Playground",East,Owner,Ready_to_Move
3361.0,Gujarat,Ahmedabad,Locality_470,Property_Type,2.0,4964.0,313.34,0.06,2006.0,Semi-furnished,3.0,19.0,19.0,8.0,1.0,High,Yes,No,"Gym, Playground, Garden, Clubhouse, Pool",North,Builder,Ready_to_Move
3362.0,Punjab,Amritsar,Locality_173,Property_Type,2.0,4948.0,353.47,0.07,1995.0,Furnished,3.0,20.0,30.0,3.0,9.0,High,No,No,Playground,North,Owner,Under_Construction
3363.0,Tamil Nadu,Chennai,Locality_37,Property_Type,5.0,4861.0,314.19,0.06,2007.0,Unfurnished,29.0,21.0,18.0,7.0,9.0,High,No,No,Garden,South,Builder,Under_Construction
3364.0,Jharkhand,Jamshedpur,Locality_162,Property_Type,1.0,2095.0,43.92,0.02,2004.0,Unfurnished,15.0,26.0,21.0,7.0,1.0,High,No,No,"Pool, Clubhouse, Garden, Gym, Playground",North,Broker,Ready_to_Move
3365.0,Tamil Nadu,Chennai,Locality_35,Property_Type,3.0,3141.0,280.63,0.09,2010.0,Unfurnished,17.0,25.0,15.0,4.0,4.0,Low,No,Yes,"Playground, Clubhouse, Pool, Garden",West,Broker,Ready_to_Move
3366.0,Rajasthan,Jaipur,Locality_149,Property_Type,3.0,2849.0,270.98,0.1,2018.0,Semi-furnished,1.0,17.0,7.0,2.0,2.0,High,Yes,No,"Garden, Gym, Playground, Clubhouse",East,Owner,Ready_to_Move
3367.0,Assam,Silchar,Locality_219,Property_Type,5.0,2298.0,50.05,0.02,1991.0,Furnished,0.0,2.0,34.0,8.0,8.0,High,No,No,"Playground, Clubhouse, Gym, Pool, Garden",East,Broker,Under_Construction
3368.0,Maharashtra,Pune,Locality_41,Property_Type,1.0,1404.0,72.98,0.05,2018.0,Furnished,8.0,8.0,7.0,10.0,2.0,Medium,No,No,"Clubhouse, Garden, Pool, Playground, Gym",South,Builder,Ready_to_Move
3369.0,Karnataka,Bangalore,Locality_105,Property_Type,1.0,3118.0,385.49,0.12,1997.0,Furnished,8.0,14.0,28.0,3.0,7.0,Low,Yes,Yes,"Garden, Clubhouse, Pool, Gym",South,Owner,Ready_to_Move
3370.0,Maharashtra,Nagpur,Locality_78,Property_Type,4.0,1967.0,356.61,0.18,1999.0,Furnished,23.0,11.0,26.0,4.0,4.0,High,No,Yes,"Playground, Clubhouse, Pool, Garden, Gym",South,Owner,Under_Construction
3371.0,Rajasthan,Jaipur,Locality_172,Property_Type,1.0,671.0,34.43,0.05,2002.0,Semi-furnished,21.0,5.0,23.0,7.0,2.0,Low,Yes,No,"Clubhouse, Pool",West,Broker,Under_Construction
3372.0,Karnataka,Mangalore,Locality_170,Property_Type,3.0,562.0,257.41,0.46,2023.0,Semi-furnished,7.0,27.0,2.0,4.0,9.0,Medium,No,Yes,Pool,South,Broker,Ready_to_Move
3373.0,Odisha,Bhubaneswar,Locality_127,Property_Type,5.0,1837.0,271.67,0.15,2023.0,Unfurnished,10.0,24.0,2.0,9.0,2.0,Low,Yes,Yes,"Garden, Gym, Pool, Clubhouse, Playground",West,Broker,Under_Construction
3374.0,Madhya Pradesh,Indore,Locality_414,Property_Type,1.0,4982.0,266.86,0.05,2016.0,Unfurnished,8.0,4.0,9.0,1.0,1.0,High,No,Yes,"Pool, Clubhouse, Playground",West,Builder,Under_Construction
3375.0,Andhra Pradesh,Vishakhapatnam,Locality_46,Property_Type,1.0,3692.0,13.9,0.0,2020.0,Semi-furnished,21.0,16.0,5.0,2.0,9.0,Low,No,No,Garden,West,Owner,Ready_to_Move
3376.0,West Bengal,Durgapur,Locality_372,Property_Type,3.0,3741.0,144.63,0.04,2018.0,Unfurnished,18.0,8.0,7.0,4.0,4.0,Low,No,No,"Garden, Playground, Pool, Gym",East,Broker,Ready_to_Move
3377.0,Gujarat,Surat,Locality_266,Property_Type,2.0,4635.0,47.83,0.01,2005.0,Unfurnished,3.0,16.0,20.0,6.0,5.0,Low,No,No,Clubhouse,East,Broker,Ready_to_Move
3378.0,Karnataka,Mangalore,Locality_97,Property_Type,1.0,3526.0,470.69,0.13,2005.0,Furnished,27.0,22.0,20.0,10.0,6.0,Medium,Yes,Yes,Garden,North,Broker,Under_Construction
3379.0,Chhattisgarh,Bilaspur,Locality_121,Property_Type,3.0,4901.0,155.67,0.03,2012.0,Semi-furnished,10.0,29.0,13.0,8.0,1.0,High,No,No,"Gym, Pool, Garden, Clubhouse",South,Builder,Under_Construction
3380.0,Telangana,Warangal,Locality_203,Property_Type,5.0,3183.0,237.75,0.07,2016.0,Unfurnished,18.0,27.0,9.0,2.0,5.0,Medium,Yes,No,"Pool, Garden, Clubhouse, Gym",West,Owner,Under_Construction
3381.0,Rajasthan,Jaipur,Locality_485,Property_Type,4.0,3710.0,421.03,0.11,1993.0,Furnished,0.0,28.0,32.0,6.0,3.0,High,Yes,No,"Clubhouse, Gym, Garden, Pool",East,Broker,Under_Construction
3382.0,Haryana,Gurgaon,Locality_315,Property_Type,4.0,2724.0,236.76,0.09,2001.0,Furnished,23.0,19.0,24.0,1.0,4.0,Medium,No,Yes,Garden,East,Broker,Ready_to_Move
3383.0,Rajasthan,Jodhpur,Locality_2,Property_Type,3.0,3214.0,162.38,0.05,2016.0,Furnished,2.0,26.0,9.0,3.0,4.0,Low,Yes,No,"Gym, Pool, Clubhouse, Playground",South,Builder,Ready_to_Move
3384.0,Telangana,Warangal,Locality_3,Property_Type,1.0,1106.0,202.26,0.18,1996.0,Furnished,16.0,5.0,29.0,1.0,2.0,Medium,Yes,No,"Playground, Pool, Garden, Clubhouse, Gym",West,Broker,Under_Construction
3385.0,Haryana,Gurgaon,Locality_28,Property_Type,4.0,3469.0,101.93,0.03,2017.0,Unfurnished,14.0,20.0,8.0,2.0,10.0,Low,Yes,No,"Gym, Garden, Pool",South,Broker,Ready_to_Move
3386.0,Punjab,Amritsar,Locality_106,Property_Type,3.0,1237.0,415.24,0.34,2014.0,Unfurnished,19.0,10.0,11.0,10.0,5.0,High,No,Yes,"Gym, Playground, Clubhouse, Garden, Pool",West,Owner,Under_Construction
3387.0,Delhi,Dwarka,Locality_488,Property_Type,5.0,1090.0,383.56,0.35,1998.0,Semi-furnished,15.0,11.0,27.0,9.0,5.0,Low,No,Yes,"Playground, Pool, Gym",South,Owner,Under_Construction
3388.0,Jharkhand,Ranchi,Locality_330,Property_Type,3.0,2893.0,181.35,0.06,2022.0,Furnished,18.0,6.0,3.0,10.0,5.0,High,No,Yes,"Clubhouse, Pool, Garden, Gym",North,Broker,Under_Construction
3389.0,Madhya Pradesh,Bhopal,Locality_245,Property_Type,3.0,4158.0,264.08,0.06,1997.0,Unfurnished,27.0,17.0,28.0,10.0,9.0,High,Yes,Yes,"Playground, Clubhouse, Gym, Garden",West,Builder,Ready_to_Move
3390.0,Tamil Nadu,Coimbatore,Locality_439,Property_Type,2.0,2564.0,434.34,0.17,2019.0,Furnished,28.0,30.0,6.0,3.0,4.0,High,Yes,No,"Playground, Pool, Garden, Gym, Clubhouse",North,Builder,Ready_to_Move
3391.0,Assam,Guwahati,Locality_93,Property_Type,3.0,3615.0,283.58,0.08,2007.0,Unfurnished,15.0,6.0,18.0,4.0,6.0,High,No,Yes,"Gym, Clubhouse, Pool, Playground",South,Owner,Ready_to_Move
3392.0,Karnataka,Mangalore,Locality_341,Property_Type,1.0,3294.0,311.37,0.09,1999.0,Unfurnished,27.0,22.0,26.0,8.0,9.0,Medium,Yes,No,"Playground, Clubhouse, Garden, Pool",North,Owner,Ready_to_Move
3393.0,Gujarat,Surat,Locality_141,Property_Type,2.0,2397.0,18.99,0.01,2023.0,Furnished,30.0,25.0,2.0,7.0,3.0,High,No,No,"Gym, Pool, Playground, Clubhouse",South,Owner,Ready_to_Move
3394.0,Rajasthan,Jaipur,Locality_391,Property_Type,2.0,3207.0,74.96,0.02,2008.0,Semi-furnished,5.0,15.0,17.0,6.0,6.0,Low,No,Yes,"Pool, Playground, Gym, Garden, Clubhouse",West,Owner,Ready_to_Move
3395.0,Assam,Guwahati,Locality_407,Property_Type,4.0,4722.0,250.95,0.05,2022.0,Semi-furnished,10.0,5.0,3.0,3.0,6.0,High,No,Yes,"Garden, Clubhouse, Gym, Pool",North,Broker,Under_Construction
3396.0,Karnataka,Mangalore,Locality_181,Property_Type,2.0,1971.0,366.93,0.19,2017.0,Unfurnished,0.0,29.0,8.0,10.0,5.0,High,No,No,"Gym, Playground, Clubhouse",North,Broker,Under_Construction
3397.0,Andhra Pradesh,Vishakhapatnam,Locality_266,Property_Type,3.0,3233.0,89.22,0.03,2008.0,Unfurnished,20.0,15.0,17.0,2.0,9.0,Low,Yes,Yes,"Gym, Garden, Clubhouse, Pool",South,Broker,Under_Construction
3398.0,Delhi,New Delhi,Locality_430,Property_Type,3.0,4661.0,183.77,0.04,2005.0,Semi-furnished,0.0,17.0,20.0,3.0,3.0,High,Yes,No,"Gym, Pool, Clubhouse",North,Owner,Ready_to_Move
3399.0,Bihar,Gaya,Locality_102,Property_Type,2.0,1050.0,212.29,0.2,2014.0,Furnished,10.0,20.0,11.0,5.0,4.0,High,Yes,No,"Gym, Clubhouse",West,Builder,Ready_to_Move
3400.0,Kerala,Trivandrum,Locality_12,Property_Type,4.0,4410.0,499.87,0.11,1998.0,Unfurnished,1.0,23.0,27.0,9.0,2.0,Medium,Yes,No,Playground,West,Owner,Under_Construction
3401.0,Kerala,Trivandrum,Locality_450,Property_Type,2.0,999.0,374.18,0.37,2013.0,Semi-furnished,7.0,27.0,12.0,6.0,4.0,High,No,Yes,"Playground, Pool, Clubhouse, Garden, Gym",East,Owner,Under_Construction
3402.0,Haryana,Faridabad,Locality_227,Property_Type,2.0,4164.0,355.57,0.09,2006.0,Semi-furnished,20.0,13.0,19.0,3.0,5.0,High,No,Yes,"Gym, Clubhouse, Garden, Playground, Pool",East,Owner,Ready_to_Move
3403.0,Delhi,Dwarka,Locality_60,Property_Type,2.0,1658.0,151.55,0.09,2002.0,Unfurnished,24.0,13.0,23.0,2.0,5.0,High,Yes,Yes,"Playground, Pool, Gym, Garden, Clubhouse",West,Owner,Under_Construction
3404.0,Chhattisgarh,Raipur,Locality_261,Property_Type,3.0,4577.0,366.46,0.08,2017.0,Furnished,8.0,30.0,8.0,4.0,9.0,High,No,Yes,"Pool, Gym, Playground, Garden",West,Builder,Ready_to_Move
3405.0,Bihar,Gaya,Locality_471,Property_Type,1.0,672.0,480.78,0.72,2008.0,Furnished,14.0,4.0,17.0,7.0,9.0,Medium,No,Yes,Clubhouse,South,Owner,Ready_to_Move
3406.0,Maharashtra,Nagpur,Locality_284,Property_Type,1.0,1809.0,426.96,0.24,2006.0,Semi-furnished,6.0,20.0,19.0,4.0,2.0,Low,No,No,"Playground, Garden, Clubhouse, Pool, Gym",West,Builder,Under_Construction
3407.0,Madhya Pradesh,Bhopal,Locality_476,Property_Type,1.0,4364.0,71.39,0.02,2007.0,Unfurnished,17.0,25.0,18.0,5.0,10.0,Medium,Yes,No,"Playground, Gym, Pool",South,Broker,Under_Construction
3408.0,Uttar Pradesh,Lucknow,Locality_333,Property_Type,1.0,1692.0,191.87,0.11,1998.0,Furnished,0.0,17.0,27.0,1.0,3.0,Low,Yes,Yes,"Garden, Gym, Pool, Clubhouse",West,Builder,Under_Construction
3409.0,Kerala,Kochi,Locality_208,Property_Type,3.0,2909.0,294.33,0.1,2017.0,Semi-furnished,17.0,3.0,8.0,2.0,3.0,Low,No,Yes,"Clubhouse, Playground, Gym",East,Broker,Ready_to_Move
3410.0,Jharkhand,Jamshedpur,Locality_437,Property_Type,2.0,2970.0,25.66,0.01,2013.0,Furnished,17.0,27.0,12.0,9.0,1.0,Medium,No,No,"Clubhouse, Playground, Garden, Pool",North,Owner,Ready_to_Move
3411.0,Kerala,Kochi,Locality_172,Property_Type,1.0,2744.0,497.39,0.18,2003.0,Furnished,0.0,17.0,22.0,4.0,4.0,High,Yes,No,Clubhouse,South,Owner,Ready_to_Move
3412.0,Uttarakhand,Haridwar,Locality_3,Property_Type,2.0,2227.0,63.94,0.03,1995.0,Semi-furnished,20.0,5.0,30.0,8.0,8.0,High,No,No,"Gym, Clubhouse",West,Broker,Ready_to_Move
3413.0,Rajasthan,Jaipur,Locality_31,Property_Type,1.0,3734.0,454.39,0.12,1994.0,Semi-furnished,7.0,16.0,31.0,4.0,9.0,Low,Yes,No,"Pool, Garden, Playground",East,Owner,Ready_to_Move
3414.0,Bihar,Gaya,Locality_221,Property_Type,4.0,3820.0,270.16,0.07,2000.0,Unfurnished,9.0,7.0,25.0,7.0,7.0,High,Yes,No,"Pool, Playground, Gym",East,Broker,Under_Construction
3415.0,Madhya Pradesh,Indore,Locality_261,Property_Type,2.0,4317.0,405.2,0.09,2003.0,Semi-furnished,23.0,9.0,22.0,5.0,6.0,Medium,No,Yes,"Playground, Garden, Pool, Gym",West,Builder,Ready_to_Move
3416.0,Jharkhand,Ranchi,Locality_444,Property_Type,4.0,1408.0,481.98,0.34,2016.0,Unfurnished,4.0,11.0,9.0,6.0,7.0,High,No,Yes,"Gym, Playground, Garden",East,Owner,Ready_to_Move
3417.0,Odisha,Cuttack,Locality_196,Property_Type,3.0,4248.0,402.15,0.09,2000.0,Furnished,20.0,11.0,25.0,2.0,2.0,High,No,Yes,"Playground, Gym, Clubhouse, Garden",East,Owner,Under_Construction
3418.0,Uttar Pradesh,Noida,Locality_275,Property_Type,4.0,3931.0,214.57,0.05,2006.0,Semi-furnished,18.0,21.0,19.0,4.0,5.0,High,No,Yes,"Playground, Garden",West,Owner,Ready_to_Move
3419.0,Chhattisgarh,Bilaspur,Locality_7,Property_Type,3.0,1440.0,250.97,0.17,2004.0,Unfurnished,3.0,17.0,21.0,3.0,6.0,Medium,No,No,"Clubhouse, Playground",North,Owner,Under_Construction
3420.0,Rajasthan,Jaipur,Locality_297,Property_Type,1.0,4654.0,341.08,0.07,2007.0,Furnished,3.0,10.0,18.0,8.0,1.0,Medium,Yes,Yes,"Gym, Clubhouse, Garden",West,Builder,Ready_to_Move
3421.0,West Bengal,Durgapur,Locality_368,Property_Type,2.0,2651.0,63.3,0.02,2002.0,Furnished,2.0,23.0,23.0,10.0,1.0,High,No,Yes,"Pool, Garden, Clubhouse, Gym",East,Owner,Under_Construction
3422.0,Maharashtra,Nagpur,Locality_440,Property_Type,3.0,1315.0,138.26,0.11,1992.0,Unfurnished,30.0,1.0,33.0,8.0,9.0,Low,No,Yes,"Clubhouse, Playground, Pool",North,Broker,Under_Construction
3423.0,Telangana,Hyderabad,Locality_456,Property_Type,2.0,2011.0,106.64,0.05,2006.0,Unfurnished,13.0,25.0,19.0,9.0,9.0,High,Yes,Yes,"Garden, Gym",North,Builder,Under_Construction
3424.0,Maharashtra,Nagpur,Locality_304,Property_Type,3.0,1915.0,287.52,0.15,2006.0,Furnished,20.0,3.0,19.0,9.0,4.0,Low,Yes,No,"Playground, Clubhouse, Pool, Gym",North,Builder,Ready_to_Move
3425.0,Rajasthan,Jodhpur,Locality_319,Property_Type,4.0,3493.0,197.04,0.06,2003.0,Furnished,7.0,30.0,22.0,4.0,10.0,High,No,Yes,"Playground, Pool",East,Builder,Under_Construction
3426.0,Chhattisgarh,Raipur,Locality_394,Property_Type,3.0,853.0,20.54,0.02,2012.0,Furnished,14.0,10.0,13.0,7.0,1.0,Low,No,No,"Gym, Clubhouse, Pool",North,Broker,Ready_to_Move
3427.0,Madhya Pradesh,Indore,Locality_320,Property_Type,2.0,4492.0,70.64,0.02,2016.0,Semi-furnished,18.0,2.0,9.0,5.0,4.0,Medium,No,No,"Clubhouse, Pool, Garden, Playground",East,Builder,Ready_to_Move
3428.0,Maharashtra,Nagpur,Locality_184,Property_Type,4.0,3377.0,320.84,0.1,2023.0,Semi-furnished,4.0,7.0,2.0,2.0,4.0,High,Yes,No,"Garden, Clubhouse",East,Broker,Under_Construction
3429.0,Haryana,Faridabad,Locality_259,Property_Type,2.0,706.0,292.46,0.41,2015.0,Unfurnished,28.0,25.0,10.0,2.0,6.0,High,Yes,No,"Gym, Playground, Garden",East,Builder,Under_Construction
3430.0,Maharashtra,Pune,Locality_126,Property_Type,5.0,3666.0,283.84,0.08,2022.0,Semi-furnished,23.0,23.0,3.0,5.0,5.0,High,No,No,Gym,West,Owner,Under_Construction
3431.0,Andhra Pradesh,Vishakhapatnam,Locality_183,Property_Type,4.0,3221.0,477.78,0.15,2021.0,Furnished,18.0,15.0,4.0,6.0,9.0,High,Yes,Yes,"Pool, Clubhouse, Playground, Garden",East,Builder,Under_Construction
3432.0,Kerala,Trivandrum,Locality_241,Property_Type,5.0,1283.0,108.51,0.08,1999.0,Furnished,27.0,2.0,26.0,9.0,10.0,Low,Yes,Yes,"Pool, Playground",West,Owner,Ready_to_Move
3433.0,Tamil Nadu,Chennai,Locality_342,Property_Type,1.0,2482.0,154.35,0.06,2002.0,Semi-furnished,24.0,29.0,23.0,7.0,1.0,Low,No,No,"Gym, Clubhouse, Playground, Garden, Pool",East,Builder,Under_Construction
3434.0,Uttar Pradesh,Lucknow,Locality_119,Property_Type,5.0,2674.0,266.68,0.1,2010.0,Furnished,1.0,13.0,15.0,3.0,8.0,Low,No,No,"Gym, Garden, Pool",North,Broker,Under_Construction
3435.0,Assam,Guwahati,Locality_175,Property_Type,5.0,4004.0,91.7,0.02,1991.0,Semi-furnished,1.0,21.0,34.0,6.0,9.0,Low,Yes,No,"Gym, Pool",South,Owner,Ready_to_Move
3436.0,Rajasthan,Jaipur,Locality_356,Property_Type,1.0,4572.0,228.98,0.05,1996.0,Unfurnished,3.0,5.0,29.0,7.0,1.0,Low,Yes,No,"Playground, Pool, Clubhouse, Gym",West,Broker,Ready_to_Move
3437.0,Telangana,Warangal,Locality_489,Property_Type,2.0,3786.0,161.02,0.04,2023.0,Semi-furnished,30.0,15.0,2.0,2.0,5.0,High,No,Yes,"Clubhouse, Garden, Pool, Gym, Playground",South,Owner,Under_Construction
3438.0,Odisha,Cuttack,Locality_263,Property_Type,1.0,708.0,302.08,0.43,1998.0,Unfurnished,27.0,20.0,27.0,6.0,10.0,High,Yes,Yes,"Gym, Playground",East,Owner,Under_Construction
3439.0,Karnataka,Mysore,Locality_293,Property_Type,1.0,3343.0,308.0,0.09,1995.0,Unfurnished,28.0,30.0,30.0,3.0,8.0,High,Yes,Yes,Pool,West,Owner,Under_Construction
3440.0,West Bengal,Kolkata,Locality_346,Property_Type,2.0,4393.0,39.35,0.01,2017.0,Unfurnished,7.0,6.0,8.0,5.0,3.0,High,No,Yes,"Gym, Clubhouse, Pool, Garden",South,Owner,Under_Construction
3441.0,Punjab,Ludhiana,Locality_276,Property_Type,4.0,2108.0,214.63,0.1,2008.0,Unfurnished,21.0,1.0,17.0,6.0,10.0,Medium,No,Yes,"Pool, Garden, Clubhouse, Gym, Playground",North,Builder,Ready_to_Move
3442.0,Delhi,New Delhi,Locality_330,Property_Type,1.0,3611.0,342.25,0.09,2012.0,Unfurnished,26.0,4.0,13.0,2.0,7.0,Low,Yes,No,"Gym, Pool, Playground, Clubhouse, Garden",West,Broker,Ready_to_Move
3443.0,Karnataka,Mangalore,Locality_75,Property_Type,3.0,1996.0,429.07,0.21,2003.0,Furnished,15.0,23.0,22.0,5.0,7.0,Low,Yes,Yes,"Clubhouse, Pool, Playground, Garden, Gym",West,Owner,Ready_to_Move
3444.0,Rajasthan,Jaipur,Locality_205,Property_Type,5.0,1517.0,129.4,0.09,2017.0,Furnished,7.0,3.0,8.0,3.0,4.0,Medium,No,Yes,"Playground, Pool, Clubhouse, Gym",North,Owner,Under_Construction
3445.0,Assam,Silchar,Locality_351,Property_Type,4.0,2553.0,456.9,0.18,1996.0,Unfurnished,5.0,15.0,29.0,3.0,7.0,High,No,Yes,"Clubhouse, Pool, Gym",East,Broker,Ready_to_Move
3446.0,Telangana,Hyderabad,Locality_44,Property_Type,2.0,2924.0,182.55,0.06,2019.0,Furnished,29.0,11.0,6.0,2.0,9.0,High,No,Yes,"Garden, Clubhouse",West,Owner,Under_Construction
3447.0,Madhya Pradesh,Bhopal,Locality_86,Property_Type,2.0,1867.0,333.9,0.18,2003.0,Furnished,15.0,2.0,22.0,8.0,2.0,Low,Yes,No,"Clubhouse, Gym, Garden",East,Owner,Under_Construction
3448.0,Bihar,Gaya,Locality_210,Property_Type,2.0,934.0,68.51,0.07,2006.0,Furnished,5.0,20.0,19.0,4.0,2.0,Low,Yes,Yes,"Pool, Garden",West,Broker,Under_Construction
3449.0,Delhi,Dwarka,Locality_124,Property_Type,4.0,1126.0,179.21,0.16,1997.0,Semi-furnished,0.0,5.0,28.0,10.0,9.0,High,Yes,No,"Garden, Pool, Clubhouse, Playground, Gym",North,Owner,Under_Construction
3450.0,Jharkhand,Ranchi,Locality_89,Property_Type,4.0,4104.0,183.95,0.04,1994.0,Semi-furnished,23.0,20.0,31.0,2.0,4.0,Low,Yes,Yes,Clubhouse,West,Broker,Ready_to_Move
3451.0,Tamil Nadu,Coimbatore,Locality_382,Property_Type,5.0,757.0,110.05,0.15,1992.0,Furnished,20.0,27.0,33.0,5.0,6.0,Medium,No,Yes,"Gym, Pool, Garden",West,Broker,Ready_to_Move
3452.0,Assam,Guwahati,Locality_149,Property_Type,5.0,1687.0,356.08,0.21,1995.0,Furnished,11.0,19.0,30.0,7.0,1.0,High,Yes,Yes,"Clubhouse, Pool, Garden, Gym, Playground",East,Builder,Ready_to_Move
3453.0,West Bengal,Kolkata,Locality_423,Property_Type,5.0,937.0,402.9,0.43,2011.0,Semi-furnished,23.0,11.0,14.0,8.0,3.0,Medium,No,Yes,"Clubhouse, Pool, Garden",East,Owner,Ready_to_Move
3454.0,Andhra Pradesh,Vijayawada,Locality_144,Property_Type,2.0,3361.0,171.88,0.05,1995.0,Semi-furnished,15.0,21.0,30.0,3.0,2.0,High,No,Yes,Pool,East,Builder,Ready_to_Move
3455.0,Delhi,New Delhi,Locality_358,Property_Type,2.0,3193.0,343.91,0.11,1990.0,Furnished,2.0,16.0,35.0,3.0,5.0,Medium,Yes,No,"Garden, Gym, Pool, Playground, Clubhouse",East,Builder,Ready_to_Move
3456.0,Jharkhand,Ranchi,Locality_83,Property_Type,2.0,4764.0,247.8,0.05,1995.0,Semi-furnished,1.0,21.0,30.0,7.0,8.0,Medium,No,Yes,"Garden, Clubhouse, Playground",West,Builder,Ready_to_Move
3457.0,Jharkhand,Jamshedpur,Locality_201,Property_Type,4.0,1412.0,324.07,0.23,2001.0,Unfurnished,24.0,23.0,24.0,4.0,2.0,Medium,Yes,No,"Pool, Garden, Gym, Clubhouse, Playground",South,Owner,Under_Construction
3458.0,Karnataka,Bangalore,Locality_313,Property_Type,4.0,1633.0,270.13,0.17,1991.0,Unfurnished,14.0,10.0,34.0,5.0,2.0,Medium,No,No,"Gym, Clubhouse",East,Broker,Ready_to_Move
3459.0,Telangana,Hyderabad,Locality_453,Property_Type,2.0,3124.0,32.8,0.01,2016.0,Unfurnished,4.0,25.0,9.0,9.0,4.0,Low,No,No,Clubhouse,East,Broker,Under_Construction
3460.0,West Bengal,Durgapur,Locality_45,Property_Type,5.0,2053.0,341.43,0.17,2021.0,Furnished,25.0,7.0,4.0,7.0,10.0,Medium,Yes,Yes,"Playground, Garden",East,Builder,Under_Construction
3461.0,Rajasthan,Jaipur,Locality_33,Property_Type,5.0,4945.0,441.75,0.09,1993.0,Unfurnished,18.0,25.0,32.0,10.0,3.0,Medium,No,No,Garden,East,Builder,Ready_to_Move
3462.0,Kerala,Kochi,Locality_352,Property_Type,5.0,1392.0,125.81,0.09,2011.0,Semi-furnished,26.0,21.0,14.0,10.0,3.0,Medium,No,No,Clubhouse,East,Broker,Ready_to_Move
3463.0,Punjab,Ludhiana,Locality_465,Property_Type,2.0,2250.0,358.99,0.16,2000.0,Semi-furnished,9.0,11.0,25.0,9.0,5.0,High,Yes,Yes,"Clubhouse, Gym",East,Broker,Under_Construction
3464.0,Haryana,Gurgaon,Locality_275,Property_Type,2.0,4738.0,70.01,0.01,2016.0,Semi-furnished,4.0,25.0,9.0,7.0,9.0,Low,Yes,No,"Garden, Playground, Pool, Clubhouse",North,Owner,Under_Construction
3465.0,Andhra Pradesh,Vishakhapatnam,Locality_60,Property_Type,1.0,1331.0,211.36,0.16,1998.0,Semi-furnished,18.0,21.0,27.0,1.0,3.0,Medium,No,No,Playground,South,Builder,Ready_to_Move
3466.0,Haryana,Faridabad,Locality_433,Property_Type,4.0,1975.0,233.35,0.12,1993.0,Furnished,21.0,3.0,32.0,2.0,5.0,High,Yes,Yes,"Clubhouse, Playground, Pool, Gym",East,Owner,Under_Construction
3467.0,Haryana,Gurgaon,Locality_124,Property_Type,3.0,4244.0,467.14,0.11,2003.0,Furnished,16.0,8.0,22.0,2.0,3.0,Medium,Yes,Yes,Clubhouse,North,Broker,Ready_to_Move
3468.0,Bihar,Gaya,Locality_78,Property_Type,4.0,3518.0,78.39,0.02,1992.0,Furnished,14.0,14.0,33.0,10.0,10.0,Low,No,Yes,Playground,West,Builder,Ready_to_Move
3469.0,Punjab,Ludhiana,Locality_79,Property_Type,5.0,1931.0,370.5,0.19,2001.0,Furnished,5.0,2.0,24.0,4.0,6.0,High,No,Yes,"Clubhouse, Gym",West,Builder,Under_Construction
3470.0,Rajasthan,Jaipur,Locality_113,Property_Type,5.0,2125.0,206.62,0.1,2019.0,Furnished,17.0,23.0,6.0,2.0,3.0,Medium,No,Yes,"Clubhouse, Playground, Garden, Gym",East,Broker,Under_Construction
3471.0,Delhi,Dwarka,Locality_34,Property_Type,3.0,573.0,372.57,0.65,2023.0,Furnished,2.0,21.0,2.0,1.0,3.0,Low,No,Yes,Garden,East,Builder,Ready_to_Move
3472.0,Uttar Pradesh,Lucknow,Locality_144,Property_Type,4.0,4534.0,181.98,0.04,2012.0,Semi-furnished,21.0,4.0,13.0,3.0,5.0,High,Yes,No,"Playground, Gym",South,Owner,Ready_to_Move
3473.0,West Bengal,Kolkata,Locality_392,Property_Type,4.0,2302.0,98.41,0.04,1990.0,Furnished,9.0,4.0,35.0,5.0,8.0,Medium,Yes,Yes,"Pool, Clubhouse, Playground, Garden",South,Builder,Under_Construction
3474.0,Jharkhand,Jamshedpur,Locality_342,Property_Type,4.0,3221.0,375.92,0.12,2016.0,Unfurnished,23.0,18.0,9.0,10.0,9.0,High,No,No,Clubhouse,North,Owner,Under_Construction
3475.0,Tamil Nadu,Chennai,Locality_156,Property_Type,3.0,2106.0,66.46,0.03,2009.0,Unfurnished,24.0,30.0,16.0,4.0,4.0,High,Yes,Yes,"Garden, Clubhouse, Playground, Pool, Gym",North,Builder,Under_Construction
3476.0,West Bengal,Durgapur,Locality_107,Property_Type,1.0,4952.0,378.71,0.08,1990.0,Semi-furnished,15.0,9.0,35.0,10.0,10.0,Medium,Yes,No,"Pool, Gym, Garden, Clubhouse",South,Builder,Under_Construction
3477.0,Tamil Nadu,Chennai,Locality_150,Property_Type,4.0,1789.0,273.18,0.15,2004.0,Furnished,8.0,14.0,21.0,7.0,2.0,Low,Yes,Yes,"Pool, Clubhouse, Playground, Gym, Garden",North,Broker,Ready_to_Move
3478.0,Gujarat,Ahmedabad,Locality_474,Property_Type,1.0,1186.0,147.9,0.12,1995.0,Unfurnished,0.0,8.0,30.0,2.0,6.0,High,No,Yes,"Gym, Pool",West,Owner,Under_Construction
3479.0,Bihar,Gaya,Locality_73,Property_Type,5.0,1052.0,216.65,0.21,2002.0,Unfurnished,22.0,14.0,23.0,2.0,5.0,Medium,No,Yes,Playground,South,Builder,Under_Construction
3480.0,Bihar,Patna,Locality_419,Property_Type,5.0,1553.0,360.59,0.23,1993.0,Furnished,19.0,18.0,32.0,3.0,8.0,High,Yes,Yes,"Garden, Pool, Gym, Playground",North,Broker,Under_Construction
3481.0,Haryana,Gurgaon,Locality_362,Property_Type,5.0,3155.0,136.2,0.04,2003.0,Semi-furnished,0.0,9.0,22.0,4.0,9.0,High,Yes,No,"Playground, Clubhouse, Pool, Gym, Garden",East,Owner,Under_Construction
3482.0,Telangana,Hyderabad,Locality_67,Property_Type,5.0,4546.0,236.94,0.05,2014.0,Semi-furnished,21.0,21.0,11.0,5.0,8.0,High,No,No,"Gym, Pool, Garden, Clubhouse, Playground",East,Broker,Under_Construction
3483.0,Tamil Nadu,Coimbatore,Locality_467,Property_Type,2.0,3067.0,156.52,0.05,2012.0,Furnished,16.0,4.0,13.0,1.0,10.0,Low,Yes,Yes,"Gym, Garden",South,Owner,Under_Construction
3484.0,Chhattisgarh,Bilaspur,Locality_286,Property_Type,1.0,4669.0,315.65,0.07,1994.0,Unfurnished,0.0,25.0,31.0,7.0,10.0,Low,No,No,"Garden, Clubhouse, Playground, Pool, Gym",South,Broker,Ready_to_Move
3485.0,Madhya Pradesh,Indore,Locality_198,Property_Type,1.0,1564.0,498.38,0.32,2019.0,Unfurnished,21.0,20.0,6.0,6.0,5.0,Medium,No,No,Gym,East,Broker,Under_Construction
3486.0,Uttar Pradesh,Noida,Locality_497,Property_Type,2.0,2209.0,422.74,0.19,2015.0,Furnished,18.0,26.0,10.0,5.0,4.0,Medium,No,No,"Gym, Playground",West,Owner,Under_Construction
3487.0,Bihar,Gaya,Locality_440,Property_Type,3.0,3119.0,402.83,0.13,2020.0,Unfurnished,4.0,11.0,5.0,2.0,7.0,Low,No,No,"Clubhouse, Playground, Pool, Gym, Garden",West,Builder,Ready_to_Move
3488.0,Kerala,Trivandrum,Locality_126,Property_Type,2.0,1766.0,483.62,0.27,1990.0,Semi-furnished,27.0,5.0,35.0,10.0,6.0,Medium,Yes,Yes,"Garden, Gym",West,Owner,Ready_to_Move
3489.0,Bihar,Patna,Locality_316,Property_Type,4.0,2877.0,419.67,0.15,1995.0,Unfurnished,14.0,23.0,30.0,6.0,3.0,Low,Yes,No,Garden,North,Broker,Ready_to_Move
3490.0,Punjab,Amritsar,Locality_415,Property_Type,5.0,2419.0,124.74,0.05,1990.0,Furnished,28.0,9.0,35.0,3.0,1.0,High,Yes,Yes,"Garden, Clubhouse",North,Builder,Ready_to_Move
3491.0,Tamil Nadu,Coimbatore,Locality_51,Property_Type,2.0,2358.0,63.98,0.03,1994.0,Unfurnished,28.0,7.0,31.0,6.0,9.0,High,Yes,Yes,"Garden, Pool",West,Broker,Ready_to_Move
3492.0,Delhi,New Delhi,Locality_63,Property_Type,4.0,3957.0,310.62,0.08,2018.0,Unfurnished,22.0,18.0,7.0,6.0,1.0,Low,Yes,Yes,"Pool, Playground",North,Broker,Ready_to_Move
3493.0,Gujarat,Surat,Locality_409,Property_Type,1.0,2092.0,465.38,0.22,1999.0,Unfurnished,22.0,10.0,26.0,7.0,3.0,High,No,Yes,"Pool, Gym",West,Broker,Under_Construction
3494.0,Kerala,Trivandrum,Locality_43,Property_Type,1.0,2443.0,342.93,0.14,2015.0,Semi-furnished,4.0,30.0,10.0,3.0,1.0,Medium,No,No,"Clubhouse, Garden",North,Builder,Ready_to_Move
3495.0,Uttarakhand,Haridwar,Locality_374,Property_Type,2.0,808.0,154.71,0.19,1990.0,Semi-furnished,12.0,14.0,35.0,5.0,7.0,Low,No,No,"Clubhouse, Gym",East,Broker,Ready_to_Move
3496.0,Karnataka,Mangalore,Locality_217,Property_Type,3.0,956.0,167.3,0.18,2014.0,Unfurnished,8.0,11.0,11.0,4.0,2.0,Medium,No,Yes,"Clubhouse, Pool, Playground",West,Builder,Ready_to_Move
3497.0,Uttar Pradesh,Noida,Locality_420,Property_Type,4.0,3694.0,274.79,0.07,2011.0,Unfurnished,8.0,15.0,14.0,10.0,5.0,Medium,No,Yes,"Gym, Playground, Pool, Garden, Clubhouse",North,Owner,Ready_to_Move
3498.0,Haryana,Faridabad,Locality_482,Property_Type,4.0,2458.0,18.57,0.01,2022.0,Unfurnished,28.0,3.0,3.0,10.0,7.0,Medium,Yes,No,"Garden, Playground, Pool, Gym, Clubhouse",West,Builder,Ready_to_Move
3499.0,West Bengal,Durgapur,Locality_219,Property_Type,4.0,2531.0,72.77,0.03,1995.0,Furnished,25.0,3.0,30.0,7.0,1.0,Low,Yes,No,"Clubhouse, Gym, Garden, Pool",West,Broker,Under_Construction
3500.0,Delhi,New Delhi,Locality_417,Property_Type,5.0,1005.0,30.86,0.03,2010.0,Furnished,6.0,22.0,15.0,8.0,8.0,High,No,No,Playground,South,Builder,Under_Construction
3501.0,Rajasthan,Jodhpur,Locality_441,Property_Type,1.0,2214.0,230.46,0.1,2005.0,Furnished,9.0,21.0,20.0,10.0,6.0,Medium,Yes,Yes,Clubhouse,North,Broker,Under_Construction
3502.0,Madhya Pradesh,Indore,Locality_219,Property_Type,3.0,4593.0,355.8,0.08,1998.0,Semi-furnished,15.0,22.0,27.0,3.0,6.0,High,Yes,Yes,"Pool, Garden",South,Broker,Ready_to_Move
3503.0,Andhra Pradesh,Vishakhapatnam,Locality_235,Property_Type,3.0,4941.0,349.67,0.07,1993.0,Semi-furnished,17.0,24.0,32.0,8.0,1.0,Low,No,No,"Clubhouse, Pool",South,Owner,Ready_to_Move
3504.0,Assam,Silchar,Locality_444,Property_Type,1.0,4415.0,158.45,0.04,1992.0,Furnished,24.0,13.0,33.0,1.0,3.0,Low,Yes,Yes,"Playground, Garden, Gym, Pool, Clubhouse",East,Broker,Ready_to_Move
3505.0,Karnataka,Mysore,Locality_271,Property_Type,1.0,1091.0,234.89,0.22,2015.0,Unfurnished,24.0,6.0,10.0,6.0,10.0,High,No,Yes,"Garden, Playground, Gym, Pool",East,Builder,Under_Construction
3506.0,Kerala,Kochi,Locality_253,Property_Type,1.0,887.0,122.66,0.14,2018.0,Furnished,6.0,29.0,7.0,7.0,10.0,Low,Yes,Yes,Gym,South,Owner,Ready_to_Move
3507.0,Punjab,Ludhiana,Locality_400,Property_Type,1.0,4109.0,373.35,0.09,1993.0,Semi-furnished,25.0,4.0,32.0,5.0,9.0,Medium,No,No,"Clubhouse, Pool, Garden, Playground",North,Broker,Ready_to_Move
3508.0,Gujarat,Ahmedabad,Locality_103,Property_Type,2.0,4515.0,327.58,0.07,2014.0,Semi-furnished,22.0,1.0,11.0,1.0,10.0,Medium,Yes,Yes,"Clubhouse, Playground, Garden, Gym, Pool",East,Broker,Under_Construction
3509.0,Maharashtra,Mumbai,Locality_293,Property_Type,5.0,2044.0,198.48,0.1,2002.0,Semi-furnished,30.0,29.0,23.0,2.0,10.0,High,No,No,"Garden, Pool, Clubhouse",East,Builder,Ready_to_Move
3510.0,Andhra Pradesh,Vijayawada,Locality_122,Property_Type,2.0,3660.0,434.33,0.12,2014.0,Semi-furnished,2.0,3.0,11.0,7.0,1.0,High,Yes,Yes,"Playground, Garden, Pool, Gym, Clubhouse",East,Owner,Under_Construction
3511.0,Bihar,Gaya,Locality_49,Property_Type,2.0,1894.0,306.91,0.16,2014.0,Furnished,1.0,23.0,11.0,9.0,5.0,Low,Yes,No,"Pool, Playground, Clubhouse",West,Builder,Under_Construction
3512.0,Chhattisgarh,Raipur,Locality_360,Property_Type,3.0,3229.0,265.03,0.08,2023.0,Unfurnished,24.0,5.0,2.0,7.0,9.0,Medium,Yes,No,Garden,West,Builder,Ready_to_Move
3513.0,Chhattisgarh,Raipur,Locality_15,Property_Type,2.0,596.0,63.36,0.11,2004.0,Unfurnished,19.0,11.0,21.0,9.0,8.0,High,No,Yes,"Pool, Garden, Gym, Clubhouse, Playground",North,Builder,Under_Construction
3514.0,Rajasthan,Jodhpur,Locality_479,Property_Type,3.0,2852.0,393.45,0.14,2004.0,Unfurnished,3.0,1.0,21.0,8.0,2.0,Low,No,Yes,"Garden, Clubhouse, Pool, Playground, Gym",South,Broker,Under_Construction
3515.0,Tamil Nadu,Chennai,Locality_193,Property_Type,5.0,1186.0,65.11,0.05,1995.0,Unfurnished,21.0,3.0,30.0,8.0,8.0,Low,No,No,"Garden, Playground, Pool, Gym, Clubhouse",West,Builder,Ready_to_Move
3516.0,Bihar,Gaya,Locality_66,Property_Type,3.0,1078.0,334.42,0.31,1999.0,Furnished,13.0,20.0,26.0,6.0,6.0,High,Yes,No,"Pool, Gym, Clubhouse, Playground",South,Builder,Ready_to_Move
3517.0,Tamil Nadu,Coimbatore,Locality_461,Property_Type,5.0,3635.0,50.45,0.01,1996.0,Furnished,28.0,20.0,29.0,7.0,9.0,Low,Yes,Yes,"Gym, Clubhouse, Playground",West,Builder,Ready_to_Move
3518.0,West Bengal,Kolkata,Locality_428,Property_Type,1.0,3208.0,455.9,0.14,2015.0,Furnished,9.0,28.0,10.0,5.0,2.0,Medium,No,No,"Clubhouse, Pool",East,Builder,Under_Construction
3519.0,Tamil Nadu,Chennai,Locality_45,Property_Type,2.0,3462.0,381.4,0.11,2002.0,Furnished,1.0,24.0,23.0,1.0,5.0,Medium,Yes,Yes,Clubhouse,South,Owner,Under_Construction
3520.0,Maharashtra,Mumbai,Locality_24,Property_Type,2.0,3492.0,200.29,0.06,1996.0,Furnished,15.0,14.0,29.0,4.0,1.0,Low,Yes,No,"Playground, Clubhouse, Pool, Gym",North,Builder,Ready_to_Move
3521.0,Karnataka,Mysore,Locality_27,Property_Type,2.0,3827.0,350.76,0.09,2002.0,Furnished,26.0,25.0,23.0,6.0,5.0,High,Yes,Yes,"Garden, Playground, Pool, Gym",East,Builder,Under_Construction
3522.0,Rajasthan,Jodhpur,Locality_28,Property_Type,4.0,1700.0,454.55,0.27,2020.0,Unfurnished,18.0,30.0,5.0,4.0,3.0,Medium,No,No,"Clubhouse, Gym",East,Owner,Ready_to_Move
3523.0,West Bengal,Kolkata,Locality_323,Property_Type,2.0,4277.0,44.03,0.01,2017.0,Furnished,16.0,10.0,8.0,3.0,4.0,High,Yes,No,"Playground, Gym, Garden, Clubhouse, Pool",South,Owner,Under_Construction
3524.0,Uttar Pradesh,Noida,Locality_289,Property_Type,3.0,2886.0,489.44,0.17,2002.0,Unfurnished,17.0,19.0,23.0,6.0,10.0,High,No,Yes,"Clubhouse, Playground, Pool, Garden, Gym",North,Owner,Ready_to_Move
3525.0,Andhra Pradesh,Vishakhapatnam,Locality_43,Property_Type,5.0,1428.0,187.25,0.13,2023.0,Furnished,5.0,25.0,2.0,1.0,5.0,Low,No,No,"Garden, Clubhouse, Gym, Pool, Playground",West,Builder,Ready_to_Move
3526.0,Madhya Pradesh,Indore,Locality_208,Property_Type,1.0,2276.0,443.44,0.19,1994.0,Furnished,27.0,12.0,31.0,3.0,3.0,Low,No,Yes,Clubhouse,West,Broker,Under_Construction
3527.0,Delhi,New Delhi,Locality_229,Property_Type,4.0,1047.0,116.26,0.11,1997.0,Unfurnished,6.0,8.0,28.0,1.0,8.0,High,No,Yes,Clubhouse,West,Owner,Under_Construction
3528.0,Jharkhand,Jamshedpur,Locality_354,Property_Type,3.0,3749.0,452.16,0.12,2010.0,Furnished,23.0,8.0,15.0,2.0,5.0,High,Yes,Yes,Garden,North,Builder,Ready_to_Move
3529.0,Jharkhand,Jamshedpur,Locality_268,Property_Type,4.0,4359.0,252.2,0.06,2023.0,Unfurnished,17.0,3.0,2.0,3.0,7.0,Medium,Yes,Yes,"Playground, Garden, Clubhouse, Pool",South,Broker,Under_Construction
3530.0,Punjab,Amritsar,Locality_159,Property_Type,1.0,1996.0,400.05,0.2,1993.0,Unfurnished,22.0,17.0,32.0,7.0,4.0,Medium,Yes,Yes,Pool,West,Broker,Ready_to_Move
3531.0,Delhi,Dwarka,Locality_371,Property_Type,4.0,4605.0,362.39,0.08,2004.0,Unfurnished,26.0,10.0,21.0,9.0,7.0,Medium,Yes,No,"Playground, Clubhouse",North,Builder,Ready_to_Move
3532.0,Maharashtra,Mumbai,Locality_229,Property_Type,4.0,3552.0,90.92,0.03,1992.0,Unfurnished,0.0,11.0,33.0,5.0,2.0,Low,No,Yes,"Pool, Garden, Playground",West,Broker,Ready_to_Move
3533.0,Delhi,Dwarka,Locality_95,Property_Type,3.0,4720.0,87.9,0.02,1997.0,Furnished,27.0,16.0,28.0,5.0,8.0,Medium,No,No,Clubhouse,East,Builder,Ready_to_Move
3534.0,Uttar Pradesh,Lucknow,Locality_25,Property_Type,3.0,3406.0,34.78,0.01,2022.0,Furnished,13.0,10.0,3.0,9.0,4.0,High,Yes,No,Garden,South,Owner,Ready_to_Move
3535.0,Bihar,Gaya,Locality_75,Property_Type,1.0,1294.0,78.26,0.06,1990.0,Furnished,4.0,9.0,35.0,8.0,8.0,Medium,Yes,No,"Clubhouse, Playground",South,Owner,Ready_to_Move
3536.0,West Bengal,Kolkata,Locality_468,Property_Type,1.0,2480.0,138.88,0.06,2015.0,Unfurnished,5.0,20.0,10.0,5.0,8.0,High,No,No,"Gym, Playground, Clubhouse",North,Broker,Under_Construction
3537.0,Delhi,Dwarka,Locality_335,Property_Type,2.0,3834.0,496.21,0.13,2013.0,Unfurnished,24.0,7.0,12.0,3.0,10.0,High,Yes,Yes,"Garden, Clubhouse, Pool, Playground, Gym",West,Builder,Ready_to_Move
3538.0,Haryana,Faridabad,Locality_321,Property_Type,5.0,3545.0,221.53,0.06,2011.0,Unfurnished,11.0,21.0,14.0,3.0,3.0,Low,Yes,Yes,"Playground, Clubhouse",East,Broker,Under_Construction
3539.0,Tamil Nadu,Coimbatore,Locality_107,Property_Type,2.0,4437.0,303.81,0.07,2022.0,Furnished,16.0,4.0,3.0,4.0,4.0,Medium,No,No,Garden,North,Owner,Ready_to_Move
3540.0,Karnataka,Bangalore,Locality_248,Property_Type,5.0,3575.0,399.52,0.11,1994.0,Semi-furnished,16.0,17.0,31.0,3.0,7.0,Medium,No,Yes,"Gym, Playground, Pool",East,Broker,Under_Construction
3541.0,Bihar,Patna,Locality_150,Property_Type,5.0,3316.0,255.64,0.08,2004.0,Furnished,27.0,28.0,21.0,10.0,1.0,Medium,Yes,Yes,"Playground, Garden, Gym",South,Broker,Ready_to_Move
3542.0,Karnataka,Mysore,Locality_452,Property_Type,5.0,3527.0,109.31,0.03,1995.0,Furnished,23.0,8.0,30.0,9.0,1.0,Low,Yes,No,Gym,South,Broker,Ready_to_Move
3543.0,Gujarat,Ahmedabad,Locality_444,Property_Type,2.0,4182.0,142.48,0.03,2023.0,Unfurnished,27.0,16.0,2.0,10.0,7.0,High,No,No,"Clubhouse, Garden",East,Builder,Under_Construction
3544.0,Jharkhand,Jamshedpur,Locality_109,Property_Type,4.0,1129.0,147.04,0.13,2020.0,Unfurnished,27.0,12.0,5.0,2.0,2.0,High,No,Yes,Gym,West,Broker,Under_Construction
3545.0,Telangana,Hyderabad,Locality_259,Property_Type,3.0,547.0,368.56,0.67,2000.0,Furnished,22.0,26.0,25.0,9.0,3.0,High,No,Yes,Pool,East,Owner,Under_Construction
3546.0,Andhra Pradesh,Vijayawada,Locality_74,Property_Type,2.0,4936.0,58.55,0.01,1997.0,Semi-furnished,2.0,3.0,28.0,7.0,9.0,Low,Yes,No,"Clubhouse, Garden, Pool",South,Owner,Under_Construction
3547.0,Odisha,Bhubaneswar,Locality_381,Property_Type,1.0,3299.0,150.68,0.05,2003.0,Furnished,14.0,2.0,22.0,4.0,4.0,High,No,No,Playground,West,Owner,Under_Construction
3548.0,Maharashtra,Nagpur,Locality_470,Property_Type,4.0,1403.0,89.0,0.06,2018.0,Unfurnished,27.0,12.0,7.0,8.0,4.0,High,Yes,Yes,"Gym, Clubhouse",South,Builder,Ready_to_Move
3549.0,Andhra Pradesh,Vijayawada,Locality_234,Property_Type,5.0,3013.0,450.41,0.15,1996.0,Unfurnished,15.0,28.0,29.0,8.0,7.0,Low,Yes,Yes,Clubhouse,North,Builder,Under_Construction
3550.0,Telangana,Hyderabad,Locality_223,Property_Type,2.0,4160.0,443.9,0.11,1997.0,Semi-furnished,24.0,11.0,28.0,4.0,6.0,Medium,No,No,"Garden, Playground, Gym",West,Broker,Under_Construction
3551.0,Gujarat,Ahmedabad,Locality_399,Property_Type,1.0,4937.0,201.75,0.04,2001.0,Unfurnished,16.0,1.0,24.0,5.0,5.0,Medium,Yes,Yes,"Garden, Clubhouse",North,Broker,Under_Construction
3552.0,Madhya Pradesh,Indore,Locality_299,Property_Type,1.0,4325.0,134.46,0.03,2020.0,Semi-furnished,30.0,22.0,5.0,6.0,10.0,Medium,Yes,No,Gym,East,Builder,Under_Construction
3553.0,Uttar Pradesh,Noida,Locality_364,Property_Type,1.0,3723.0,373.21,0.1,2019.0,Furnished,20.0,23.0,6.0,6.0,5.0,High,No,Yes,"Gym, Clubhouse",South,Builder,Ready_to_Move
3554.0,Gujarat,Surat,Locality_155,Property_Type,3.0,1823.0,378.64,0.21,1990.0,Semi-furnished,11.0,7.0,35.0,8.0,9.0,Low,Yes,No,"Pool, Playground, Clubhouse, Garden, Gym",East,Broker,Ready_to_Move
3555.0,Punjab,Amritsar,Locality_147,Property_Type,2.0,1931.0,259.45,0.13,2021.0,Semi-furnished,17.0,23.0,4.0,10.0,10.0,Medium,Yes,No,"Garden, Clubhouse, Gym, Playground, Pool",East,Owner,Under_Construction
3556.0,Punjab,Ludhiana,Locality_291,Property_Type,3.0,3332.0,88.9,0.03,1998.0,Furnished,24.0,7.0,27.0,8.0,6.0,Low,No,No,Pool,North,Owner,Ready_to_Move
3557.0,Bihar,Patna,Locality_230,Property_Type,1.0,1996.0,235.52,0.12,2015.0,Furnished,15.0,23.0,10.0,3.0,6.0,High,Yes,No,"Playground, Pool",West,Owner,Under_Construction
3558.0,West Bengal,Kolkata,Locality_485,Property_Type,3.0,2266.0,310.62,0.14,1998.0,Furnished,3.0,17.0,27.0,6.0,6.0,Medium,No,Yes,"Garden, Pool, Playground, Gym, Clubhouse",South,Owner,Under_Construction
3559.0,Karnataka,Mysore,Locality_109,Property_Type,1.0,2202.0,55.92,0.03,1991.0,Unfurnished,30.0,29.0,34.0,4.0,6.0,Low,Yes,Yes,"Pool, Gym, Garden, Clubhouse, Playground",East,Builder,Under_Construction
3560.0,Uttarakhand,Haridwar,Locality_478,Property_Type,3.0,4575.0,458.07,0.1,1994.0,Unfurnished,24.0,18.0,31.0,3.0,5.0,High,Yes,No,"Clubhouse, Garden, Pool",North,Broker,Ready_to_Move
3561.0,Uttarakhand,Haridwar,Locality_20,Property_Type,3.0,1504.0,58.49,0.04,2018.0,Furnished,8.0,16.0,7.0,10.0,10.0,High,Yes,Yes,"Playground, Clubhouse, Garden, Gym, Pool",North,Owner,Under_Construction
3562.0,Uttarakhand,Haridwar,Locality_381,Property_Type,1.0,819.0,282.05,0.34,1998.0,Semi-furnished,13.0,19.0,27.0,3.0,10.0,Medium,Yes,No,"Pool, Garden",South,Broker,Under_Construction
3563.0,Rajasthan,Jodhpur,Locality_70,Property_Type,5.0,3327.0,498.12,0.15,2005.0,Semi-furnished,12.0,4.0,20.0,10.0,3.0,Low,Yes,Yes,"Playground, Pool, Gym, Garden, Clubhouse",East,Builder,Ready_to_Move
3564.0,Kerala,Trivandrum,Locality_400,Property_Type,3.0,3054.0,115.86,0.04,2017.0,Semi-furnished,15.0,3.0,8.0,5.0,9.0,High,Yes,No,"Pool, Clubhouse, Gym, Garden, Playground",West,Broker,Ready_to_Move
3565.0,Odisha,Bhubaneswar,Locality_473,Property_Type,2.0,4624.0,112.3,0.02,2002.0,Unfurnished,19.0,25.0,23.0,6.0,2.0,Medium,No,Yes,"Clubhouse, Playground",North,Builder,Under_Construction
3566.0,Telangana,Warangal,Locality_234,Property_Type,2.0,2657.0,438.36,0.16,2019.0,Semi-furnished,26.0,30.0,6.0,7.0,10.0,Medium,No,Yes,"Clubhouse, Pool",East,Builder,Under_Construction
3567.0,Chhattisgarh,Bilaspur,Locality_152,Property_Type,2.0,756.0,100.95,0.13,2004.0,Furnished,0.0,10.0,21.0,2.0,5.0,Medium,No,Yes,"Playground, Gym",West,Broker,Ready_to_Move
3568.0,Odisha,Cuttack,Locality_149,Property_Type,1.0,4196.0,104.72,0.02,2008.0,Semi-furnished,27.0,2.0,17.0,1.0,8.0,Low,Yes,Yes,"Garden, Gym, Pool, Clubhouse, Playground",North,Builder,Under_Construction
3569.0,Karnataka,Mysore,Locality_112,Property_Type,2.0,4120.0,102.8,0.02,2006.0,Semi-furnished,3.0,11.0,19.0,6.0,9.0,High,Yes,No,"Playground, Clubhouse, Gym, Garden",East,Owner,Ready_to_Move
3570.0,Delhi,New Delhi,Locality_269,Property_Type,2.0,2649.0,234.85,0.09,2022.0,Furnished,26.0,13.0,3.0,4.0,8.0,High,No,Yes,"Garden, Pool, Playground, Clubhouse",South,Broker,Under_Construction
3571.0,Punjab,Ludhiana,Locality_195,Property_Type,5.0,2905.0,357.49,0.12,2001.0,Furnished,3.0,21.0,24.0,1.0,6.0,Low,No,No,"Clubhouse, Pool, Playground, Gym, Garden",North,Broker,Ready_to_Move
3572.0,Andhra Pradesh,Vijayawada,Locality_287,Property_Type,2.0,627.0,191.78,0.31,2020.0,Furnished,14.0,18.0,5.0,9.0,1.0,Medium,No,No,"Pool, Playground, Clubhouse",North,Builder,Ready_to_Move
3573.0,West Bengal,Durgapur,Locality_156,Property_Type,3.0,3585.0,403.92,0.11,2011.0,Unfurnished,29.0,26.0,14.0,5.0,9.0,Low,No,Yes,Pool,East,Broker,Under_Construction
3574.0,Telangana,Hyderabad,Locality_389,Property_Type,1.0,827.0,223.81,0.27,2006.0,Semi-furnished,28.0,4.0,19.0,2.0,3.0,Medium,No,No,"Clubhouse, Gym, Playground, Garden, Pool",North,Broker,Under_Construction
3575.0,Uttar Pradesh,Noida,Locality_323,Property_Type,1.0,3396.0,173.54,0.05,2022.0,Unfurnished,7.0,1.0,3.0,1.0,6.0,Low,No,Yes,"Pool, Playground",South,Owner,Ready_to_Move
3576.0,Assam,Guwahati,Locality_441,Property_Type,1.0,1102.0,470.25,0.43,2012.0,Furnished,14.0,29.0,13.0,2.0,6.0,High,Yes,Yes,Garden,West,Owner,Ready_to_Move
3577.0,Rajasthan,Jaipur,Locality_285,Property_Type,4.0,1339.0,182.49,0.14,2013.0,Semi-furnished,11.0,18.0,12.0,4.0,10.0,Medium,No,No,"Pool, Garden",South,Builder,Ready_to_Move
3578.0,Chhattisgarh,Bilaspur,Locality_81,Property_Type,3.0,1301.0,272.62,0.21,1995.0,Unfurnished,14.0,15.0,30.0,9.0,10.0,High,Yes,No,"Gym, Pool, Playground, Garden",West,Owner,Under_Construction
3579.0,Maharashtra,Mumbai,Locality_451,Property_Type,2.0,1591.0,306.77,0.19,2020.0,Furnished,25.0,11.0,5.0,10.0,8.0,High,No,Yes,"Clubhouse, Playground, Pool",East,Broker,Ready_to_Move
3580.0,Andhra Pradesh,Vijayawada,Locality_125,Property_Type,4.0,4394.0,477.47,0.11,2006.0,Furnished,18.0,9.0,19.0,10.0,10.0,Low,No,Yes,"Garden, Clubhouse, Pool",North,Owner,Ready_to_Move
3581.0,Madhya Pradesh,Bhopal,Locality_162,Property_Type,3.0,4841.0,405.11,0.08,1996.0,Semi-furnished,3.0,7.0,29.0,2.0,9.0,Low,Yes,No,"Pool, Gym",West,Broker,Ready_to_Move
3582.0,Odisha,Cuttack,Locality_136,Property_Type,2.0,1899.0,376.26,0.2,1991.0,Semi-furnished,30.0,18.0,34.0,3.0,5.0,Low,Yes,No,"Gym, Pool, Clubhouse, Garden, Playground",South,Owner,Under_Construction
3583.0,Chhattisgarh,Raipur,Locality_409,Property_Type,1.0,1780.0,91.06,0.05,2018.0,Unfurnished,23.0,22.0,7.0,6.0,9.0,Medium,No,No,"Playground, Gym, Garden",South,Owner,Ready_to_Move
3584.0,Odisha,Cuttack,Locality_287,Property_Type,2.0,1303.0,345.14,0.26,1998.0,Unfurnished,6.0,29.0,27.0,2.0,6.0,Medium,Yes,No,"Playground, Clubhouse",South,Broker,Ready_to_Move
3585.0,Madhya Pradesh,Bhopal,Locality_318,Property_Type,5.0,4529.0,271.39,0.06,1995.0,Semi-furnished,9.0,12.0,30.0,10.0,3.0,Low,Yes,Yes,"Garden, Gym, Playground, Clubhouse",East,Broker,Ready_to_Move
3586.0,Jharkhand,Jamshedpur,Locality_120,Property_Type,2.0,4032.0,132.71,0.03,1997.0,Semi-furnished,19.0,4.0,28.0,4.0,3.0,Low,No,Yes,"Garden, Playground, Clubhouse, Pool",West,Owner,Ready_to_Move
3587.0,Assam,Guwahati,Locality_218,Property_Type,5.0,3315.0,311.33,0.09,2010.0,Semi-furnished,17.0,19.0,15.0,8.0,9.0,Low,Yes,No,Gym,West,Builder,Under_Construction
3588.0,Haryana,Faridabad,Locality_315,Property_Type,1.0,1121.0,173.95,0.16,2022.0,Furnished,11.0,20.0,3.0,8.0,5.0,High,Yes,No,"Garden, Pool",West,Owner,Under_Construction
3589.0,Andhra Pradesh,Vijayawada,Locality_117,Property_Type,3.0,4707.0,328.99,0.07,2013.0,Semi-furnished,6.0,28.0,12.0,6.0,8.0,Low,Yes,No,"Playground, Pool",South,Broker,Ready_to_Move
3590.0,Punjab,Ludhiana,Locality_460,Property_Type,4.0,4756.0,427.48,0.09,1992.0,Semi-furnished,14.0,5.0,33.0,6.0,3.0,High,No,Yes,"Playground, Garden, Pool, Clubhouse, Gym",East,Broker,Ready_to_Move
3591.0,Gujarat,Ahmedabad,Locality_442,Property_Type,2.0,3040.0,478.15,0.16,2018.0,Semi-furnished,30.0,22.0,7.0,2.0,3.0,Low,No,No,"Pool, Garden, Playground, Clubhouse",South,Broker,Under_Construction
3592.0,Maharashtra,Pune,Locality_294,Property_Type,1.0,3994.0,455.03,0.11,2014.0,Unfurnished,10.0,19.0,11.0,9.0,2.0,Medium,Yes,No,"Clubhouse, Playground, Garden, Pool, Gym",East,Owner,Under_Construction
3593.0,Haryana,Faridabad,Locality_327,Property_Type,4.0,4739.0,466.89,0.1,2009.0,Semi-furnished,10.0,5.0,16.0,7.0,3.0,High,Yes,No,Clubhouse,East,Owner,Under_Construction
3594.0,Uttarakhand,Dehradun,Locality_171,Property_Type,5.0,2211.0,198.24,0.09,2015.0,Semi-furnished,24.0,25.0,10.0,3.0,2.0,Low,Yes,No,"Garden, Playground",South,Builder,Under_Construction
3595.0,Rajasthan,Jodhpur,Locality_486,Property_Type,4.0,1592.0,153.05,0.1,2008.0,Unfurnished,3.0,9.0,17.0,5.0,10.0,Low,No,Yes,Pool,West,Owner,Under_Construction
3596.0,Maharashtra,Mumbai,Locality_213,Property_Type,5.0,3162.0,107.94,0.03,2013.0,Unfurnished,13.0,15.0,12.0,8.0,7.0,Medium,Yes,Yes,"Pool, Garden",East,Builder,Under_Construction
3597.0,Punjab,Amritsar,Locality_78,Property_Type,5.0,1005.0,49.06,0.05,2023.0,Unfurnished,25.0,19.0,2.0,8.0,3.0,Medium,Yes,No,"Gym, Playground, Pool, Clubhouse, Garden",West,Builder,Under_Construction
3598.0,Karnataka,Bangalore,Locality_468,Property_Type,3.0,2798.0,336.01,0.12,2003.0,Unfurnished,29.0,22.0,22.0,7.0,4.0,High,Yes,No,Gym,East,Builder,Ready_to_Move
3599.0,Odisha,Bhubaneswar,Locality_13,Property_Type,5.0,628.0,24.88,0.04,2016.0,Unfurnished,11.0,18.0,9.0,8.0,8.0,Low,No,Yes,"Clubhouse, Playground, Gym, Garden, Pool",East,Owner,Ready_to_Move
3600.0,Assam,Silchar,Locality_98,Property_Type,5.0,3821.0,404.2,0.11,1997.0,Unfurnished,4.0,22.0,28.0,10.0,2.0,Medium,No,Yes,"Gym, Pool",North,Owner,Ready_to_Move
3601.0,Madhya Pradesh,Bhopal,Locality_404,Property_Type,3.0,2607.0,265.16,0.1,2012.0,Furnished,24.0,8.0,13.0,5.0,4.0,High,No,No,"Playground, Pool",East,Builder,Ready_to_Move
3602.0,Jharkhand,Jamshedpur,Locality_218,Property_Type,2.0,3781.0,241.02,0.06,2009.0,Semi-furnished,10.0,17.0,16.0,10.0,3.0,High,No,No,"Clubhouse, Pool, Playground, Garden, Gym",South,Broker,Under_Construction
3603.0,Rajasthan,Jaipur,Locality_446,Property_Type,3.0,1740.0,30.94,0.02,1990.0,Furnished,26.0,4.0,35.0,1.0,5.0,High,Yes,Yes,"Gym, Playground",South,Builder,Ready_to_Move
3604.0,Gujarat,Surat,Locality_342,Property_Type,4.0,4476.0,278.75,0.06,2007.0,Furnished,3.0,3.0,18.0,1.0,2.0,Low,No,Yes,Garden,North,Broker,Ready_to_Move
3605.0,Tamil Nadu,Chennai,Locality_334,Property_Type,1.0,4279.0,461.28,0.11,1998.0,Furnished,5.0,3.0,27.0,9.0,3.0,Low,No,No,"Gym, Pool",North,Builder,Under_Construction
3606.0,Rajasthan,Jodhpur,Locality_399,Property_Type,3.0,2763.0,58.02,0.02,2023.0,Furnished,24.0,2.0,2.0,2.0,10.0,Medium,Yes,No,"Playground, Clubhouse, Gym, Pool, Garden",West,Builder,Ready_to_Move
3607.0,Rajasthan,Jodhpur,Locality_227,Property_Type,3.0,2226.0,342.02,0.15,2004.0,Furnished,12.0,30.0,21.0,5.0,9.0,High,Yes,Yes,Pool,West,Broker,Ready_to_Move
3608.0,Punjab,Amritsar,Locality_211,Property_Type,1.0,3634.0,375.85,0.1,2005.0,Semi-furnished,18.0,27.0,20.0,3.0,1.0,Low,Yes,No,"Gym, Playground, Garden, Clubhouse, Pool",West,Broker,Ready_to_Move
3609.0,Chhattisgarh,Bilaspur,Locality_369,Property_Type,1.0,813.0,457.31,0.56,1998.0,Furnished,8.0,20.0,27.0,8.0,6.0,Medium,No,Yes,"Clubhouse, Garden",South,Owner,Under_Construction
3610.0,Karnataka,Bangalore,Locality_354,Property_Type,2.0,1690.0,448.67,0.27,2019.0,Furnished,9.0,16.0,6.0,6.0,3.0,High,No,No,"Pool, Gym",North,Owner,Under_Construction
3611.0,Rajasthan,Jodhpur,Locality_427,Property_Type,1.0,4629.0,370.29,0.08,2003.0,Semi-furnished,12.0,13.0,22.0,2.0,1.0,Medium,Yes,No,"Clubhouse, Garden, Pool, Playground, Gym",South,Broker,Under_Construction
3612.0,Jharkhand,Jamshedpur,Locality_119,Property_Type,5.0,3315.0,396.6,0.12,2009.0,Unfurnished,29.0,25.0,16.0,5.0,4.0,Medium,No,No,"Clubhouse, Garden, Playground, Pool",South,Broker,Ready_to_Move
3613.0,Andhra Pradesh,Vijayawada,Locality_170,Property_Type,4.0,2278.0,372.15,0.16,2010.0,Furnished,2.0,3.0,15.0,9.0,9.0,Low,No,No,"Garden, Clubhouse",South,Builder,Under_Construction
3614.0,Madhya Pradesh,Indore,Locality_274,Property_Type,5.0,4476.0,89.89,0.02,1996.0,Semi-furnished,14.0,20.0,29.0,8.0,9.0,Low,No,No,Gym,South,Builder,Ready_to_Move
3615.0,Gujarat,Surat,Locality_445,Property_Type,2.0,2575.0,165.24,0.06,2019.0,Furnished,15.0,14.0,6.0,3.0,8.0,High,No,No,Garden,North,Builder,Under_Construction
3616.0,Gujarat,Surat,Locality_495,Property_Type,3.0,1327.0,182.87,0.14,1992.0,Semi-furnished,11.0,1.0,33.0,8.0,3.0,Low,Yes,Yes,"Clubhouse, Playground",North,Owner,Ready_to_Move
3617.0,Rajasthan,Jodhpur,Locality_289,Property_Type,5.0,3138.0,309.0,0.1,2002.0,Furnished,26.0,21.0,23.0,6.0,10.0,High,Yes,Yes,"Clubhouse, Garden, Playground",East,Builder,Ready_to_Move
3618.0,Jharkhand,Jamshedpur,Locality_253,Property_Type,4.0,1809.0,149.54,0.08,2006.0,Semi-furnished,21.0,16.0,19.0,8.0,8.0,Medium,No,No,"Gym, Pool, Garden, Playground",East,Owner,Ready_to_Move
3619.0,Haryana,Faridabad,Locality_26,Property_Type,5.0,3390.0,103.64,0.03,2012.0,Unfurnished,5.0,8.0,13.0,7.0,10.0,High,Yes,Yes,Clubhouse,East,Owner,Under_Construction
3620.0,Madhya Pradesh,Bhopal,Locality_183,Property_Type,4.0,4063.0,125.8,0.03,2020.0,Unfurnished,13.0,8.0,5.0,3.0,9.0,Medium,No,Yes,"Gym, Garden, Clubhouse, Pool",South,Broker,Under_Construction
3621.0,Jharkhand,Jamshedpur,Locality_314,Property_Type,4.0,2395.0,105.8,0.04,1997.0,Semi-furnished,25.0,21.0,28.0,9.0,10.0,High,Yes,No,"Pool, Garden, Playground, Clubhouse, Gym",West,Owner,Under_Construction
3622.0,Maharashtra,Pune,Locality_8,Property_Type,3.0,3022.0,468.88,0.16,2008.0,Furnished,27.0,13.0,17.0,8.0,8.0,Medium,No,Yes,"Gym, Playground",West,Broker,Under_Construction
3623.0,Madhya Pradesh,Bhopal,Locality_175,Property_Type,2.0,4622.0,406.61,0.09,2015.0,Semi-furnished,0.0,19.0,10.0,2.0,4.0,Medium,Yes,No,"Pool, Clubhouse, Playground",West,Broker,Ready_to_Move
3624.0,Jharkhand,Jamshedpur,Locality_395,Property_Type,3.0,3628.0,128.73,0.04,1990.0,Semi-furnished,22.0,23.0,35.0,9.0,7.0,Medium,Yes,No,"Clubhouse, Pool, Gym",West,Owner,Ready_to_Move
3625.0,Jharkhand,Jamshedpur,Locality_80,Property_Type,5.0,1208.0,302.6,0.25,2002.0,Unfurnished,19.0,1.0,23.0,8.0,2.0,High,No,Yes,"Garden, Clubhouse",West,Owner,Under_Construction
3626.0,West Bengal,Kolkata,Locality_256,Property_Type,5.0,3846.0,32.43,0.01,2005.0,Furnished,30.0,28.0,20.0,4.0,10.0,Low,Yes,No,Playground,East,Broker,Ready_to_Move
3627.0,Jharkhand,Jamshedpur,Locality_387,Property_Type,2.0,3735.0,329.65,0.09,2010.0,Unfurnished,28.0,11.0,15.0,3.0,7.0,Low,Yes,No,"Garden, Gym",East,Builder,Ready_to_Move
3628.0,Uttar Pradesh,Noida,Locality_256,Property_Type,5.0,1448.0,347.07,0.24,2015.0,Furnished,2.0,21.0,10.0,6.0,3.0,Medium,Yes,No,"Gym, Pool, Playground, Clubhouse",East,Owner,Ready_to_Move
3629.0,Odisha,Bhubaneswar,Locality_370,Property_Type,4.0,758.0,382.75,0.5,2007.0,Furnished,17.0,1.0,18.0,6.0,5.0,Low,No,No,"Playground, Pool",West,Builder,Ready_to_Move
3630.0,Chhattisgarh,Raipur,Locality_53,Property_Type,4.0,3749.0,97.75,0.03,2008.0,Unfurnished,11.0,29.0,17.0,7.0,7.0,Low,Yes,Yes,"Garden, Pool, Clubhouse",South,Broker,Ready_to_Move
3631.0,Kerala,Trivandrum,Locality_435,Property_Type,1.0,3647.0,109.8,0.03,1991.0,Unfurnished,13.0,30.0,34.0,10.0,7.0,Medium,No,Yes,"Clubhouse, Playground, Pool, Gym, Garden",East,Owner,Under_Construction
3632.0,Gujarat,Ahmedabad,Locality_72,Property_Type,1.0,2188.0,173.85,0.08,2014.0,Unfurnished,22.0,17.0,11.0,2.0,2.0,High,No,Yes,"Playground, Pool, Garden",East,Broker,Ready_to_Move
3633.0,Odisha,Bhubaneswar,Locality_47,Property_Type,2.0,3196.0,166.25,0.05,1994.0,Furnished,30.0,7.0,31.0,3.0,6.0,High,Yes,Yes,"Gym, Garden, Clubhouse, Pool, Playground",North,Owner,Under_Construction
3634.0,Karnataka,Mangalore,Locality_187,Property_Type,5.0,4559.0,175.9,0.04,1996.0,Furnished,20.0,27.0,29.0,4.0,8.0,Low,No,No,"Gym, Playground, Pool, Clubhouse, Garden",South,Broker,Under_Construction
3635.0,Delhi,New Delhi,Locality_358,Property_Type,4.0,4447.0,200.14,0.05,2014.0,Furnished,7.0,16.0,11.0,4.0,10.0,Low,No,No,"Gym, Playground, Pool",East,Builder,Ready_to_Move
3636.0,Karnataka,Bangalore,Locality_296,Property_Type,2.0,2524.0,333.84,0.13,1996.0,Furnished,24.0,29.0,29.0,2.0,5.0,Low,Yes,No,"Pool, Playground, Garden, Clubhouse",South,Builder,Ready_to_Move
3637.0,Rajasthan,Jodhpur,Locality_446,Property_Type,1.0,724.0,354.35,0.49,1995.0,Unfurnished,6.0,15.0,30.0,6.0,8.0,High,Yes,No,"Clubhouse, Garden",North,Builder,Ready_to_Move
3638.0,Uttarakhand,Haridwar,Locality_125,Property_Type,3.0,2493.0,333.24,0.13,2020.0,Furnished,13.0,28.0,5.0,10.0,4.0,Medium,No,Yes,Pool,East,Builder,Under_Construction
3639.0,Rajasthan,Jodhpur,Locality_137,Property_Type,4.0,4547.0,211.37,0.05,2001.0,Furnished,9.0,27.0,24.0,1.0,3.0,Medium,No,Yes,"Garden, Gym, Playground, Pool",West,Owner,Ready_to_Move
3640.0,Maharashtra,Pune,Locality_208,Property_Type,5.0,785.0,432.67,0.55,1997.0,Semi-furnished,18.0,15.0,28.0,6.0,1.0,High,No,Yes,"Pool, Playground, Gym, Clubhouse",East,Owner,Under_Construction
3641.0,Assam,Guwahati,Locality_140,Property_Type,4.0,3613.0,329.02,0.09,2018.0,Unfurnished,19.0,17.0,7.0,1.0,3.0,High,Yes,Yes,"Garden, Playground, Pool, Gym, Clubhouse",East,Owner,Ready_to_Move
3642.0,Odisha,Cuttack,Locality_57,Property_Type,3.0,4217.0,448.57,0.11,1992.0,Semi-furnished,3.0,14.0,33.0,2.0,2.0,Low,No,Yes,"Gym, Playground, Garden",East,Broker,Ready_to_Move
3643.0,Maharashtra,Pune,Locality_6,Property_Type,3.0,1458.0,441.04,0.3,1997.0,Semi-furnished,21.0,4.0,28.0,3.0,6.0,Medium,No,No,"Garden, Playground",West,Owner,Under_Construction
3644.0,Haryana,Faridabad,Locality_365,Property_Type,4.0,507.0,66.78,0.13,2010.0,Semi-furnished,27.0,25.0,15.0,5.0,2.0,High,No,Yes,"Gym, Garden, Clubhouse, Pool, Playground",West,Owner,Ready_to_Move
3645.0,Uttarakhand,Dehradun,Locality_29,Property_Type,4.0,2252.0,412.06,0.18,1995.0,Furnished,4.0,18.0,30.0,10.0,7.0,Medium,Yes,No,Gym,North,Builder,Ready_to_Move
3646.0,Uttar Pradesh,Noida,Locality_147,Property_Type,1.0,1104.0,99.97,0.09,2021.0,Unfurnished,4.0,8.0,4.0,7.0,8.0,High,Yes,No,"Clubhouse, Garden, Pool, Playground, Gym",South,Owner,Under_Construction
3647.0,West Bengal,Durgapur,Locality_81,Property_Type,4.0,2010.0,354.69,0.18,2011.0,Unfurnished,16.0,7.0,14.0,10.0,1.0,Medium,No,Yes,"Gym, Playground, Clubhouse, Garden",East,Builder,Ready_to_Move
3648.0,Haryana,Faridabad,Locality_358,Property_Type,5.0,995.0,42.03,0.04,2002.0,Unfurnished,17.0,20.0,23.0,10.0,9.0,Low,Yes,Yes,"Playground, Clubhouse",South,Owner,Under_Construction
3649.0,Gujarat,Surat,Locality_371,Property_Type,1.0,2131.0,393.42,0.18,2021.0,Semi-furnished,25.0,13.0,4.0,6.0,1.0,High,No,No,"Garden, Gym, Pool, Clubhouse",North,Owner,Ready_to_Move
3650.0,Haryana,Gurgaon,Locality_39,Property_Type,4.0,1565.0,488.02,0.31,2004.0,Unfurnished,21.0,29.0,21.0,8.0,8.0,Medium,No,Yes,Garden,South,Builder,Ready_to_Move
3651.0,Karnataka,Mysore,Locality_111,Property_Type,2.0,1891.0,227.18,0.12,1990.0,Furnished,4.0,6.0,35.0,7.0,3.0,Low,No,No,"Clubhouse, Pool",West,Owner,Ready_to_Move
3652.0,Maharashtra,Mumbai,Locality_271,Property_Type,2.0,4083.0,464.33,0.11,2012.0,Unfurnished,10.0,1.0,13.0,9.0,10.0,High,No,Yes,Garden,East,Owner,Ready_to_Move
3653.0,West Bengal,Kolkata,Locality_379,Property_Type,1.0,3134.0,366.11,0.12,2008.0,Furnished,0.0,9.0,17.0,2.0,2.0,Low,No,No,"Pool, Garden, Clubhouse, Gym, Playground",South,Broker,Ready_to_Move
3654.0,Jharkhand,Ranchi,Locality_478,Property_Type,1.0,2379.0,155.11,0.07,2015.0,Furnished,5.0,28.0,10.0,1.0,10.0,High,No,Yes,"Gym, Clubhouse, Garden, Pool, Playground",East,Owner,Ready_to_Move
3655.0,West Bengal,Durgapur,Locality_272,Property_Type,5.0,2775.0,79.61,0.03,2002.0,Semi-furnished,6.0,30.0,23.0,9.0,10.0,Low,No,Yes,"Clubhouse, Pool, Gym, Playground",North,Builder,Ready_to_Move
3656.0,Tamil Nadu,Coimbatore,Locality_21,Property_Type,5.0,2099.0,78.76,0.04,2007.0,Unfurnished,14.0,12.0,18.0,5.0,7.0,Low,Yes,Yes,"Playground, Gym, Garden, Pool",North,Builder,Under_Construction
3657.0,Assam,Silchar,Locality_448,Property_Type,3.0,2979.0,462.41,0.16,2000.0,Semi-furnished,20.0,28.0,25.0,3.0,9.0,Medium,No,No,Pool,West,Broker,Under_Construction
3658.0,Madhya Pradesh,Bhopal,Locality_468,Property_Type,2.0,2049.0,262.88,0.13,2011.0,Semi-furnished,12.0,2.0,14.0,10.0,6.0,Medium,Yes,Yes,"Clubhouse, Garden",South,Builder,Ready_to_Move
3659.0,Delhi,Dwarka,Locality_351,Property_Type,2.0,2775.0,348.71,0.13,2010.0,Furnished,4.0,11.0,15.0,8.0,10.0,High,No,No,"Clubhouse, Garden, Gym",West,Broker,Ready_to_Move
3660.0,Madhya Pradesh,Indore,Locality_135,Property_Type,2.0,2534.0,452.85,0.18,2006.0,Semi-furnished,10.0,23.0,19.0,8.0,8.0,High,No,Yes,"Pool, Clubhouse, Garden, Playground, Gym",East,Broker,Ready_to_Move
3661.0,Andhra Pradesh,Vishakhapatnam,Locality_263,Property_Type,4.0,934.0,403.81,0.43,2013.0,Furnished,11.0,21.0,12.0,3.0,9.0,Medium,Yes,Yes,Pool,South,Broker,Ready_to_Move
3662.0,Jharkhand,Ranchi,Locality_491,Property_Type,5.0,1736.0,405.6,0.23,1993.0,Semi-furnished,14.0,5.0,32.0,10.0,6.0,Medium,No,No,"Pool, Playground",East,Builder,Under_Construction
3663.0,Tamil Nadu,Chennai,Locality_34,Property_Type,1.0,772.0,304.97,0.4,2016.0,Furnished,5.0,20.0,9.0,8.0,4.0,Medium,No,No,Clubhouse,West,Owner,Ready_to_Move
3664.0,Haryana,Gurgaon,Locality_485,Property_Type,4.0,2011.0,214.02,0.11,2000.0,Furnished,14.0,25.0,25.0,6.0,7.0,Medium,Yes,Yes,"Gym, Clubhouse",East,Owner,Under_Construction
3665.0,Kerala,Trivandrum,Locality_141,Property_Type,5.0,1322.0,53.79,0.04,2006.0,Furnished,25.0,25.0,19.0,7.0,6.0,Low,No,No,Gym,South,Broker,Under_Construction
3666.0,Haryana,Gurgaon,Locality_297,Property_Type,4.0,2201.0,90.17,0.04,1993.0,Furnished,25.0,13.0,32.0,1.0,4.0,High,No,No,Clubhouse,South,Broker,Under_Construction
3667.0,West Bengal,Kolkata,Locality_429,Property_Type,3.0,2465.0,466.17,0.19,2019.0,Semi-furnished,25.0,17.0,6.0,8.0,9.0,Medium,Yes,Yes,"Gym, Garden, Pool, Playground",West,Builder,Ready_to_Move
3668.0,Gujarat,Ahmedabad,Locality_309,Property_Type,3.0,537.0,131.67,0.25,1998.0,Semi-furnished,25.0,24.0,27.0,10.0,9.0,Low,No,Yes,"Garden, Playground, Gym, Pool, Clubhouse",East,Owner,Ready_to_Move
3669.0,Telangana,Hyderabad,Locality_342,Property_Type,1.0,785.0,224.34,0.29,2023.0,Semi-furnished,10.0,14.0,2.0,10.0,10.0,Low,Yes,Yes,"Pool, Clubhouse, Playground, Garden",North,Owner,Under_Construction
3670.0,Odisha,Bhubaneswar,Locality_47,Property_Type,5.0,2306.0,342.38,0.15,1994.0,Semi-furnished,11.0,26.0,31.0,6.0,5.0,Low,No,No,Pool,North,Builder,Ready_to_Move
3671.0,Haryana,Gurgaon,Locality_316,Property_Type,1.0,1724.0,16.17,0.01,2000.0,Furnished,12.0,2.0,25.0,6.0,4.0,Low,No,Yes,"Garden, Clubhouse",East,Broker,Under_Construction
3672.0,Gujarat,Surat,Locality_353,Property_Type,5.0,1229.0,153.83,0.13,2009.0,Furnished,30.0,28.0,16.0,9.0,10.0,Low,Yes,Yes,"Clubhouse, Playground, Pool",North,Broker,Ready_to_Move
3673.0,Chhattisgarh,Bilaspur,Locality_483,Property_Type,3.0,2590.0,416.8,0.16,1995.0,Unfurnished,21.0,12.0,30.0,7.0,9.0,Low,Yes,No,"Pool, Gym",North,Builder,Under_Construction
3674.0,Uttarakhand,Haridwar,Locality_33,Property_Type,5.0,2115.0,275.29,0.13,1997.0,Furnished,21.0,8.0,28.0,1.0,3.0,Low,Yes,Yes,Playground,West,Broker,Ready_to_Move
3675.0,Madhya Pradesh,Indore,Locality_418,Property_Type,5.0,3273.0,176.0,0.05,1998.0,Semi-furnished,13.0,24.0,27.0,9.0,8.0,Medium,No,No,"Gym, Pool, Playground",West,Owner,Under_Construction
3676.0,Rajasthan,Jodhpur,Locality_148,Property_Type,3.0,4394.0,216.05,0.05,2023.0,Furnished,25.0,28.0,2.0,3.0,5.0,Low,Yes,Yes,"Gym, Pool, Garden, Playground, Clubhouse",East,Broker,Ready_to_Move
3677.0,Jharkhand,Jamshedpur,Locality_36,Property_Type,2.0,2908.0,281.91,0.1,2004.0,Furnished,14.0,14.0,21.0,1.0,8.0,High,Yes,Yes,"Playground, Gym, Pool, Garden, Clubhouse",North,Owner,Ready_to_Move
3678.0,Gujarat,Surat,Locality_291,Property_Type,5.0,3249.0,458.04,0.14,1995.0,Semi-furnished,17.0,18.0,30.0,8.0,4.0,Low,Yes,Yes,Garden,South,Builder,Under_Construction
3679.0,Andhra Pradesh,Vijayawada,Locality_46,Property_Type,4.0,3477.0,258.19,0.07,2023.0,Semi-furnished,17.0,3.0,2.0,3.0,4.0,Low,No,Yes,Garden,West,Builder,Ready_to_Move
3680.0,Kerala,Kochi,Locality_49,Property_Type,5.0,501.0,315.43,0.63,2001.0,Furnished,9.0,30.0,24.0,3.0,2.0,Medium,Yes,No,"Gym, Playground, Garden",East,Broker,Ready_to_Move
3681.0,Kerala,Kochi,Locality_231,Property_Type,1.0,4046.0,418.07,0.1,2017.0,Semi-furnished,2.0,6.0,8.0,4.0,7.0,Low,Yes,Yes,"Pool, Gym, Clubhouse, Garden, Playground",South,Broker,Under_Construction
3682.0,West Bengal,Durgapur,Locality_491,Property_Type,3.0,4860.0,346.09,0.07,2021.0,Unfurnished,25.0,30.0,4.0,2.0,3.0,Low,Yes,No,"Pool, Garden, Gym, Clubhouse, Playground",North,Builder,Ready_to_Move
3683.0,Gujarat,Ahmedabad,Locality_403,Property_Type,3.0,3778.0,185.43,0.05,2012.0,Furnished,13.0,11.0,13.0,3.0,6.0,High,Yes,Yes,Pool,East,Broker,Under_Construction
3684.0,Maharashtra,Mumbai,Locality_136,Property_Type,4.0,2197.0,62.61,0.03,2019.0,Semi-furnished,19.0,13.0,6.0,4.0,3.0,High,Yes,Yes,"Pool, Garden, Gym, Playground",South,Builder,Ready_to_Move
3685.0,Jharkhand,Ranchi,Locality_36,Property_Type,4.0,3092.0,15.48,0.01,2019.0,Furnished,0.0,25.0,6.0,9.0,10.0,Low,Yes,Yes,"Playground, Garden, Clubhouse",South,Owner,Ready_to_Move
3686.0,Andhra Pradesh,Vijayawada,Locality_206,Property_Type,5.0,3700.0,179.68,0.05,2010.0,Furnished,0.0,10.0,15.0,2.0,4.0,Medium,Yes,No,"Gym, Garden, Playground, Pool",South,Builder,Ready_to_Move
3687.0,Jharkhand,Ranchi,Locality_95,Property_Type,4.0,3638.0,224.41,0.06,2003.0,Semi-furnished,0.0,14.0,22.0,10.0,1.0,Low,Yes,No,"Gym, Garden, Clubhouse, Pool, Playground",East,Broker,Ready_to_Move
3688.0,Karnataka,Mysore,Locality_397,Property_Type,5.0,1119.0,259.75,0.23,1996.0,Semi-furnished,25.0,28.0,29.0,10.0,7.0,Low,No,No,Clubhouse,North,Builder,Under_Construction
3689.0,Gujarat,Ahmedabad,Locality_11,Property_Type,5.0,3758.0,242.79,0.06,2007.0,Furnished,10.0,9.0,18.0,6.0,1.0,Low,Yes,Yes,"Gym, Clubhouse, Garden",South,Broker,Ready_to_Move
3690.0,Uttarakhand,Haridwar,Locality_300,Property_Type,4.0,1688.0,276.87,0.16,2003.0,Furnished,30.0,18.0,22.0,8.0,5.0,High,Yes,No,"Pool, Clubhouse",East,Builder,Under_Construction
3691.0,Haryana,Gurgaon,Locality_323,Property_Type,2.0,2990.0,488.45,0.16,1996.0,Unfurnished,24.0,16.0,29.0,10.0,3.0,Low,Yes,No,"Pool, Playground, Garden, Clubhouse",West,Builder,Ready_to_Move
3692.0,Uttarakhand,Dehradun,Locality_431,Property_Type,1.0,4243.0,412.07,0.1,2012.0,Unfurnished,19.0,28.0,13.0,4.0,6.0,High,No,No,"Pool, Gym, Playground",North,Builder,Under_Construction
3693.0,Rajasthan,Jaipur,Locality_14,Property_Type,5.0,3668.0,136.24,0.04,2014.0,Unfurnished,14.0,16.0,11.0,9.0,4.0,Medium,Yes,Yes,"Pool, Garden, Gym",South,Owner,Under_Construction
3694.0,Jharkhand,Jamshedpur,Locality_97,Property_Type,4.0,3894.0,269.17,0.07,2004.0,Furnished,8.0,27.0,21.0,10.0,3.0,Medium,No,No,"Garden, Clubhouse, Pool",North,Owner,Under_Construction
3695.0,Tamil Nadu,Chennai,Locality_347,Property_Type,4.0,4778.0,265.19,0.06,1998.0,Furnished,14.0,6.0,27.0,4.0,8.0,Medium,No,No,"Clubhouse, Playground, Garden, Gym, Pool",South,Broker,Under_Construction
3696.0,Odisha,Cuttack,Locality_261,Property_Type,5.0,4860.0,171.82,0.04,2014.0,Unfurnished,4.0,12.0,11.0,8.0,8.0,Low,No,Yes,"Playground, Garden, Pool",South,Broker,Ready_to_Move
3697.0,West Bengal,Durgapur,Locality_20,Property_Type,2.0,1608.0,436.97,0.27,2017.0,Furnished,3.0,23.0,8.0,2.0,4.0,Medium,No,Yes,"Pool, Clubhouse",West,Builder,Ready_to_Move
3698.0,Haryana,Gurgaon,Locality_298,Property_Type,2.0,4791.0,44.02,0.01,2006.0,Semi-furnished,22.0,9.0,19.0,10.0,2.0,Low,Yes,Yes,Pool,West,Owner,Under_Construction
3699.0,Delhi,Dwarka,Locality_232,Property_Type,4.0,3943.0,75.45,0.02,2021.0,Furnished,27.0,22.0,4.0,4.0,1.0,Low,Yes,Yes,"Playground, Garden, Clubhouse",West,Owner,Ready_to_Move
3700.0,Rajasthan,Jaipur,Locality_58,Property_Type,1.0,4568.0,490.24,0.11,1993.0,Unfurnished,10.0,24.0,32.0,3.0,3.0,Low,Yes,Yes,"Clubhouse, Playground, Pool",East,Owner,Ready_to_Move
3701.0,Madhya Pradesh,Indore,Locality_375,Property_Type,1.0,3419.0,344.29,0.1,2015.0,Unfurnished,9.0,26.0,10.0,9.0,2.0,Medium,Yes,No,"Playground, Pool, Gym, Garden, Clubhouse",South,Owner,Under_Construction
3702.0,Haryana,Gurgaon,Locality_248,Property_Type,5.0,3558.0,443.15,0.12,2012.0,Unfurnished,14.0,13.0,13.0,1.0,3.0,Low,Yes,Yes,"Clubhouse, Pool, Garden",East,Builder,Under_Construction
3703.0,Gujarat,Surat,Locality_199,Property_Type,3.0,2443.0,287.39,0.12,2013.0,Semi-furnished,24.0,25.0,12.0,5.0,4.0,High,No,No,"Garden, Clubhouse, Gym, Playground",North,Broker,Under_Construction
3704.0,Delhi,Dwarka,Locality_330,Property_Type,2.0,2303.0,332.4,0.14,2023.0,Furnished,13.0,10.0,2.0,7.0,4.0,Low,Yes,No,Playground,North,Builder,Under_Construction
3705.0,Haryana,Faridabad,Locality_301,Property_Type,3.0,4387.0,69.26,0.02,1998.0,Semi-furnished,25.0,5.0,27.0,3.0,7.0,Medium,Yes,Yes,Gym,West,Broker,Under_Construction
3706.0,Bihar,Patna,Locality_117,Property_Type,4.0,4378.0,375.71,0.09,1999.0,Unfurnished,15.0,21.0,26.0,8.0,3.0,High,No,Yes,"Gym, Clubhouse, Playground, Garden, Pool",North,Broker,Under_Construction
3707.0,Maharashtra,Nagpur,Locality_457,Property_Type,1.0,3502.0,469.22,0.13,2010.0,Semi-furnished,0.0,16.0,15.0,6.0,6.0,High,No,Yes,"Pool, Playground",South,Owner,Ready_to_Move
3708.0,Punjab,Amritsar,Locality_386,Property_Type,2.0,2212.0,216.47,0.1,1997.0,Furnished,0.0,16.0,28.0,3.0,3.0,Medium,Yes,No,Garden,West,Builder,Under_Construction
3709.0,Uttar Pradesh,Lucknow,Locality_266,Property_Type,3.0,3694.0,389.0,0.11,2011.0,Furnished,3.0,8.0,14.0,1.0,10.0,High,Yes,No,"Clubhouse, Playground, Gym",East,Owner,Ready_to_Move
3710.0,Rajasthan,Jaipur,Locality_461,Property_Type,3.0,2391.0,386.64,0.16,1992.0,Unfurnished,2.0,6.0,33.0,9.0,9.0,Low,Yes,Yes,"Gym, Garden, Pool, Clubhouse",South,Owner,Under_Construction
3711.0,Delhi,New Delhi,Locality_133,Property_Type,1.0,4175.0,13.47,0.0,2018.0,Unfurnished,26.0,6.0,7.0,10.0,9.0,Medium,Yes,No,"Pool, Gym, Playground, Garden",East,Owner,Ready_to_Move
3712.0,Madhya Pradesh,Indore,Locality_440,Property_Type,4.0,1530.0,412.68,0.27,2020.0,Semi-furnished,15.0,5.0,5.0,10.0,8.0,Low,Yes,Yes,"Pool, Clubhouse, Playground, Garden, Gym",East,Builder,Under_Construction
3713.0,Punjab,Ludhiana,Locality_180,Property_Type,3.0,4076.0,101.51,0.02,2014.0,Semi-furnished,3.0,9.0,11.0,10.0,2.0,Medium,Yes,Yes,"Clubhouse, Playground, Garden, Gym, Pool",East,Builder,Under_Construction
3714.0,Tamil Nadu,Chennai,Locality_334,Property_Type,1.0,4635.0,293.14,0.06,1998.0,Unfurnished,12.0,17.0,27.0,5.0,10.0,Medium,Yes,No,"Gym, Garden, Clubhouse",North,Broker,Ready_to_Move
3715.0,Maharashtra,Mumbai,Locality_322,Property_Type,2.0,4409.0,187.26,0.04,2011.0,Semi-furnished,24.0,14.0,14.0,7.0,5.0,Low,Yes,Yes,"Garden, Pool, Clubhouse, Gym, Playground",South,Owner,Under_Construction
3716.0,Karnataka,Mysore,Locality_252,Property_Type,2.0,2504.0,363.97,0.15,2014.0,Semi-furnished,11.0,23.0,11.0,7.0,10.0,Medium,No,No,"Playground, Garden",East,Owner,Ready_to_Move
3717.0,Andhra Pradesh,Vijayawada,Locality_412,Property_Type,2.0,2087.0,465.67,0.22,2017.0,Semi-furnished,23.0,20.0,8.0,7.0,4.0,High,Yes,Yes,"Garden, Gym, Playground, Clubhouse, Pool",North,Builder,Ready_to_Move
3718.0,Bihar,Gaya,Locality_5,Property_Type,4.0,2351.0,346.56,0.15,1998.0,Unfurnished,1.0,15.0,27.0,1.0,4.0,Low,No,No,"Playground, Garden, Clubhouse, Gym, Pool",South,Broker,Ready_to_Move
3719.0,Telangana,Warangal,Locality_125,Property_Type,4.0,4798.0,224.82,0.05,2010.0,Unfurnished,27.0,17.0,15.0,8.0,3.0,Low,No,Yes,"Garden, Playground, Clubhouse, Pool",North,Builder,Ready_to_Move
3720.0,Gujarat,Surat,Locality_466,Property_Type,2.0,3271.0,115.55,0.04,2014.0,Furnished,17.0,11.0,11.0,9.0,6.0,Medium,Yes,No,"Pool, Gym",West,Owner,Ready_to_Move
3721.0,Telangana,Hyderabad,Locality_273,Property_Type,4.0,4415.0,154.43,0.03,2001.0,Semi-furnished,14.0,19.0,24.0,7.0,10.0,Low,Yes,No,"Garden, Gym, Clubhouse, Playground, Pool",North,Owner,Under_Construction
3722.0,Odisha,Cuttack,Locality_195,Property_Type,3.0,911.0,56.63,0.06,1996.0,Furnished,9.0,27.0,29.0,2.0,9.0,Medium,No,Yes,"Playground, Garden",East,Builder,Ready_to_Move
3723.0,Andhra Pradesh,Vishakhapatnam,Locality_463,Property_Type,4.0,4047.0,351.52,0.09,2010.0,Unfurnished,18.0,27.0,15.0,3.0,10.0,High,No,Yes,"Gym, Garden, Clubhouse",South,Broker,Ready_to_Move
3724.0,Madhya Pradesh,Bhopal,Locality_283,Property_Type,5.0,4610.0,192.23,0.04,1996.0,Unfurnished,13.0,30.0,29.0,10.0,4.0,High,Yes,No,Gym,East,Builder,Under_Construction
3725.0,Chhattisgarh,Raipur,Locality_371,Property_Type,5.0,788.0,83.88,0.11,1996.0,Semi-furnished,10.0,20.0,29.0,8.0,6.0,High,No,No,"Garden, Playground, Gym, Pool, Clubhouse",East,Builder,Ready_to_Move
3726.0,Andhra Pradesh,Vijayawada,Locality_106,Property_Type,3.0,660.0,154.91,0.23,2019.0,Unfurnished,15.0,8.0,6.0,8.0,5.0,Medium,Yes,No,"Playground, Garden",West,Broker,Under_Construction
3727.0,Tamil Nadu,Coimbatore,Locality_291,Property_Type,3.0,4136.0,140.77,0.03,2017.0,Unfurnished,4.0,11.0,8.0,9.0,10.0,Low,No,No,"Gym, Playground, Garden, Clubhouse",East,Broker,Ready_to_Move
3728.0,Odisha,Cuttack,Locality_444,Property_Type,1.0,759.0,290.35,0.38,1995.0,Semi-furnished,29.0,27.0,30.0,7.0,1.0,Medium,No,No,"Playground, Clubhouse, Gym, Garden",North,Owner,Under_Construction
3729.0,Jharkhand,Ranchi,Locality_336,Property_Type,1.0,4101.0,390.29,0.1,1998.0,Semi-furnished,27.0,18.0,27.0,1.0,7.0,Low,No,No,Clubhouse,South,Builder,Under_Construction
3730.0,Rajasthan,Jodhpur,Locality_323,Property_Type,1.0,4525.0,101.03,0.02,2003.0,Furnished,15.0,27.0,22.0,6.0,10.0,Low,Yes,Yes,"Pool, Gym, Playground, Garden, Clubhouse",North,Broker,Ready_to_Move
3731.0,Gujarat,Ahmedabad,Locality_288,Property_Type,5.0,1470.0,175.62,0.12,2002.0,Unfurnished,14.0,6.0,23.0,1.0,4.0,Medium,Yes,No,"Garden, Pool, Gym, Playground, Clubhouse",South,Owner,Ready_to_Move
3732.0,Bihar,Gaya,Locality_488,Property_Type,3.0,1444.0,250.74,0.17,1996.0,Unfurnished,25.0,22.0,29.0,3.0,4.0,Low,Yes,No,"Clubhouse, Garden, Gym, Pool, Playground",West,Owner,Under_Construction
3733.0,Delhi,New Delhi,Locality_254,Property_Type,3.0,3359.0,127.96,0.04,2001.0,Semi-furnished,30.0,1.0,24.0,8.0,8.0,Low,No,Yes,"Pool, Garden, Playground, Gym, Clubhouse",West,Owner,Ready_to_Move
3734.0,Karnataka,Mysore,Locality_406,Property_Type,1.0,1707.0,479.23,0.28,2022.0,Semi-furnished,13.0,18.0,3.0,7.0,3.0,Medium,No,Yes,"Playground, Garden, Clubhouse, Gym, Pool",West,Broker,Under_Construction
3735.0,Kerala,Trivandrum,Locality_132,Property_Type,1.0,3797.0,121.78,0.03,2022.0,Semi-furnished,21.0,22.0,3.0,4.0,3.0,Low,Yes,No,"Clubhouse, Pool",East,Broker,Ready_to_Move
3736.0,Maharashtra,Mumbai,Locality_135,Property_Type,3.0,4481.0,42.02,0.01,2012.0,Semi-furnished,12.0,4.0,13.0,3.0,8.0,Medium,No,Yes,"Playground, Pool, Gym, Garden",South,Owner,Under_Construction
3737.0,Haryana,Gurgaon,Locality_278,Property_Type,5.0,507.0,38.15,0.08,2005.0,Semi-furnished,8.0,29.0,20.0,10.0,6.0,Low,No,Yes,"Playground, Pool, Clubhouse, Garden, Gym",East,Broker,Under_Construction
3738.0,Punjab,Amritsar,Locality_343,Property_Type,2.0,3450.0,184.86,0.05,2000.0,Unfurnished,5.0,26.0,25.0,1.0,4.0,Medium,Yes,Yes,"Pool, Gym, Garden",East,Builder,Ready_to_Move
3739.0,Tamil Nadu,Coimbatore,Locality_378,Property_Type,4.0,884.0,116.26,0.13,2009.0,Unfurnished,20.0,9.0,16.0,6.0,1.0,High,Yes,No,"Gym, Clubhouse, Pool, Garden, Playground",East,Owner,Under_Construction
3740.0,Delhi,New Delhi,Locality_260,Property_Type,3.0,3981.0,491.46,0.12,2007.0,Unfurnished,30.0,16.0,18.0,7.0,7.0,Medium,No,No,"Gym, Clubhouse, Garden, Playground, Pool",South,Owner,Under_Construction
3741.0,Haryana,Faridabad,Locality_11,Property_Type,2.0,3565.0,83.83,0.02,2006.0,Semi-furnished,0.0,10.0,19.0,2.0,10.0,Low,Yes,No,"Pool, Playground, Garden, Clubhouse, Gym",West,Builder,Under_Construction
3742.0,Gujarat,Surat,Locality_401,Property_Type,4.0,2588.0,366.48,0.14,2003.0,Furnished,28.0,5.0,22.0,7.0,10.0,Low,Yes,Yes,"Playground, Pool",West,Broker,Ready_to_Move
3743.0,Andhra Pradesh,Vijayawada,Locality_368,Property_Type,3.0,1954.0,164.06,0.08,1992.0,Unfurnished,4.0,19.0,33.0,4.0,6.0,Low,Yes,No,"Gym, Playground, Garden",South,Builder,Ready_to_Move
3744.0,Gujarat,Ahmedabad,Locality_448,Property_Type,3.0,4068.0,275.0,0.07,1997.0,Unfurnished,11.0,18.0,28.0,2.0,4.0,Low,No,Yes,"Playground, Clubhouse, Garden, Gym, Pool",East,Owner,Under_Construction
3745.0,Delhi,Dwarka,Locality_405,Property_Type,1.0,1905.0,282.95,0.15,1991.0,Semi-furnished,0.0,17.0,34.0,2.0,2.0,Medium,Yes,Yes,"Playground, Pool, Gym",South,Broker,Under_Construction
3746.0,Chhattisgarh,Raipur,Locality_320,Property_Type,4.0,1801.0,29.58,0.02,2006.0,Unfurnished,14.0,29.0,19.0,9.0,4.0,Medium,Yes,No,"Garden, Gym",East,Broker,Ready_to_Move
3747.0,Delhi,New Delhi,Locality_489,Property_Type,3.0,3492.0,352.28,0.1,2021.0,Unfurnished,13.0,30.0,4.0,5.0,2.0,Medium,Yes,No,Gym,South,Broker,Under_Construction
3748.0,Haryana,Gurgaon,Locality_350,Property_Type,5.0,1031.0,346.35,0.34,1994.0,Semi-furnished,13.0,30.0,31.0,7.0,6.0,Low,No,Yes,Playground,East,Owner,Under_Construction
3749.0,Uttarakhand,Haridwar,Locality_293,Property_Type,4.0,1233.0,419.35,0.34,1992.0,Furnished,29.0,10.0,33.0,8.0,6.0,High,No,No,Garden,East,Builder,Ready_to_Move
3750.0,Uttarakhand,Dehradun,Locality_458,Property_Type,3.0,3423.0,31.87,0.01,2017.0,Unfurnished,13.0,24.0,8.0,5.0,2.0,High,No,No,"Clubhouse, Playground, Pool",South,Builder,Ready_to_Move
3751.0,Odisha,Cuttack,Locality_484,Property_Type,3.0,2222.0,473.11,0.21,2008.0,Unfurnished,5.0,14.0,17.0,5.0,6.0,Medium,Yes,No,"Playground, Garden, Clubhouse",East,Broker,Ready_to_Move
3752.0,Maharashtra,Pune,Locality_339,Property_Type,4.0,4981.0,237.22,0.05,1995.0,Unfurnished,27.0,23.0,30.0,4.0,5.0,Medium,Yes,No,"Playground, Gym, Garden",West,Broker,Under_Construction
3753.0,Telangana,Warangal,Locality_467,Property_Type,3.0,1741.0,378.5,0.22,1997.0,Furnished,2.0,9.0,28.0,9.0,2.0,Medium,Yes,No,"Gym, Playground, Garden, Pool",East,Builder,Under_Construction
3754.0,Gujarat,Ahmedabad,Locality_394,Property_Type,5.0,4220.0,391.68,0.09,2021.0,Semi-furnished,3.0,1.0,4.0,3.0,1.0,Medium,Yes,No,"Clubhouse, Playground, Pool, Garden",East,Owner,Under_Construction
3755.0,Uttarakhand,Haridwar,Locality_355,Property_Type,5.0,1796.0,364.64,0.2,1995.0,Furnished,21.0,15.0,30.0,4.0,4.0,Low,No,Yes,"Pool, Garden, Clubhouse, Playground",East,Owner,Under_Construction
3756.0,Telangana,Warangal,Locality_306,Property_Type,2.0,721.0,64.04,0.09,2009.0,Semi-furnished,5.0,20.0,16.0,7.0,8.0,High,Yes,Yes,"Gym, Clubhouse, Pool, Garden",West,Builder,Under_Construction
3757.0,Gujarat,Surat,Locality_42,Property_Type,4.0,962.0,414.11,0.43,2006.0,Semi-furnished,21.0,11.0,19.0,8.0,2.0,Low,No,No,"Pool, Clubhouse, Gym",South,Broker,Under_Construction
3758.0,Karnataka,Bangalore,Locality_446,Property_Type,4.0,2717.0,56.24,0.02,2019.0,Unfurnished,25.0,28.0,6.0,4.0,3.0,Low,Yes,No,"Clubhouse, Playground, Garden",South,Owner,Ready_to_Move
3759.0,Tamil Nadu,Coimbatore,Locality_448,Property_Type,2.0,3771.0,275.3,0.07,2012.0,Furnished,18.0,3.0,13.0,9.0,2.0,High,Yes,Yes,Clubhouse,West,Owner,Under_Construction
3760.0,Haryana,Faridabad,Locality_264,Property_Type,1.0,3905.0,30.08,0.01,2002.0,Unfurnished,15.0,16.0,23.0,2.0,8.0,Medium,Yes,Yes,Gym,North,Builder,Under_Construction
3761.0,Uttar Pradesh,Lucknow,Locality_422,Property_Type,5.0,3145.0,107.59,0.03,1991.0,Unfurnished,19.0,22.0,34.0,8.0,8.0,Low,Yes,No,Garden,South,Broker,Ready_to_Move
3762.0,Uttar Pradesh,Noida,Locality_89,Property_Type,4.0,2479.0,165.41,0.07,1996.0,Furnished,27.0,30.0,29.0,8.0,8.0,Medium,Yes,No,"Pool, Playground, Clubhouse, Gym, Garden",North,Builder,Ready_to_Move
3763.0,Telangana,Warangal,Locality_204,Property_Type,5.0,4664.0,157.32,0.03,2015.0,Unfurnished,2.0,13.0,10.0,8.0,10.0,Low,No,Yes,"Clubhouse, Playground, Gym",South,Owner,Ready_to_Move
3764.0,Chhattisgarh,Raipur,Locality_29,Property_Type,4.0,3934.0,375.33,0.1,2022.0,Unfurnished,2.0,21.0,3.0,3.0,9.0,Low,Yes,Yes,Playground,North,Builder,Under_Construction
3765.0,Chhattisgarh,Raipur,Locality_109,Property_Type,5.0,1487.0,292.9,0.2,2012.0,Unfurnished,19.0,25.0,13.0,2.0,10.0,Medium,No,Yes,"Garden, Playground, Gym, Pool, Clubhouse",West,Builder,Ready_to_Move
3766.0,Punjab,Amritsar,Locality_329,Property_Type,2.0,1573.0,488.29,0.31,2023.0,Semi-furnished,25.0,9.0,2.0,4.0,9.0,Low,Yes,Yes,Garden,East,Builder,Under_Construction
3767.0,Kerala,Kochi,Locality_230,Property_Type,1.0,2098.0,147.79,0.07,1997.0,Semi-furnished,23.0,27.0,28.0,2.0,5.0,Medium,Yes,Yes,"Pool, Garden, Clubhouse, Gym",West,Owner,Under_Construction
3768.0,Kerala,Kochi,Locality_140,Property_Type,2.0,4550.0,359.82,0.08,2016.0,Furnished,8.0,4.0,9.0,4.0,6.0,Low,No,No,"Playground, Clubhouse, Gym, Pool, Garden",East,Broker,Ready_to_Move
3769.0,Rajasthan,Jodhpur,Locality_416,Property_Type,2.0,2694.0,232.59,0.09,2001.0,Semi-furnished,9.0,2.0,24.0,7.0,9.0,Medium,Yes,Yes,"Gym, Pool, Clubhouse, Playground, Garden",North,Builder,Under_Construction
3770.0,Tamil Nadu,Chennai,Locality_408,Property_Type,2.0,1167.0,494.56,0.42,2011.0,Semi-furnished,27.0,3.0,14.0,3.0,2.0,High,Yes,No,"Garden, Clubhouse, Pool, Gym, Playground",West,Owner,Under_Construction
3771.0,Karnataka,Bangalore,Locality_430,Property_Type,2.0,2097.0,499.59,0.24,1993.0,Semi-furnished,21.0,27.0,32.0,5.0,8.0,Medium,No,No,Playground,South,Broker,Under_Construction
3772.0,Andhra Pradesh,Vishakhapatnam,Locality_152,Property_Type,5.0,4067.0,466.05,0.11,2013.0,Unfurnished,4.0,5.0,12.0,2.0,10.0,Low,Yes,Yes,"Garden, Playground, Clubhouse, Pool, Gym",South,Builder,Under_Construction
3773.0,Jharkhand,Jamshedpur,Locality_144,Property_Type,5.0,3012.0,206.86,0.07,1990.0,Semi-furnished,7.0,13.0,35.0,7.0,7.0,Low,Yes,Yes,"Pool, Playground, Clubhouse, Garden, Gym",East,Owner,Under_Construction
3774.0,Chhattisgarh,Bilaspur,Locality_114,Property_Type,1.0,4821.0,340.11,0.07,2007.0,Unfurnished,24.0,17.0,18.0,6.0,7.0,High,Yes,Yes,"Pool, Clubhouse, Garden",South,Builder,Under_Construction
3775.0,Odisha,Cuttack,Locality_461,Property_Type,2.0,4035.0,419.18,0.1,2023.0,Unfurnished,28.0,27.0,2.0,4.0,8.0,Medium,No,Yes,"Clubhouse, Garden",East,Broker,Under_Construction
3776.0,West Bengal,Durgapur,Locality_17,Property_Type,5.0,2476.0,261.42,0.11,2012.0,Semi-furnished,21.0,18.0,13.0,4.0,3.0,Medium,No,No,"Pool, Garden, Clubhouse, Gym, Playground",North,Broker,Ready_to_Move
3777.0,Karnataka,Mangalore,Locality_39,Property_Type,5.0,983.0,153.64,0.16,1992.0,Unfurnished,17.0,24.0,33.0,7.0,8.0,Medium,Yes,Yes,"Pool, Gym",East,Broker,Ready_to_Move
3778.0,Madhya Pradesh,Indore,Locality_315,Property_Type,4.0,2905.0,434.52,0.15,1992.0,Semi-furnished,14.0,23.0,33.0,5.0,2.0,Medium,No,Yes,Playground,North,Broker,Under_Construction
3779.0,Maharashtra,Nagpur,Locality_257,Property_Type,4.0,3786.0,274.99,0.07,1999.0,Semi-furnished,26.0,12.0,26.0,8.0,3.0,Medium,Yes,No,"Pool, Playground",East,Broker,Ready_to_Move
3780.0,Telangana,Warangal,Locality_491,Property_Type,4.0,3628.0,204.21,0.06,1991.0,Semi-furnished,27.0,10.0,34.0,6.0,9.0,Medium,Yes,No,"Pool, Playground, Clubhouse",West,Broker,Ready_to_Move
3781.0,Delhi,Dwarka,Locality_485,Property_Type,4.0,1082.0,63.66,0.06,1992.0,Furnished,10.0,10.0,33.0,8.0,5.0,Medium,No,No,"Clubhouse, Playground, Gym, Pool",West,Builder,Ready_to_Move
3782.0,Kerala,Trivandrum,Locality_89,Property_Type,4.0,4530.0,230.61,0.05,1997.0,Unfurnished,29.0,3.0,28.0,9.0,6.0,High,No,Yes,Pool,East,Builder,Ready_to_Move
3783.0,Uttarakhand,Haridwar,Locality_400,Property_Type,3.0,2274.0,392.62,0.17,2017.0,Semi-furnished,3.0,3.0,8.0,3.0,6.0,Low,No,Yes,Pool,South,Builder,Ready_to_Move
3784.0,Odisha,Bhubaneswar,Locality_405,Property_Type,1.0,648.0,256.76,0.4,2017.0,Semi-furnished,2.0,14.0,8.0,7.0,10.0,Low,Yes,No,"Clubhouse, Pool",South,Owner,Ready_to_Move
3785.0,Uttar Pradesh,Noida,Locality_328,Property_Type,2.0,2041.0,156.74,0.08,1999.0,Furnished,22.0,2.0,26.0,7.0,8.0,Low,Yes,Yes,"Playground, Garden, Gym, Pool, Clubhouse",West,Owner,Under_Construction
3786.0,Tamil Nadu,Chennai,Locality_284,Property_Type,5.0,732.0,272.54,0.37,2004.0,Unfurnished,10.0,26.0,21.0,10.0,8.0,Medium,Yes,No,"Garden, Pool, Gym, Clubhouse",North,Owner,Under_Construction
3787.0,Maharashtra,Mumbai,Locality_267,Property_Type,3.0,1132.0,113.69,0.1,1990.0,Unfurnished,13.0,20.0,35.0,7.0,2.0,Medium,No,No,"Playground, Pool, Clubhouse, Garden",West,Owner,Ready_to_Move
3788.0,Uttar Pradesh,Lucknow,Locality_165,Property_Type,1.0,4286.0,260.7,0.06,2014.0,Unfurnished,28.0,22.0,11.0,10.0,3.0,Low,No,Yes,Clubhouse,East,Broker,Under_Construction
3789.0,Gujarat,Surat,Locality_458,Property_Type,4.0,2116.0,185.6,0.09,1992.0,Semi-furnished,2.0,27.0,33.0,4.0,6.0,Medium,No,No,"Gym, Garden",North,Broker,Under_Construction
3790.0,Kerala,Trivandrum,Locality_344,Property_Type,3.0,2146.0,358.07,0.17,2013.0,Unfurnished,1.0,5.0,12.0,4.0,2.0,Low,Yes,No,"Playground, Gym, Garden, Pool, Clubhouse",East,Owner,Ready_to_Move
3791.0,Delhi,New Delhi,Locality_72,Property_Type,5.0,4961.0,132.72,0.03,1999.0,Unfurnished,3.0,13.0,26.0,1.0,1.0,High,Yes,Yes,"Garden, Clubhouse",North,Builder,Under_Construction
3792.0,Odisha,Bhubaneswar,Locality_15,Property_Type,2.0,1344.0,244.08,0.18,1996.0,Unfurnished,19.0,3.0,29.0,4.0,4.0,Low,No,Yes,"Clubhouse, Pool",South,Broker,Under_Construction
3793.0,Tamil Nadu,Chennai,Locality_468,Property_Type,2.0,3481.0,98.74,0.03,2021.0,Semi-furnished,28.0,28.0,4.0,4.0,10.0,Medium,No,Yes,Clubhouse,East,Builder,Under_Construction
3794.0,Kerala,Trivandrum,Locality_21,Property_Type,4.0,823.0,398.59,0.48,2002.0,Semi-furnished,9.0,7.0,23.0,2.0,2.0,Medium,No,No,"Playground, Gym",South,Owner,Ready_to_Move
3795.0,Andhra Pradesh,Vijayawada,Locality_286,Property_Type,3.0,3514.0,453.96,0.13,2017.0,Semi-furnished,12.0,22.0,8.0,9.0,1.0,Medium,No,No,"Playground, Gym, Pool",East,Broker,Under_Construction
3796.0,Odisha,Cuttack,Locality_242,Property_Type,3.0,3832.0,487.77,0.13,1998.0,Semi-furnished,27.0,14.0,27.0,10.0,8.0,Medium,No,Yes,"Playground, Garden, Clubhouse, Gym, Pool",East,Owner,Ready_to_Move
3797.0,Odisha,Bhubaneswar,Locality_301,Property_Type,5.0,3930.0,49.25,0.01,2015.0,Semi-furnished,12.0,1.0,10.0,1.0,4.0,Medium,Yes,Yes,"Garden, Pool, Clubhouse",North,Broker,Ready_to_Move
3798.0,Punjab,Ludhiana,Locality_191,Property_Type,3.0,1523.0,321.71,0.21,2021.0,Furnished,7.0,16.0,4.0,2.0,1.0,Medium,No,Yes,"Gym, Clubhouse",West,Builder,Under_Construction
3799.0,Delhi,New Delhi,Locality_88,Property_Type,5.0,3543.0,496.85,0.14,2018.0,Semi-furnished,9.0,14.0,7.0,1.0,10.0,Low,No,No,"Gym, Pool, Clubhouse, Garden, Playground",South,Owner,Ready_to_Move
3800.0,Chhattisgarh,Bilaspur,Locality_160,Property_Type,2.0,2386.0,138.68,0.06,2007.0,Furnished,25.0,16.0,18.0,1.0,7.0,Medium,No,No,"Clubhouse, Pool, Playground, Gym, Garden",North,Broker,Ready_to_Move
3801.0,Andhra Pradesh,Vijayawada,Locality_467,Property_Type,1.0,3121.0,423.31,0.14,2018.0,Unfurnished,11.0,9.0,7.0,10.0,7.0,Low,No,No,Playground,East,Owner,Ready_to_Move
3802.0,Gujarat,Ahmedabad,Locality_101,Property_Type,2.0,3969.0,266.71,0.07,2020.0,Furnished,30.0,4.0,5.0,4.0,2.0,Medium,Yes,No,Playground,North,Builder,Under_Construction
3803.0,Madhya Pradesh,Bhopal,Locality_288,Property_Type,4.0,4673.0,427.1,0.09,2014.0,Furnished,25.0,18.0,11.0,5.0,9.0,Medium,Yes,No,Pool,West,Owner,Ready_to_Move
3804.0,Andhra Pradesh,Vishakhapatnam,Locality_183,Property_Type,4.0,4288.0,71.2,0.02,1999.0,Unfurnished,4.0,2.0,26.0,10.0,7.0,High,No,Yes,Pool,East,Owner,Under_Construction
3805.0,Madhya Pradesh,Indore,Locality_163,Property_Type,4.0,4689.0,139.56,0.03,2000.0,Unfurnished,21.0,2.0,25.0,3.0,8.0,Low,No,No,"Garden, Clubhouse, Pool",East,Owner,Ready_to_Move
3806.0,Gujarat,Ahmedabad,Locality_294,Property_Type,1.0,3893.0,32.39,0.01,2009.0,Furnished,11.0,25.0,16.0,5.0,1.0,High,Yes,Yes,"Pool, Clubhouse, Playground",North,Builder,Under_Construction
3807.0,Bihar,Patna,Locality_314,Property_Type,3.0,3319.0,63.98,0.02,2022.0,Furnished,21.0,18.0,3.0,2.0,10.0,Low,Yes,No,"Clubhouse, Pool, Playground, Garden, Gym",West,Owner,Under_Construction
3808.0,Karnataka,Mysore,Locality_388,Property_Type,1.0,2149.0,294.42,0.14,2000.0,Furnished,5.0,14.0,25.0,2.0,8.0,Low,No,No,Playground,South,Owner,Under_Construction
3809.0,Punjab,Amritsar,Locality_385,Property_Type,2.0,3362.0,457.01,0.14,2012.0,Furnished,19.0,30.0,13.0,9.0,1.0,Medium,No,Yes,"Clubhouse, Pool, Playground, Garden",South,Broker,Under_Construction
3810.0,Bihar,Gaya,Locality_472,Property_Type,5.0,3954.0,232.87,0.06,2023.0,Semi-furnished,27.0,28.0,2.0,1.0,6.0,High,Yes,No,"Gym, Playground, Garden, Pool",South,Broker,Under_Construction
3811.0,Bihar,Gaya,Locality_189,Property_Type,4.0,1074.0,378.85,0.35,2018.0,Furnished,3.0,6.0,7.0,8.0,8.0,Medium,No,Yes,"Clubhouse, Pool, Playground",West,Builder,Under_Construction
3812.0,Punjab,Ludhiana,Locality_146,Property_Type,1.0,896.0,376.95,0.42,2015.0,Semi-furnished,18.0,7.0,10.0,4.0,3.0,Low,No,No,Gym,North,Owner,Under_Construction
3813.0,Rajasthan,Jaipur,Locality_72,Property_Type,3.0,2013.0,165.98,0.08,1991.0,Furnished,2.0,24.0,34.0,3.0,10.0,Medium,No,No,"Gym, Garden, Playground",West,Owner,Ready_to_Move
3814.0,Punjab,Ludhiana,Locality_121,Property_Type,3.0,1397.0,281.69,0.2,2001.0,Furnished,28.0,19.0,24.0,1.0,6.0,Low,Yes,Yes,"Pool, Playground, Clubhouse, Garden, Gym",South,Broker,Ready_to_Move
3815.0,Jharkhand,Jamshedpur,Locality_18,Property_Type,3.0,4378.0,494.11,0.11,1998.0,Semi-furnished,2.0,20.0,27.0,8.0,7.0,Medium,Yes,Yes,Playground,South,Owner,Ready_to_Move
3816.0,Karnataka,Bangalore,Locality_274,Property_Type,2.0,4043.0,197.73,0.05,2004.0,Unfurnished,29.0,27.0,21.0,5.0,9.0,High,No,Yes,Playground,West,Owner,Ready_to_Move
3817.0,West Bengal,Kolkata,Locality_4,Property_Type,2.0,3813.0,232.77,0.06,2005.0,Unfurnished,6.0,5.0,20.0,2.0,8.0,Medium,No,No,"Garden, Playground, Clubhouse",East,Owner,Ready_to_Move
3818.0,Tamil Nadu,Coimbatore,Locality_275,Property_Type,5.0,1161.0,18.67,0.02,2019.0,Semi-furnished,23.0,14.0,6.0,9.0,4.0,High,Yes,No,"Pool, Gym, Playground",North,Broker,Ready_to_Move
3819.0,Delhi,New Delhi,Locality_381,Property_Type,5.0,3397.0,396.09,0.12,1998.0,Unfurnished,28.0,15.0,27.0,8.0,4.0,Medium,No,No,Garden,South,Broker,Ready_to_Move
3820.0,Madhya Pradesh,Bhopal,Locality_352,Property_Type,5.0,4159.0,48.41,0.01,2004.0,Furnished,29.0,23.0,21.0,10.0,9.0,Low,No,Yes,"Playground, Clubhouse",North,Broker,Under_Construction
3821.0,Chhattisgarh,Raipur,Locality_493,Property_Type,4.0,3481.0,30.04,0.01,1992.0,Semi-furnished,19.0,24.0,33.0,8.0,4.0,Low,No,No,"Playground, Garden, Clubhouse, Pool",West,Owner,Ready_to_Move
3822.0,Telangana,Warangal,Locality_91,Property_Type,3.0,2464.0,458.76,0.19,1995.0,Furnished,8.0,1.0,30.0,2.0,2.0,High,No,Yes,"Garden, Pool, Clubhouse, Gym, Playground",East,Owner,Under_Construction
3823.0,Jharkhand,Ranchi,Locality_45,Property_Type,1.0,3171.0,422.74,0.13,1995.0,Semi-furnished,26.0,9.0,30.0,2.0,6.0,Medium,Yes,Yes,"Gym, Garden, Pool, Clubhouse, Playground",West,Broker,Under_Construction
3824.0,Rajasthan,Jaipur,Locality_62,Property_Type,4.0,531.0,336.05,0.63,1999.0,Unfurnished,5.0,23.0,26.0,3.0,1.0,High,No,Yes,"Pool, Playground, Garden, Gym, Clubhouse",West,Broker,Ready_to_Move
3825.0,Chhattisgarh,Raipur,Locality_423,Property_Type,3.0,2881.0,352.96,0.12,2013.0,Furnished,10.0,17.0,12.0,10.0,5.0,Low,Yes,No,"Playground, Clubhouse, Garden",North,Owner,Ready_to_Move
3826.0,Karnataka,Mysore,Locality_95,Property_Type,4.0,4236.0,271.59,0.06,1998.0,Furnished,21.0,25.0,27.0,7.0,7.0,High,No,No,"Pool, Gym, Clubhouse",East,Builder,Ready_to_Move
3827.0,Andhra Pradesh,Vijayawada,Locality_440,Property_Type,5.0,4010.0,482.54,0.12,2000.0,Semi-furnished,27.0,2.0,25.0,1.0,9.0,Low,Yes,No,"Gym, Playground",South,Broker,Under_Construction
3828.0,Assam,Guwahati,Locality_467,Property_Type,3.0,1385.0,50.2,0.04,2016.0,Unfurnished,21.0,27.0,9.0,4.0,5.0,Medium,No,Yes,Clubhouse,East,Broker,Under_Construction
3829.0,Telangana,Warangal,Locality_322,Property_Type,3.0,1161.0,233.82,0.2,1994.0,Unfurnished,24.0,30.0,31.0,1.0,8.0,Low,Yes,Yes,"Clubhouse, Garden",West,Builder,Under_Construction
3830.0,Chhattisgarh,Bilaspur,Locality_443,Property_Type,3.0,2384.0,334.32,0.14,2021.0,Furnished,14.0,18.0,4.0,10.0,10.0,Medium,Yes,Yes,"Pool, Garden, Gym, Clubhouse, Playground",East,Owner,Under_Construction
3831.0,Odisha,Cuttack,Locality_303,Property_Type,1.0,1086.0,402.98,0.37,2004.0,Semi-furnished,7.0,20.0,21.0,9.0,3.0,Low,Yes,No,"Playground, Gym, Garden, Clubhouse",South,Builder,Ready_to_Move
3832.0,Jharkhand,Ranchi,Locality_356,Property_Type,1.0,2671.0,35.31,0.01,2021.0,Unfurnished,21.0,9.0,4.0,9.0,3.0,Medium,Yes,Yes,Garden,East,Owner,Under_Construction
3833.0,Rajasthan,Jaipur,Locality_303,Property_Type,1.0,4887.0,386.24,0.08,2020.0,Unfurnished,17.0,2.0,5.0,8.0,2.0,Medium,No,Yes,"Garden, Clubhouse, Playground",South,Owner,Ready_to_Move
3834.0,Odisha,Bhubaneswar,Locality_282,Property_Type,4.0,2167.0,494.5,0.23,2019.0,Unfurnished,29.0,28.0,6.0,8.0,3.0,Medium,Yes,No,"Garden, Gym, Clubhouse",East,Builder,Under_Construction
3835.0,Kerala,Trivandrum,Locality_57,Property_Type,4.0,2857.0,209.23,0.07,2016.0,Unfurnished,3.0,9.0,9.0,5.0,10.0,High,Yes,Yes,"Clubhouse, Gym, Garden",East,Builder,Under_Construction
3836.0,Delhi,New Delhi,Locality_351,Property_Type,1.0,3699.0,240.03,0.06,2005.0,Furnished,16.0,27.0,20.0,4.0,6.0,High,No,No,"Garden, Playground",East,Broker,Under_Construction
3837.0,Andhra Pradesh,Vishakhapatnam,Locality_301,Property_Type,1.0,1628.0,147.82,0.09,2023.0,Unfurnished,28.0,21.0,2.0,1.0,3.0,Low,Yes,Yes,"Garden, Clubhouse, Pool, Gym",North,Broker,Ready_to_Move
3838.0,Karnataka,Bangalore,Locality_148,Property_Type,4.0,1556.0,395.78,0.25,2003.0,Furnished,21.0,6.0,22.0,2.0,6.0,High,Yes,No,"Playground, Pool, Gym, Clubhouse, Garden",North,Builder,Under_Construction
3839.0,Assam,Silchar,Locality_385,Property_Type,5.0,983.0,289.52,0.29,2019.0,Semi-furnished,8.0,1.0,6.0,3.0,3.0,Low,Yes,No,"Pool, Garden",South,Builder,Ready_to_Move
3840.0,Jharkhand,Jamshedpur,Locality_38,Property_Type,4.0,4972.0,395.0,0.08,1994.0,Unfurnished,16.0,5.0,31.0,6.0,9.0,Low,Yes,No,Clubhouse,North,Owner,Under_Construction
3841.0,Assam,Silchar,Locality_22,Property_Type,3.0,2152.0,131.45,0.06,2021.0,Unfurnished,12.0,16.0,4.0,6.0,3.0,Low,Yes,Yes,"Playground, Clubhouse, Pool, Garden, Gym",West,Builder,Ready_to_Move
3842.0,Jharkhand,Ranchi,Locality_14,Property_Type,1.0,1122.0,234.82,0.21,2012.0,Unfurnished,15.0,2.0,13.0,4.0,4.0,Medium,No,Yes,"Gym, Playground, Clubhouse, Pool",West,Broker,Under_Construction
3843.0,Uttarakhand,Haridwar,Locality_193,Property_Type,1.0,1851.0,213.07,0.12,2014.0,Unfurnished,13.0,17.0,11.0,9.0,5.0,Low,No,No,"Gym, Pool",East,Broker,Ready_to_Move
3844.0,West Bengal,Kolkata,Locality_400,Property_Type,2.0,2775.0,231.48,0.08,2000.0,Semi-furnished,22.0,18.0,25.0,2.0,6.0,High,Yes,No,"Garden, Pool, Clubhouse, Gym, Playground",East,Owner,Under_Construction
3845.0,Tamil Nadu,Coimbatore,Locality_47,Property_Type,2.0,1712.0,82.45,0.05,2003.0,Furnished,24.0,11.0,22.0,2.0,8.0,Low,No,Yes,Garden,East,Broker,Under_Construction
3846.0,Bihar,Gaya,Locality_100,Property_Type,5.0,3377.0,191.27,0.06,2022.0,Unfurnished,8.0,12.0,3.0,10.0,3.0,Low,Yes,Yes,"Clubhouse, Gym, Garden, Pool, Playground",East,Broker,Under_Construction
3847.0,Gujarat,Surat,Locality_43,Property_Type,1.0,1539.0,347.02,0.23,1995.0,Semi-furnished,20.0,4.0,30.0,10.0,3.0,Medium,Yes,Yes,"Garden, Clubhouse, Gym, Pool",East,Owner,Under_Construction
3848.0,Gujarat,Ahmedabad,Locality_234,Property_Type,1.0,2779.0,170.88,0.06,2013.0,Unfurnished,28.0,1.0,12.0,10.0,4.0,Low,Yes,Yes,"Garden, Pool, Playground, Gym",South,Owner,Under_Construction
3849.0,Uttar Pradesh,Lucknow,Locality_110,Property_Type,4.0,3201.0,37.68,0.01,2008.0,Unfurnished,17.0,26.0,17.0,9.0,6.0,Medium,No,Yes,"Pool, Clubhouse, Playground, Gym",East,Broker,Under_Construction
3850.0,Uttar Pradesh,Lucknow,Locality_44,Property_Type,5.0,4123.0,474.0,0.11,2006.0,Unfurnished,28.0,23.0,19.0,8.0,1.0,Low,Yes,No,"Pool, Garden, Gym, Playground, Clubhouse",North,Owner,Ready_to_Move
3851.0,West Bengal,Durgapur,Locality_286,Property_Type,2.0,3466.0,23.16,0.01,1991.0,Furnished,11.0,1.0,34.0,8.0,9.0,High,No,No,"Garden, Clubhouse, Playground",North,Builder,Under_Construction
3852.0,Karnataka,Bangalore,Locality_10,Property_Type,5.0,1356.0,475.13,0.35,2019.0,Semi-furnished,30.0,19.0,6.0,4.0,9.0,Medium,Yes,No,"Garden, Clubhouse, Playground, Pool, Gym",South,Owner,Under_Construction
3853.0,Telangana,Hyderabad,Locality_256,Property_Type,2.0,3518.0,214.08,0.06,2020.0,Unfurnished,24.0,20.0,5.0,10.0,2.0,Low,No,Yes,"Pool, Clubhouse, Playground, Gym, Garden",West,Owner,Under_Construction
3854.0,Delhi,New Delhi,Locality_340,Property_Type,2.0,1412.0,43.55,0.03,1999.0,Unfurnished,5.0,3.0,26.0,8.0,1.0,Medium,Yes,Yes,"Playground, Gym, Garden, Pool, Clubhouse",North,Owner,Ready_to_Move
3855.0,Telangana,Hyderabad,Locality_482,Property_Type,4.0,1041.0,451.5,0.43,2005.0,Semi-furnished,15.0,8.0,20.0,10.0,8.0,Medium,No,Yes,"Gym, Playground, Clubhouse, Garden",East,Owner,Ready_to_Move
3856.0,Uttar Pradesh,Lucknow,Locality_146,Property_Type,5.0,4011.0,200.25,0.05,2020.0,Unfurnished,17.0,8.0,5.0,6.0,3.0,High,No,No,"Pool, Clubhouse, Garden, Playground",North,Owner,Under_Construction
3857.0,West Bengal,Durgapur,Locality_94,Property_Type,3.0,1022.0,311.65,0.3,1995.0,Semi-furnished,17.0,13.0,30.0,1.0,8.0,Low,No,Yes,"Clubhouse, Playground, Gym, Pool, Garden",North,Builder,Under_Construction
3858.0,Uttarakhand,Dehradun,Locality_20,Property_Type,4.0,4213.0,295.55,0.07,2018.0,Semi-furnished,7.0,21.0,7.0,4.0,4.0,Low,Yes,No,"Gym, Clubhouse, Garden",West,Owner,Ready_to_Move
3859.0,Punjab,Amritsar,Locality_409,Property_Type,4.0,3164.0,191.92,0.06,2007.0,Furnished,15.0,25.0,18.0,6.0,3.0,High,No,No,Garden,West,Owner,Ready_to_Move
3860.0,Haryana,Faridabad,Locality_343,Property_Type,4.0,2739.0,332.62,0.12,2013.0,Unfurnished,11.0,15.0,12.0,8.0,7.0,Low,Yes,No,"Playground, Clubhouse, Garden, Gym, Pool",East,Owner,Ready_to_Move
3861.0,Delhi,Dwarka,Locality_466,Property_Type,3.0,3922.0,95.28,0.02,2000.0,Unfurnished,28.0,25.0,25.0,8.0,8.0,Medium,Yes,Yes,"Garden, Pool, Clubhouse, Gym, Playground",South,Builder,Ready_to_Move
3862.0,Delhi,New Delhi,Locality_368,Property_Type,5.0,2874.0,135.6,0.05,2022.0,Furnished,25.0,28.0,3.0,1.0,7.0,Low,Yes,No,"Gym, Playground, Clubhouse",North,Owner,Ready_to_Move
3863.0,Andhra Pradesh,Vishakhapatnam,Locality_255,Property_Type,1.0,611.0,414.66,0.68,2019.0,Semi-furnished,1.0,25.0,6.0,6.0,5.0,High,No,No,"Pool, Playground, Garden",East,Builder,Ready_to_Move
3864.0,Chhattisgarh,Bilaspur,Locality_309,Property_Type,3.0,3623.0,242.7,0.07,1992.0,Furnished,9.0,16.0,33.0,5.0,7.0,High,No,No,"Clubhouse, Playground, Gym, Garden, Pool",East,Broker,Ready_to_Move
3865.0,Andhra Pradesh,Vishakhapatnam,Locality_240,Property_Type,3.0,866.0,474.76,0.55,1996.0,Furnished,0.0,27.0,29.0,4.0,7.0,Low,Yes,No,"Pool, Playground, Gym, Garden, Clubhouse",West,Broker,Ready_to_Move
3866.0,Chhattisgarh,Bilaspur,Locality_315,Property_Type,2.0,1623.0,62.73,0.04,2002.0,Unfurnished,27.0,3.0,23.0,5.0,10.0,High,Yes,No,Garden,South,Builder,Under_Construction
3867.0,Haryana,Faridabad,Locality_483,Property_Type,5.0,591.0,440.82,0.75,2015.0,Furnished,10.0,20.0,10.0,3.0,3.0,Low,No,Yes,"Pool, Garden, Clubhouse, Playground",West,Builder,Ready_to_Move
3868.0,Punjab,Amritsar,Locality_427,Property_Type,5.0,1885.0,149.39,0.08,2020.0,Furnished,15.0,2.0,5.0,10.0,2.0,Low,Yes,No,"Pool, Clubhouse, Garden",South,Owner,Under_Construction
3869.0,Assam,Silchar,Locality_255,Property_Type,2.0,3344.0,317.4,0.09,1998.0,Unfurnished,6.0,26.0,27.0,6.0,8.0,High,No,No,"Playground, Gym, Pool, Garden",West,Owner,Under_Construction
3870.0,Bihar,Gaya,Locality_194,Property_Type,1.0,1072.0,456.72,0.43,2002.0,Furnished,9.0,6.0,23.0,10.0,10.0,Medium,No,No,"Clubhouse, Gym, Pool, Garden, Playground",East,Builder,Ready_to_Move
3871.0,Maharashtra,Mumbai,Locality_93,Property_Type,3.0,787.0,261.0,0.33,1994.0,Semi-furnished,2.0,22.0,31.0,4.0,8.0,Medium,Yes,Yes,"Gym, Clubhouse, Garden, Pool, Playground",West,Owner,Ready_to_Move
3872.0,Uttarakhand,Haridwar,Locality_171,Property_Type,5.0,3477.0,482.44,0.14,2007.0,Unfurnished,0.0,15.0,18.0,10.0,8.0,Low,No,No,"Garden, Playground, Gym, Clubhouse",South,Builder,Ready_to_Move
3873.0,Jharkhand,Ranchi,Locality_30,Property_Type,1.0,4894.0,239.45,0.05,2004.0,Furnished,15.0,11.0,21.0,2.0,5.0,High,Yes,No,"Gym, Playground, Clubhouse, Pool, Garden",East,Builder,Under_Construction
3874.0,Assam,Guwahati,Locality_201,Property_Type,3.0,4387.0,73.01,0.02,2008.0,Semi-furnished,6.0,18.0,17.0,7.0,4.0,Low,No,Yes,"Garden, Clubhouse, Gym, Playground",East,Owner,Ready_to_Move
3875.0,Telangana,Warangal,Locality_48,Property_Type,5.0,1611.0,399.26,0.25,1993.0,Furnished,21.0,8.0,32.0,1.0,10.0,Low,Yes,No,"Pool, Gym, Playground, Garden, Clubhouse",West,Broker,Under_Construction
3876.0,Tamil Nadu,Coimbatore,Locality_294,Property_Type,1.0,3130.0,334.88,0.11,2000.0,Furnished,14.0,23.0,25.0,2.0,6.0,Medium,No,No,"Playground, Garden",South,Builder,Under_Construction
3877.0,Telangana,Warangal,Locality_451,Property_Type,3.0,3986.0,249.44,0.06,1996.0,Unfurnished,4.0,17.0,29.0,2.0,9.0,Low,Yes,No,"Gym, Garden, Clubhouse",East,Builder,Ready_to_Move
3878.0,West Bengal,Durgapur,Locality_318,Property_Type,2.0,3703.0,292.21,0.08,1990.0,Unfurnished,29.0,28.0,35.0,5.0,1.0,High,No,Yes,"Clubhouse, Gym, Playground, Pool, Garden",North,Owner,Ready_to_Move
3879.0,West Bengal,Durgapur,Locality_460,Property_Type,5.0,2614.0,376.63,0.14,1995.0,Semi-furnished,20.0,5.0,30.0,7.0,1.0,Medium,No,Yes,Playground,South,Broker,Under_Construction
3880.0,Jharkhand,Ranchi,Locality_177,Property_Type,5.0,2256.0,438.51,0.19,2011.0,Semi-furnished,3.0,30.0,14.0,10.0,10.0,Medium,No,No,"Pool, Garden, Clubhouse, Playground, Gym",North,Broker,Under_Construction
3881.0,Jharkhand,Ranchi,Locality_403,Property_Type,5.0,4619.0,273.08,0.06,2016.0,Semi-furnished,16.0,29.0,9.0,10.0,2.0,High,No,Yes,"Playground, Clubhouse, Pool",South,Owner,Ready_to_Move
3882.0,Jharkhand,Ranchi,Locality_46,Property_Type,2.0,1673.0,413.51,0.25,2003.0,Unfurnished,7.0,13.0,22.0,4.0,9.0,High,No,No,"Gym, Pool",East,Builder,Ready_to_Move
3883.0,Tamil Nadu,Chennai,Locality_131,Property_Type,4.0,3027.0,23.98,0.01,2022.0,Furnished,17.0,12.0,3.0,8.0,1.0,Medium,Yes,No,Garden,North,Builder,Ready_to_Move
3884.0,Tamil Nadu,Coimbatore,Locality_33,Property_Type,1.0,3950.0,138.52,0.04,2007.0,Furnished,23.0,3.0,18.0,7.0,7.0,High,No,No,"Pool, Gym",East,Owner,Under_Construction
3885.0,Jharkhand,Jamshedpur,Locality_109,Property_Type,2.0,2523.0,40.81,0.02,2010.0,Unfurnished,9.0,20.0,15.0,1.0,9.0,Low,Yes,No,"Gym, Garden",East,Builder,Under_Construction
3886.0,Tamil Nadu,Chennai,Locality_467,Property_Type,5.0,3283.0,294.82,0.09,1990.0,Semi-furnished,7.0,18.0,35.0,8.0,8.0,Low,No,Yes,"Garden, Playground, Gym",East,Builder,Ready_to_Move
3887.0,Kerala,Trivandrum,Locality_172,Property_Type,4.0,3700.0,205.42,0.06,1994.0,Furnished,30.0,21.0,31.0,2.0,10.0,Low,Yes,Yes,"Clubhouse, Gym, Garden",East,Owner,Ready_to_Move
3888.0,Chhattisgarh,Bilaspur,Locality_379,Property_Type,3.0,3295.0,153.58,0.05,1991.0,Semi-furnished,16.0,3.0,34.0,4.0,9.0,Low,No,No,"Clubhouse, Pool, Playground, Gym, Garden",East,Broker,Ready_to_Move
3889.0,Madhya Pradesh,Bhopal,Locality_305,Property_Type,3.0,4497.0,329.2,0.07,1993.0,Unfurnished,1.0,21.0,32.0,10.0,7.0,High,No,No,"Garden, Gym, Playground, Pool, Clubhouse",West,Broker,Under_Construction
3890.0,Telangana,Hyderabad,Locality_40,Property_Type,1.0,3918.0,19.82,0.01,1997.0,Semi-furnished,14.0,29.0,28.0,4.0,1.0,Low,No,No,"Playground, Clubhouse, Gym",East,Builder,Ready_to_Move
3891.0,Punjab,Ludhiana,Locality_16,Property_Type,2.0,3538.0,259.87,0.07,2023.0,Semi-furnished,25.0,6.0,2.0,3.0,5.0,High,No,Yes,"Clubhouse, Pool",North,Builder,Under_Construction
3892.0,Andhra Pradesh,Vishakhapatnam,Locality_418,Property_Type,1.0,4203.0,77.07,0.02,2017.0,Unfurnished,20.0,11.0,8.0,8.0,2.0,Medium,Yes,No,Garden,North,Broker,Under_Construction
3893.0,Odisha,Cuttack,Locality_494,Property_Type,2.0,2715.0,27.4,0.01,2015.0,Unfurnished,11.0,19.0,10.0,10.0,2.0,High,No,Yes,"Gym, Pool, Playground",South,Builder,Under_Construction
3894.0,Jharkhand,Jamshedpur,Locality_364,Property_Type,3.0,2597.0,130.51,0.05,2019.0,Unfurnished,22.0,12.0,6.0,9.0,4.0,Medium,Yes,No,"Playground, Clubhouse, Garden, Gym",South,Builder,Under_Construction
3895.0,Uttarakhand,Haridwar,Locality_72,Property_Type,5.0,1087.0,467.19,0.43,2023.0,Semi-furnished,28.0,23.0,2.0,6.0,2.0,Medium,No,Yes,"Clubhouse, Gym, Pool, Garden",East,Broker,Under_Construction
3896.0,Odisha,Cuttack,Locality_93,Property_Type,2.0,2104.0,155.29,0.07,2016.0,Unfurnished,29.0,7.0,9.0,9.0,3.0,Low,No,Yes,"Clubhouse, Gym, Playground, Garden",South,Builder,Ready_to_Move
3897.0,Karnataka,Mysore,Locality_389,Property_Type,3.0,3124.0,420.39,0.13,1997.0,Unfurnished,23.0,23.0,28.0,5.0,2.0,Low,No,Yes,"Gym, Playground, Pool, Garden",West,Builder,Ready_to_Move
3898.0,Gujarat,Ahmedabad,Locality_497,Property_Type,1.0,3042.0,167.73,0.06,2006.0,Furnished,11.0,20.0,19.0,6.0,8.0,Low,No,No,"Garden, Clubhouse",West,Broker,Ready_to_Move
3899.0,Punjab,Ludhiana,Locality_134,Property_Type,4.0,4756.0,218.75,0.05,2014.0,Furnished,26.0,4.0,11.0,2.0,1.0,High,Yes,Yes,"Pool, Clubhouse, Garden",North,Broker,Under_Construction
3900.0,Andhra Pradesh,Vijayawada,Locality_38,Property_Type,4.0,4955.0,211.53,0.04,1990.0,Semi-furnished,28.0,28.0,35.0,3.0,4.0,Medium,Yes,Yes,"Gym, Clubhouse, Pool, Garden, Playground",West,Broker,Under_Construction
3901.0,West Bengal,Durgapur,Locality_30,Property_Type,1.0,4268.0,163.61,0.04,2003.0,Semi-furnished,22.0,20.0,22.0,4.0,3.0,Low,Yes,Yes,Clubhouse,West,Broker,Ready_to_Move
3902.0,Uttarakhand,Haridwar,Locality_96,Property_Type,3.0,3277.0,313.23,0.1,2022.0,Semi-furnished,28.0,9.0,3.0,2.0,5.0,Low,Yes,No,"Garden, Playground",South,Owner,Under_Construction
3903.0,Uttarakhand,Dehradun,Locality_268,Property_Type,4.0,2810.0,360.32,0.13,2022.0,Furnished,6.0,17.0,3.0,5.0,5.0,Low,No,Yes,Playground,East,Builder,Under_Construction
3904.0,Andhra Pradesh,Vijayawada,Locality_50,Property_Type,2.0,2738.0,181.04,0.07,2012.0,Unfurnished,24.0,29.0,13.0,8.0,4.0,Medium,Yes,No,Gym,West,Builder,Under_Construction
3905.0,Karnataka,Mangalore,Locality_475,Property_Type,1.0,3732.0,27.92,0.01,2021.0,Semi-furnished,10.0,14.0,4.0,8.0,2.0,Low,Yes,No,"Gym, Pool, Clubhouse, Playground, Garden",South,Builder,Ready_to_Move
3906.0,Andhra Pradesh,Vishakhapatnam,Locality_191,Property_Type,2.0,1702.0,251.76,0.15,2006.0,Furnished,25.0,10.0,19.0,5.0,1.0,Medium,Yes,Yes,"Clubhouse, Gym, Playground, Pool",West,Broker,Ready_to_Move
3907.0,Haryana,Faridabad,Locality_6,Property_Type,5.0,4600.0,246.4,0.05,2017.0,Semi-furnished,29.0,13.0,8.0,5.0,10.0,Low,No,No,"Pool, Garden, Playground",North,Builder,Under_Construction
3908.0,Rajasthan,Jodhpur,Locality_56,Property_Type,2.0,1597.0,13.8,0.01,2020.0,Unfurnished,28.0,19.0,5.0,3.0,4.0,Medium,No,Yes,Playground,North,Broker,Ready_to_Move
3909.0,Karnataka,Mysore,Locality_178,Property_Type,4.0,3824.0,348.03,0.09,2004.0,Unfurnished,18.0,20.0,21.0,6.0,7.0,High,Yes,No,"Clubhouse, Garden",East,Builder,Ready_to_Move
3910.0,Odisha,Cuttack,Locality_256,Property_Type,5.0,3338.0,296.28,0.09,2022.0,Semi-furnished,24.0,28.0,3.0,4.0,8.0,High,No,No,"Clubhouse, Playground, Garden",South,Owner,Ready_to_Move
3911.0,Punjab,Amritsar,Locality_480,Property_Type,4.0,3617.0,286.16,0.08,2022.0,Semi-furnished,5.0,6.0,3.0,4.0,1.0,High,No,Yes,"Garden, Pool, Gym, Playground",South,Builder,Ready_to_Move
3912.0,Madhya Pradesh,Bhopal,Locality_252,Property_Type,3.0,737.0,13.22,0.02,1992.0,Furnished,11.0,11.0,33.0,10.0,2.0,Medium,Yes,Yes,Pool,North,Broker,Under_Construction
3913.0,Maharashtra,Mumbai,Locality_370,Property_Type,3.0,3744.0,408.92,0.11,1994.0,Semi-furnished,4.0,25.0,31.0,2.0,7.0,Low,No,No,"Gym, Clubhouse, Pool",West,Builder,Under_Construction
3914.0,Haryana,Faridabad,Locality_269,Property_Type,1.0,4950.0,100.96,0.02,2004.0,Furnished,17.0,8.0,21.0,10.0,9.0,Low,Yes,Yes,"Gym, Clubhouse, Pool, Playground, Garden",North,Owner,Ready_to_Move
3915.0,Kerala,Trivandrum,Locality_218,Property_Type,5.0,2729.0,322.44,0.12,1991.0,Unfurnished,20.0,15.0,34.0,1.0,6.0,Medium,No,Yes,"Garden, Pool, Gym, Clubhouse",North,Builder,Under_Construction
3916.0,Kerala,Kochi,Locality_423,Property_Type,5.0,3318.0,475.61,0.14,1997.0,Unfurnished,21.0,26.0,28.0,3.0,6.0,Medium,Yes,Yes,"Gym, Pool, Clubhouse",North,Builder,Ready_to_Move
3917.0,Punjab,Amritsar,Locality_431,Property_Type,3.0,3059.0,281.1,0.09,1991.0,Furnished,15.0,2.0,34.0,10.0,4.0,Low,Yes,Yes,"Pool, Garden, Clubhouse, Playground, Gym",North,Owner,Under_Construction
3918.0,Odisha,Cuttack,Locality_151,Property_Type,2.0,3993.0,456.78,0.11,2009.0,Semi-furnished,7.0,15.0,16.0,3.0,10.0,Low,No,No,"Garden, Gym",South,Builder,Under_Construction
3919.0,Tamil Nadu,Chennai,Locality_64,Property_Type,2.0,3201.0,205.75,0.06,2003.0,Unfurnished,10.0,28.0,22.0,1.0,2.0,Low,No,No,"Gym, Pool, Clubhouse",North,Owner,Ready_to_Move
3920.0,Rajasthan,Jodhpur,Locality_14,Property_Type,2.0,2406.0,391.5,0.16,2015.0,Semi-furnished,0.0,21.0,10.0,5.0,7.0,High,Yes,No,"Pool, Clubhouse, Gym, Playground",West,Builder,Ready_to_Move
3921.0,West Bengal,Kolkata,Locality_358,Property_Type,5.0,888.0,415.67,0.47,1990.0,Semi-furnished,13.0,10.0,35.0,4.0,1.0,Low,Yes,Yes,"Pool, Garden, Playground, Clubhouse",South,Broker,Ready_to_Move
3922.0,Kerala,Kochi,Locality_38,Property_Type,1.0,4896.0,43.06,0.01,1997.0,Unfurnished,1.0,8.0,28.0,10.0,8.0,Medium,No,No,Garden,South,Owner,Ready_to_Move
3923.0,Bihar,Gaya,Locality_316,Property_Type,4.0,3426.0,129.66,0.04,2022.0,Semi-furnished,28.0,22.0,3.0,7.0,8.0,Medium,No,No,"Pool, Playground, Garden, Clubhouse",North,Owner,Ready_to_Move
3924.0,Haryana,Faridabad,Locality_345,Property_Type,3.0,1653.0,49.46,0.03,2012.0,Furnished,16.0,30.0,13.0,5.0,10.0,Medium,Yes,Yes,"Gym, Clubhouse",East,Builder,Under_Construction
3925.0,Punjab,Amritsar,Locality_182,Property_Type,2.0,3640.0,333.05,0.09,1991.0,Unfurnished,27.0,14.0,34.0,7.0,10.0,Medium,Yes,Yes,"Playground, Garden, Clubhouse, Pool, Gym",North,Owner,Under_Construction
3926.0,Telangana,Hyderabad,Locality_342,Property_Type,2.0,1939.0,225.1,0.12,1998.0,Semi-furnished,9.0,12.0,27.0,2.0,7.0,High,No,No,"Garden, Gym, Clubhouse",West,Builder,Under_Construction
3927.0,Uttarakhand,Haridwar,Locality_313,Property_Type,5.0,2758.0,45.97,0.02,2020.0,Furnished,12.0,25.0,5.0,8.0,2.0,High,No,No,"Garden, Clubhouse, Playground, Gym, Pool",South,Broker,Under_Construction
3928.0,Delhi,Dwarka,Locality_48,Property_Type,3.0,1696.0,441.88,0.26,2002.0,Semi-furnished,11.0,14.0,23.0,4.0,2.0,High,Yes,Yes,"Clubhouse, Pool, Playground, Gym",West,Broker,Ready_to_Move
3929.0,Uttar Pradesh,Noida,Locality_80,Property_Type,5.0,3685.0,140.68,0.04,1990.0,Unfurnished,5.0,16.0,35.0,1.0,1.0,Low,Yes,Yes,Garden,North,Broker,Under_Construction
3930.0,Bihar,Gaya,Locality_3,Property_Type,2.0,1742.0,410.43,0.24,2000.0,Furnished,13.0,28.0,25.0,5.0,2.0,High,Yes,No,"Garden, Playground, Clubhouse",West,Owner,Ready_to_Move
3931.0,Uttar Pradesh,Lucknow,Locality_146,Property_Type,4.0,4258.0,38.55,0.01,1990.0,Unfurnished,17.0,16.0,35.0,7.0,10.0,High,No,Yes,"Gym, Garden, Pool, Clubhouse",North,Broker,Ready_to_Move
3932.0,Telangana,Hyderabad,Locality_255,Property_Type,2.0,3763.0,467.34,0.12,2015.0,Semi-furnished,29.0,3.0,10.0,10.0,3.0,High,No,Yes,"Garden, Gym",West,Broker,Under_Construction
3933.0,Odisha,Cuttack,Locality_210,Property_Type,5.0,1030.0,317.31,0.31,2005.0,Semi-furnished,12.0,12.0,20.0,5.0,1.0,High,No,Yes,"Gym, Clubhouse, Playground",East,Broker,Ready_to_Move
3934.0,Assam,Guwahati,Locality_39,Property_Type,3.0,2500.0,250.66,0.1,1992.0,Semi-furnished,15.0,10.0,33.0,6.0,6.0,High,No,No,"Garden, Gym, Pool, Clubhouse, Playground",South,Broker,Under_Construction
3935.0,Madhya Pradesh,Indore,Locality_4,Property_Type,1.0,4081.0,352.94,0.09,1994.0,Semi-furnished,12.0,20.0,31.0,2.0,3.0,Low,Yes,No,"Clubhouse, Playground, Pool, Gym",South,Broker,Ready_to_Move
3936.0,Karnataka,Mysore,Locality_161,Property_Type,4.0,3594.0,426.59,0.12,1998.0,Furnished,14.0,14.0,27.0,2.0,4.0,Medium,No,No,"Gym, Pool, Playground, Garden, Clubhouse",South,Owner,Under_Construction
3937.0,Assam,Silchar,Locality_482,Property_Type,1.0,1563.0,479.47,0.31,2018.0,Semi-furnished,1.0,10.0,7.0,7.0,1.0,Low,No,Yes,Pool,West,Broker,Ready_to_Move
3938.0,Gujarat,Surat,Locality_357,Property_Type,5.0,4388.0,462.66,0.11,1997.0,Semi-furnished,2.0,15.0,28.0,3.0,2.0,Low,Yes,Yes,"Pool, Playground, Gym, Clubhouse, Garden",North,Owner,Ready_to_Move
3939.0,Delhi,Dwarka,Locality_173,Property_Type,4.0,728.0,481.48,0.66,2013.0,Semi-furnished,14.0,26.0,12.0,1.0,5.0,Medium,Yes,Yes,Playground,East,Broker,Under_Construction
3940.0,Kerala,Kochi,Locality_289,Property_Type,5.0,4319.0,297.21,0.07,2010.0,Unfurnished,21.0,17.0,15.0,5.0,3.0,Medium,Yes,Yes,"Gym, Clubhouse, Playground",West,Owner,Under_Construction
3941.0,Assam,Guwahati,Locality_168,Property_Type,2.0,3258.0,404.19,0.12,2016.0,Unfurnished,4.0,28.0,9.0,7.0,9.0,Low,No,No,Gym,North,Owner,Under_Construction
3942.0,Andhra Pradesh,Vishakhapatnam,Locality_455,Property_Type,5.0,4250.0,116.02,0.03,2008.0,Semi-furnished,26.0,27.0,17.0,5.0,1.0,High,Yes,Yes,"Playground, Clubhouse, Pool, Gym",North,Owner,Under_Construction
3943.0,West Bengal,Durgapur,Locality_297,Property_Type,2.0,535.0,258.53,0.48,2002.0,Unfurnished,3.0,8.0,23.0,6.0,8.0,High,No,No,"Pool, Clubhouse",West,Builder,Under_Construction
3944.0,Assam,Silchar,Locality_94,Property_Type,5.0,4589.0,339.75,0.07,1996.0,Semi-furnished,20.0,20.0,29.0,4.0,3.0,High,No,Yes,Playground,South,Builder,Ready_to_Move
3945.0,Jharkhand,Ranchi,Locality_105,Property_Type,3.0,4813.0,79.4,0.02,1997.0,Semi-furnished,27.0,21.0,28.0,8.0,10.0,High,Yes,No,Garden,West,Builder,Ready_to_Move
3946.0,Maharashtra,Mumbai,Locality_288,Property_Type,2.0,4119.0,221.17,0.05,2023.0,Semi-furnished,29.0,16.0,2.0,6.0,2.0,Low,No,Yes,Gym,West,Builder,Ready_to_Move
3947.0,Gujarat,Ahmedabad,Locality_155,Property_Type,1.0,1909.0,281.06,0.15,2001.0,Furnished,21.0,13.0,24.0,9.0,9.0,High,No,Yes,Gym,West,Owner,Ready_to_Move
3948.0,Uttar Pradesh,Lucknow,Locality_458,Property_Type,2.0,1387.0,377.1,0.27,2012.0,Furnished,10.0,28.0,13.0,3.0,3.0,Low,Yes,Yes,"Garden, Playground, Clubhouse, Gym, Pool",North,Owner,Ready_to_Move
3949.0,Uttar Pradesh,Noida,Locality_144,Property_Type,1.0,1191.0,44.53,0.04,2015.0,Semi-furnished,17.0,30.0,10.0,7.0,9.0,Low,Yes,Yes,"Playground, Garden, Pool, Gym, Clubhouse",East,Builder,Under_Construction
3950.0,Karnataka,Mangalore,Locality_403,Property_Type,3.0,2738.0,87.12,0.03,2003.0,Furnished,13.0,4.0,22.0,7.0,2.0,High,No,Yes,"Gym, Clubhouse",North,Owner,Under_Construction
3951.0,Rajasthan,Jaipur,Locality_186,Property_Type,4.0,2270.0,279.61,0.12,2016.0,Furnished,2.0,7.0,9.0,2.0,1.0,Medium,Yes,Yes,Gym,West,Owner,Ready_to_Move
3952.0,Karnataka,Bangalore,Locality_91,Property_Type,2.0,3759.0,239.43,0.06,1995.0,Semi-furnished,3.0,3.0,30.0,8.0,2.0,Low,Yes,No,"Pool, Gym, Clubhouse, Garden, Playground",South,Broker,Under_Construction
3953.0,Bihar,Gaya,Locality_250,Property_Type,1.0,4545.0,294.31,0.06,1991.0,Furnished,15.0,29.0,34.0,2.0,5.0,High,No,Yes,"Playground, Pool, Garden, Clubhouse, Gym",North,Broker,Under_Construction
3954.0,Karnataka,Mysore,Locality_355,Property_Type,4.0,1166.0,155.95,0.13,2014.0,Furnished,10.0,7.0,11.0,9.0,10.0,Medium,No,Yes,Playground,East,Owner,Under_Construction
3955.0,Madhya Pradesh,Bhopal,Locality_486,Property_Type,3.0,4993.0,237.86,0.05,1995.0,Unfurnished,19.0,27.0,30.0,10.0,1.0,High,No,No,"Gym, Pool, Playground, Clubhouse, Garden",West,Owner,Ready_to_Move
3956.0,Uttar Pradesh,Noida,Locality_180,Property_Type,1.0,868.0,206.67,0.24,2005.0,Unfurnished,10.0,17.0,20.0,4.0,6.0,Low,No,Yes,"Pool, Playground, Clubhouse, Garden, Gym",North,Broker,Under_Construction
3957.0,Punjab,Amritsar,Locality_484,Property_Type,1.0,3958.0,151.59,0.04,2006.0,Semi-furnished,4.0,8.0,19.0,4.0,3.0,High,No,No,"Gym, Clubhouse, Garden",West,Builder,Ready_to_Move
3958.0,Madhya Pradesh,Bhopal,Locality_192,Property_Type,2.0,4442.0,292.94,0.07,1994.0,Semi-furnished,22.0,4.0,31.0,8.0,1.0,Low,No,Yes,"Playground, Clubhouse, Pool, Garden",South,Owner,Ready_to_Move
3959.0,Bihar,Gaya,Locality_405,Property_Type,1.0,2018.0,238.42,0.12,2014.0,Furnished,21.0,10.0,11.0,7.0,1.0,Low,No,Yes,"Playground, Pool",West,Builder,Ready_to_Move
3960.0,Assam,Guwahati,Locality_196,Property_Type,1.0,4953.0,455.02,0.09,2000.0,Semi-furnished,24.0,29.0,25.0,7.0,2.0,Medium,No,No,"Pool, Gym, Garden",South,Owner,Ready_to_Move
3961.0,Andhra Pradesh,Vijayawada,Locality_474,Property_Type,3.0,4239.0,163.39,0.04,2009.0,Furnished,1.0,22.0,16.0,6.0,5.0,Low,Yes,Yes,"Pool, Playground, Gym, Garden",South,Builder,Under_Construction
3962.0,Tamil Nadu,Chennai,Locality_393,Property_Type,1.0,4171.0,132.78,0.03,2016.0,Furnished,4.0,28.0,9.0,5.0,6.0,High,No,No,"Garden, Gym, Pool, Playground, Clubhouse",West,Owner,Ready_to_Move
3963.0,Maharashtra,Mumbai,Locality_47,Property_Type,3.0,2985.0,160.93,0.05,1994.0,Furnished,5.0,15.0,31.0,6.0,4.0,Medium,No,No,Pool,South,Builder,Ready_to_Move
3964.0,Rajasthan,Jaipur,Locality_83,Property_Type,1.0,3228.0,389.9,0.12,1991.0,Furnished,29.0,16.0,34.0,1.0,3.0,Medium,Yes,Yes,"Garden, Gym",West,Builder,Ready_to_Move
3965.0,Madhya Pradesh,Bhopal,Locality_149,Property_Type,5.0,2786.0,69.65,0.03,2003.0,Unfurnished,7.0,5.0,22.0,2.0,8.0,Low,Yes,No,Playground,South,Builder,Under_Construction
3966.0,Odisha,Cuttack,Locality_437,Property_Type,5.0,941.0,275.12,0.29,2004.0,Unfurnished,6.0,28.0,21.0,3.0,1.0,Medium,Yes,No,"Pool, Clubhouse",South,Broker,Ready_to_Move
3967.0,Uttarakhand,Dehradun,Locality_365,Property_Type,3.0,2832.0,90.76,0.03,1990.0,Unfurnished,4.0,14.0,35.0,1.0,10.0,Medium,Yes,No,"Playground, Pool, Gym",West,Broker,Under_Construction
3968.0,Bihar,Gaya,Locality_441,Property_Type,4.0,1035.0,79.19,0.08,2020.0,Semi-furnished,16.0,30.0,5.0,7.0,10.0,Medium,No,Yes,"Playground, Clubhouse, Gym, Pool, Garden",South,Owner,Ready_to_Move
3969.0,Gujarat,Ahmedabad,Locality_89,Property_Type,3.0,1849.0,302.91,0.16,2019.0,Furnished,10.0,9.0,6.0,5.0,1.0,Low,Yes,Yes,Playground,North,Broker,Under_Construction
3970.0,Odisha,Cuttack,Locality_485,Property_Type,4.0,1364.0,56.37,0.04,2012.0,Semi-furnished,23.0,14.0,13.0,7.0,4.0,Low,Yes,No,"Playground, Garden, Pool, Clubhouse",South,Builder,Under_Construction
3971.0,Jharkhand,Jamshedpur,Locality_284,Property_Type,2.0,1898.0,150.05,0.08,2014.0,Semi-furnished,10.0,23.0,11.0,2.0,10.0,Medium,No,Yes,"Clubhouse, Pool, Playground, Gym, Garden",North,Owner,Ready_to_Move
3972.0,Chhattisgarh,Raipur,Locality_200,Property_Type,1.0,1652.0,495.84,0.3,2008.0,Furnished,11.0,6.0,17.0,4.0,1.0,Low,Yes,No,"Garden, Gym, Playground",South,Builder,Under_Construction
3973.0,Madhya Pradesh,Indore,Locality_450,Property_Type,2.0,1315.0,120.94,0.09,2005.0,Furnished,6.0,28.0,20.0,4.0,1.0,High,No,Yes,Playground,North,Broker,Under_Construction
3974.0,Madhya Pradesh,Bhopal,Locality_292,Property_Type,3.0,4722.0,260.55,0.06,2019.0,Unfurnished,28.0,27.0,6.0,7.0,10.0,Low,Yes,Yes,"Playground, Pool, Garden, Clubhouse, Gym",South,Broker,Ready_to_Move
3975.0,Gujarat,Ahmedabad,Locality_478,Property_Type,1.0,3595.0,180.61,0.05,1993.0,Furnished,18.0,22.0,32.0,4.0,1.0,High,No,Yes,Garden,East,Builder,Under_Construction
3976.0,Punjab,Ludhiana,Locality_98,Property_Type,1.0,3406.0,372.95,0.11,2018.0,Unfurnished,15.0,30.0,7.0,9.0,8.0,Low,No,Yes,"Gym, Pool, Garden, Playground, Clubhouse",East,Owner,Ready_to_Move
3977.0,Delhi,Dwarka,Locality_168,Property_Type,1.0,1167.0,179.88,0.15,2016.0,Furnished,23.0,8.0,9.0,8.0,10.0,High,No,Yes,"Clubhouse, Gym",North,Broker,Ready_to_Move
3978.0,Kerala,Trivandrum,Locality_371,Property_Type,2.0,2066.0,20.36,0.01,1992.0,Unfurnished,17.0,25.0,33.0,9.0,1.0,Medium,Yes,Yes,"Gym, Playground, Garden, Pool, Clubhouse",West,Broker,Ready_to_Move
3979.0,Maharashtra,Nagpur,Locality_169,Property_Type,5.0,3613.0,450.94,0.12,1998.0,Furnished,25.0,9.0,27.0,1.0,10.0,Medium,Yes,Yes,"Gym, Garden",East,Broker,Under_Construction
3980.0,Andhra Pradesh,Vishakhapatnam,Locality_298,Property_Type,3.0,1356.0,177.26,0.13,2009.0,Semi-furnished,7.0,28.0,16.0,9.0,1.0,Medium,Yes,No,"Playground, Gym, Pool",South,Builder,Ready_to_Move
3981.0,Karnataka,Bangalore,Locality_212,Property_Type,4.0,3525.0,216.89,0.06,2020.0,Semi-furnished,11.0,1.0,5.0,5.0,10.0,High,Yes,Yes,Clubhouse,West,Owner,Ready_to_Move
3982.0,Gujarat,Ahmedabad,Locality_119,Property_Type,5.0,3595.0,268.67,0.07,2007.0,Furnished,21.0,16.0,18.0,6.0,7.0,Low,No,Yes,"Gym, Garden",South,Owner,Under_Construction
3983.0,Jharkhand,Jamshedpur,Locality_309,Property_Type,5.0,4599.0,333.39,0.07,2001.0,Furnished,10.0,3.0,24.0,2.0,7.0,Medium,Yes,Yes,"Clubhouse, Playground",South,Builder,Ready_to_Move
3984.0,Uttar Pradesh,Noida,Locality_78,Property_Type,3.0,1542.0,39.41,0.03,2012.0,Semi-furnished,14.0,24.0,13.0,4.0,4.0,Medium,No,No,"Playground, Pool, Gym",South,Owner,Ready_to_Move
3985.0,Rajasthan,Jodhpur,Locality_163,Property_Type,5.0,4859.0,74.93,0.02,2012.0,Unfurnished,10.0,6.0,13.0,7.0,4.0,High,No,Yes,"Clubhouse, Garden, Pool, Playground, Gym",North,Broker,Ready_to_Move
3986.0,Rajasthan,Jodhpur,Locality_483,Property_Type,3.0,4500.0,453.13,0.1,2011.0,Semi-furnished,18.0,28.0,14.0,4.0,6.0,Medium,No,Yes,"Playground, Clubhouse, Pool",North,Builder,Under_Construction
3987.0,Uttar Pradesh,Lucknow,Locality_492,Property_Type,1.0,1032.0,290.76,0.28,1991.0,Unfurnished,27.0,18.0,34.0,4.0,3.0,High,Yes,Yes,"Clubhouse, Playground, Gym, Pool",East,Owner,Ready_to_Move
3988.0,Punjab,Amritsar,Locality_285,Property_Type,5.0,4606.0,466.09,0.1,2023.0,Semi-furnished,0.0,19.0,2.0,10.0,8.0,Low,No,No,"Garden, Clubhouse, Playground, Gym, Pool",East,Owner,Under_Construction
3989.0,Telangana,Warangal,Locality_405,Property_Type,5.0,4795.0,397.42,0.08,1999.0,Unfurnished,1.0,8.0,26.0,8.0,4.0,Low,No,No,"Gym, Pool, Garden, Clubhouse, Playground",West,Owner,Ready_to_Move
3990.0,Assam,Silchar,Locality_45,Property_Type,3.0,1662.0,434.87,0.26,2006.0,Semi-furnished,15.0,20.0,19.0,1.0,4.0,Low,Yes,Yes,"Clubhouse, Playground, Pool, Gym, Garden",North,Broker,Under_Construction
3991.0,Maharashtra,Nagpur,Locality_329,Property_Type,3.0,2634.0,395.78,0.15,2003.0,Furnished,21.0,17.0,22.0,10.0,5.0,Medium,No,No,"Gym, Clubhouse, Playground, Pool, Garden",North,Owner,Ready_to_Move
3992.0,Maharashtra,Pune,Locality_164,Property_Type,4.0,4253.0,116.54,0.03,2004.0,Unfurnished,4.0,6.0,21.0,10.0,9.0,High,No,No,"Pool, Playground",East,Owner,Under_Construction
3993.0,Odisha,Cuttack,Locality_231,Property_Type,4.0,4543.0,236.69,0.05,2004.0,Furnished,0.0,1.0,21.0,5.0,8.0,Medium,Yes,No,"Pool, Clubhouse, Garden, Gym, Playground",North,Builder,Under_Construction
3994.0,West Bengal,Durgapur,Locality_145,Property_Type,2.0,1516.0,19.77,0.01,2000.0,Furnished,14.0,16.0,25.0,3.0,1.0,Medium,No,No,"Garden, Clubhouse, Pool",East,Owner,Under_Construction
3995.0,Gujarat,Ahmedabad,Locality_462,Property_Type,1.0,2465.0,69.7,0.03,2014.0,Furnished,14.0,29.0,11.0,3.0,8.0,Medium,Yes,No,Garden,West,Builder,Ready_to_Move
3996.0,Uttarakhand,Dehradun,Locality_163,Property_Type,4.0,807.0,404.2,0.5,2015.0,Furnished,1.0,12.0,10.0,10.0,4.0,High,No,Yes,"Playground, Pool",East,Builder,Ready_to_Move
3997.0,Maharashtra,Pune,Locality_233,Property_Type,2.0,960.0,299.65,0.31,2007.0,Semi-furnished,1.0,9.0,18.0,10.0,6.0,Medium,No,Yes,"Garden, Playground, Clubhouse",West,Broker,Ready_to_Move
3998.0,Rajasthan,Jodhpur,Locality_146,Property_Type,3.0,1633.0,240.01,0.15,2023.0,Furnished,23.0,28.0,2.0,3.0,3.0,Medium,Yes,No,Playground,West,Owner,Ready_to_Move
3999.0,Punjab,Ludhiana,Locality_101,Property_Type,4.0,1998.0,418.33,0.21,2015.0,Semi-furnished,4.0,27.0,10.0,8.0,4.0,High,No,No,Garden,East,Owner,Ready_to_Move
4000.0,Uttarakhand,Haridwar,Locality_24,Property_Type,1.0,1768.0,95.48,0.05,2009.0,Semi-furnished,28.0,6.0,16.0,3.0,4.0,Medium,Yes,Yes,"Pool, Garden",East,Broker,Under_Construction
4001.0,Kerala,Kochi,Locality_55,Property_Type,1.0,1991.0,157.15,0.08,2016.0,Furnished,22.0,20.0,9.0,1.0,1.0,Low,No,Yes,Gym,East,Builder,Under_Construction
4002.0,Punjab,Ludhiana,Locality_84,Property_Type,2.0,2206.0,379.52,0.17,2006.0,Semi-furnished,23.0,1.0,19.0,2.0,4.0,High,Yes,No,"Clubhouse, Gym, Pool, Garden, Playground",South,Broker,Ready_to_Move
4003.0,Telangana,Hyderabad,Locality_340,Property_Type,5.0,1034.0,304.26,0.29,2007.0,Unfurnished,30.0,24.0,18.0,4.0,1.0,Low,No,No,"Clubhouse, Pool, Gym, Playground, Garden",South,Owner,Ready_to_Move
4004.0,Andhra Pradesh,Vishakhapatnam,Locality_411,Property_Type,5.0,3574.0,100.52,0.03,1997.0,Unfurnished,14.0,1.0,28.0,5.0,3.0,High,Yes,No,"Playground, Clubhouse, Garden, Gym, Pool",West,Builder,Ready_to_Move
4005.0,Madhya Pradesh,Indore,Locality_362,Property_Type,3.0,1765.0,449.33,0.25,2015.0,Unfurnished,27.0,8.0,10.0,3.0,1.0,High,Yes,No,"Pool, Clubhouse",South,Broker,Ready_to_Move
4006.0,Bihar,Gaya,Locality_158,Property_Type,2.0,3191.0,164.64,0.05,2005.0,Semi-furnished,12.0,29.0,20.0,5.0,2.0,Medium,No,Yes,"Pool, Gym",North,Broker,Under_Construction
4007.0,Punjab,Amritsar,Locality_317,Property_Type,5.0,3387.0,304.21,0.09,2021.0,Semi-furnished,27.0,12.0,4.0,2.0,10.0,High,Yes,No,Gym,South,Owner,Under_Construction
4008.0,Uttar Pradesh,Lucknow,Locality_92,Property_Type,1.0,1400.0,477.58,0.34,1997.0,Unfurnished,22.0,6.0,28.0,8.0,9.0,High,No,Yes,Clubhouse,West,Owner,Ready_to_Move
4009.0,Bihar,Gaya,Locality_426,Property_Type,5.0,1191.0,365.05,0.31,2009.0,Furnished,13.0,3.0,16.0,5.0,9.0,Low,No,Yes,"Pool, Gym, Clubhouse, Garden",West,Broker,Ready_to_Move
4010.0,Kerala,Kochi,Locality_35,Property_Type,5.0,1773.0,54.27,0.03,2014.0,Semi-furnished,17.0,30.0,11.0,4.0,1.0,Medium,Yes,Yes,"Gym, Pool, Playground",South,Builder,Ready_to_Move
4011.0,Assam,Guwahati,Locality_423,Property_Type,5.0,4501.0,261.05,0.06,1995.0,Furnished,21.0,18.0,30.0,3.0,2.0,Medium,Yes,Yes,"Playground, Clubhouse, Gym, Garden",North,Owner,Ready_to_Move
4012.0,Uttarakhand,Dehradun,Locality_257,Property_Type,1.0,1398.0,403.83,0.29,1995.0,Semi-furnished,29.0,6.0,30.0,2.0,4.0,High,No,Yes,"Garden, Gym",North,Owner,Ready_to_Move
4013.0,Andhra Pradesh,Vijayawada,Locality_62,Property_Type,3.0,3252.0,282.06,0.09,2012.0,Furnished,3.0,10.0,13.0,6.0,6.0,High,Yes,Yes,Garden,South,Broker,Ready_to_Move
4014.0,Jharkhand,Jamshedpur,Locality_393,Property_Type,5.0,1284.0,227.31,0.18,2018.0,Unfurnished,0.0,17.0,7.0,9.0,1.0,Medium,Yes,Yes,"Playground, Gym, Garden, Clubhouse",West,Broker,Ready_to_Move
4015.0,Tamil Nadu,Chennai,Locality_145,Property_Type,5.0,2158.0,343.1,0.16,1990.0,Furnished,11.0,2.0,35.0,8.0,10.0,Low,Yes,Yes,Garden,East,Builder,Under_Construction
4016.0,Maharashtra,Pune,Locality_12,Property_Type,3.0,3952.0,60.71,0.02,2022.0,Semi-furnished,3.0,11.0,3.0,3.0,4.0,Low,No,Yes,"Gym, Garden",West,Builder,Ready_to_Move
4017.0,Assam,Silchar,Locality_7,Property_Type,3.0,3031.0,241.5,0.08,2000.0,Unfurnished,17.0,25.0,25.0,10.0,2.0,Low,No,Yes,"Clubhouse, Pool, Gym, Playground, Garden",East,Broker,Ready_to_Move
4018.0,Madhya Pradesh,Indore,Locality_211,Property_Type,5.0,2467.0,252.36,0.1,2009.0,Semi-furnished,22.0,1.0,16.0,2.0,4.0,High,Yes,Yes,"Garden, Clubhouse, Pool",East,Broker,Ready_to_Move
4019.0,Chhattisgarh,Raipur,Locality_466,Property_Type,3.0,4119.0,241.01,0.06,1992.0,Furnished,6.0,8.0,33.0,2.0,6.0,Low,Yes,Yes,"Garden, Playground",West,Broker,Under_Construction
4020.0,Uttarakhand,Dehradun,Locality_235,Property_Type,1.0,2009.0,141.34,0.07,2013.0,Furnished,0.0,20.0,12.0,7.0,10.0,High,Yes,No,Playground,East,Builder,Under_Construction
4021.0,Uttarakhand,Haridwar,Locality_464,Property_Type,4.0,3719.0,377.89,0.1,2021.0,Semi-furnished,3.0,11.0,4.0,10.0,5.0,Low,Yes,Yes,"Playground, Garden, Pool, Gym, Clubhouse",South,Owner,Ready_to_Move
4022.0,Kerala,Trivandrum,Locality_302,Property_Type,1.0,1568.0,12.25,0.01,2001.0,Unfurnished,0.0,5.0,24.0,8.0,6.0,High,Yes,No,"Garden, Playground",South,Broker,Ready_to_Move
4023.0,Kerala,Kochi,Locality_388,Property_Type,5.0,2592.0,338.86,0.13,1992.0,Furnished,21.0,27.0,33.0,2.0,9.0,High,No,Yes,"Clubhouse, Pool, Gym, Garden, Playground",East,Broker,Under_Construction
4024.0,Tamil Nadu,Coimbatore,Locality_161,Property_Type,5.0,2568.0,73.1,0.03,2013.0,Semi-furnished,11.0,13.0,12.0,6.0,4.0,High,Yes,Yes,"Gym, Garden",South,Broker,Ready_to_Move
4025.0,Odisha,Bhubaneswar,Locality_197,Property_Type,5.0,3888.0,200.79,0.05,1998.0,Semi-furnished,12.0,30.0,27.0,6.0,10.0,Medium,No,Yes,"Playground, Clubhouse, Pool, Garden",North,Owner,Under_Construction
4026.0,Delhi,New Delhi,Locality_441,Property_Type,2.0,4497.0,14.59,0.0,2003.0,Furnished,5.0,3.0,22.0,7.0,7.0,Low,No,No,"Pool, Gym, Playground, Garden",East,Broker,Ready_to_Move
4027.0,Haryana,Gurgaon,Locality_362,Property_Type,1.0,906.0,350.78,0.39,2011.0,Semi-furnished,22.0,26.0,14.0,6.0,6.0,Low,No,No,"Playground, Pool, Gym, Garden, Clubhouse",North,Builder,Under_Construction
4028.0,Punjab,Amritsar,Locality_428,Property_Type,5.0,2971.0,29.93,0.01,1992.0,Semi-furnished,25.0,17.0,33.0,10.0,6.0,Medium,Yes,Yes,"Playground, Gym",North,Builder,Ready_to_Move
4029.0,Haryana,Gurgaon,Locality_370,Property_Type,2.0,3744.0,227.37,0.06,1996.0,Unfurnished,11.0,13.0,29.0,8.0,5.0,Medium,No,No,"Garden, Gym, Clubhouse, Playground",East,Builder,Under_Construction
4030.0,Punjab,Ludhiana,Locality_157,Property_Type,1.0,3396.0,63.25,0.02,1995.0,Unfurnished,14.0,27.0,30.0,3.0,4.0,Medium,Yes,No,"Pool, Garden, Playground",West,Owner,Under_Construction
4031.0,Punjab,Amritsar,Locality_257,Property_Type,4.0,2607.0,421.09,0.16,1993.0,Semi-furnished,24.0,11.0,32.0,3.0,8.0,Low,No,No,"Clubhouse, Playground",West,Broker,Under_Construction
4032.0,Kerala,Trivandrum,Locality_62,Property_Type,2.0,4240.0,186.26,0.04,2003.0,Unfurnished,2.0,2.0,22.0,8.0,8.0,Medium,No,Yes,"Playground, Garden, Gym, Clubhouse, Pool",West,Broker,Under_Construction
4033.0,Uttar Pradesh,Noida,Locality_498,Property_Type,1.0,3723.0,426.28,0.11,2020.0,Furnished,29.0,19.0,5.0,9.0,9.0,Low,No,No,"Garden, Gym, Playground, Clubhouse",East,Broker,Under_Construction
4034.0,West Bengal,Kolkata,Locality_450,Property_Type,2.0,3958.0,18.77,0.0,1997.0,Unfurnished,22.0,18.0,28.0,9.0,2.0,Medium,No,Yes,"Gym, Playground, Pool",South,Builder,Ready_to_Move
4035.0,Assam,Guwahati,Locality_46,Property_Type,1.0,1222.0,239.73,0.2,2006.0,Unfurnished,29.0,7.0,19.0,6.0,7.0,Low,Yes,Yes,"Gym, Clubhouse, Garden, Playground",North,Owner,Under_Construction
4036.0,Rajasthan,Jodhpur,Locality_306,Property_Type,4.0,4317.0,216.18,0.05,1997.0,Semi-furnished,8.0,4.0,28.0,9.0,8.0,Medium,Yes,Yes,"Gym, Pool, Clubhouse, Playground",North,Builder,Under_Construction
4037.0,Karnataka,Bangalore,Locality_243,Property_Type,3.0,2286.0,146.82,0.06,1994.0,Semi-furnished,1.0,21.0,31.0,3.0,5.0,Medium,No,Yes,Gym,South,Owner,Ready_to_Move
4038.0,Uttarakhand,Dehradun,Locality_125,Property_Type,2.0,2438.0,100.28,0.04,1995.0,Furnished,21.0,27.0,30.0,7.0,2.0,Low,No,Yes,Gym,West,Builder,Under_Construction
4039.0,Andhra Pradesh,Vijayawada,Locality_149,Property_Type,4.0,3427.0,96.19,0.03,1999.0,Unfurnished,25.0,4.0,26.0,10.0,5.0,Low,No,No,"Gym, Pool",North,Builder,Ready_to_Move
4040.0,Haryana,Faridabad,Locality_286,Property_Type,2.0,3958.0,359.49,0.09,2006.0,Semi-furnished,27.0,30.0,19.0,7.0,4.0,High,No,No,"Pool, Garden, Playground, Clubhouse",North,Builder,Under_Construction
4041.0,West Bengal,Kolkata,Locality_226,Property_Type,3.0,2458.0,317.1,0.13,2007.0,Unfurnished,11.0,21.0,18.0,3.0,3.0,High,No,Yes,"Clubhouse, Garden, Pool",South,Broker,Ready_to_Move
4042.0,Maharashtra,Mumbai,Locality_23,Property_Type,2.0,1181.0,408.85,0.35,2020.0,Unfurnished,22.0,20.0,5.0,10.0,2.0,High,Yes,No,"Gym, Garden, Playground, Clubhouse",North,Broker,Under_Construction
4043.0,Odisha,Cuttack,Locality_306,Property_Type,5.0,4260.0,285.93,0.07,2022.0,Furnished,13.0,10.0,3.0,9.0,1.0,High,Yes,No,Clubhouse,West,Owner,Ready_to_Move
4044.0,Kerala,Kochi,Locality_5,Property_Type,3.0,3693.0,425.06,0.12,1994.0,Semi-furnished,26.0,13.0,31.0,9.0,7.0,Medium,Yes,No,"Clubhouse, Pool, Gym, Playground, Garden",North,Owner,Ready_to_Move
4045.0,Punjab,Ludhiana,Locality_18,Property_Type,1.0,4854.0,480.97,0.1,2020.0,Unfurnished,25.0,29.0,5.0,9.0,2.0,High,Yes,No,"Playground, Clubhouse, Gym, Pool, Garden",East,Owner,Under_Construction
4046.0,Telangana,Hyderabad,Locality_322,Property_Type,3.0,691.0,11.83,0.02,2017.0,Furnished,16.0,11.0,8.0,1.0,9.0,High,Yes,No,"Clubhouse, Gym, Pool, Playground, Garden",South,Broker,Ready_to_Move
4047.0,Andhra Pradesh,Vishakhapatnam,Locality_199,Property_Type,3.0,1102.0,352.28,0.32,2018.0,Unfurnished,25.0,9.0,7.0,9.0,8.0,Medium,Yes,No,"Gym, Pool, Garden, Clubhouse",West,Builder,Under_Construction
4048.0,Andhra Pradesh,Vijayawada,Locality_349,Property_Type,5.0,4397.0,162.28,0.04,2008.0,Furnished,26.0,28.0,17.0,6.0,9.0,Low,No,No,"Playground, Pool",South,Builder,Under_Construction
4049.0,Karnataka,Mysore,Locality_56,Property_Type,4.0,772.0,289.99,0.38,2001.0,Furnished,19.0,9.0,24.0,1.0,8.0,Low,Yes,No,"Garden, Gym",East,Broker,Ready_to_Move
4050.0,Jharkhand,Ranchi,Locality_220,Property_Type,3.0,3851.0,347.37,0.09,2014.0,Semi-furnished,11.0,19.0,11.0,10.0,8.0,Medium,No,Yes,"Clubhouse, Playground, Gym, Garden, Pool",East,Owner,Under_Construction
4051.0,Jharkhand,Jamshedpur,Locality_292,Property_Type,4.0,1520.0,240.48,0.16,2016.0,Unfurnished,5.0,22.0,9.0,6.0,7.0,Low,Yes,No,Garden,West,Builder,Under_Construction
4052.0,Uttar Pradesh,Noida,Locality_103,Property_Type,3.0,2351.0,191.96,0.08,2019.0,Furnished,0.0,5.0,6.0,2.0,4.0,Low,Yes,Yes,"Pool, Gym, Clubhouse",East,Owner,Under_Construction
4053.0,Haryana,Faridabad,Locality_115,Property_Type,4.0,673.0,498.68,0.74,2009.0,Semi-furnished,27.0,22.0,16.0,8.0,6.0,Low,Yes,No,"Clubhouse, Garden, Pool, Playground, Gym",East,Broker,Under_Construction
4054.0,Rajasthan,Jaipur,Locality_123,Property_Type,4.0,550.0,201.59,0.37,1995.0,Semi-furnished,19.0,20.0,30.0,2.0,1.0,High,Yes,No,"Garden, Gym",North,Builder,Under_Construction
4055.0,Chhattisgarh,Bilaspur,Locality_146,Property_Type,3.0,1396.0,273.53,0.2,2005.0,Semi-furnished,25.0,30.0,20.0,5.0,7.0,Low,Yes,No,"Playground, Gym, Garden",West,Broker,Under_Construction
4056.0,Odisha,Cuttack,Locality_155,Property_Type,2.0,1138.0,329.46,0.29,1998.0,Furnished,13.0,24.0,27.0,3.0,7.0,High,No,Yes,"Clubhouse, Gym, Garden, Playground, Pool",West,Builder,Ready_to_Move
4057.0,Madhya Pradesh,Indore,Locality_436,Property_Type,5.0,4346.0,25.67,0.01,2015.0,Furnished,17.0,3.0,10.0,6.0,3.0,Low,No,Yes,"Garden, Gym",North,Builder,Under_Construction
4058.0,Assam,Guwahati,Locality_45,Property_Type,5.0,2148.0,484.11,0.23,2009.0,Furnished,5.0,11.0,16.0,8.0,8.0,Low,Yes,No,"Gym, Garden, Clubhouse, Pool, Playground",East,Builder,Ready_to_Move
4059.0,Kerala,Trivandrum,Locality_439,Property_Type,3.0,1301.0,408.76,0.31,2022.0,Semi-furnished,17.0,15.0,3.0,4.0,4.0,High,No,No,"Pool, Playground, Gym, Clubhouse, Garden",East,Broker,Ready_to_Move
4060.0,Gujarat,Surat,Locality_245,Property_Type,3.0,4133.0,422.16,0.1,2010.0,Furnished,24.0,28.0,15.0,5.0,7.0,Medium,Yes,No,Pool,West,Owner,Under_Construction
4061.0,Chhattisgarh,Bilaspur,Locality_210,Property_Type,1.0,1820.0,480.58,0.26,2013.0,Semi-furnished,8.0,29.0,12.0,6.0,10.0,Medium,Yes,No,"Garden, Gym",East,Owner,Ready_to_Move
4062.0,Gujarat,Ahmedabad,Locality_248,Property_Type,2.0,2941.0,240.78,0.08,2002.0,Unfurnished,1.0,17.0,23.0,2.0,10.0,Medium,No,No,Gym,South,Builder,Under_Construction
4063.0,Kerala,Trivandrum,Locality_479,Property_Type,5.0,3215.0,266.62,0.08,2023.0,Semi-furnished,6.0,10.0,2.0,7.0,9.0,Low,No,No,Pool,North,Builder,Ready_to_Move
4064.0,Tamil Nadu,Chennai,Locality_400,Property_Type,2.0,2162.0,166.78,0.08,2002.0,Semi-furnished,5.0,2.0,23.0,4.0,4.0,High,Yes,No,"Garden, Clubhouse, Pool, Gym, Playground",East,Broker,Ready_to_Move
4065.0,Odisha,Bhubaneswar,Locality_43,Property_Type,4.0,2405.0,498.74,0.21,2017.0,Semi-furnished,0.0,12.0,8.0,8.0,8.0,Low,No,Yes,"Gym, Playground",South,Owner,Ready_to_Move
4066.0,West Bengal,Durgapur,Locality_96,Property_Type,2.0,1464.0,295.28,0.2,2008.0,Furnished,3.0,23.0,17.0,9.0,9.0,Medium,Yes,No,Garden,South,Owner,Under_Construction
4067.0,Punjab,Ludhiana,Locality_291,Property_Type,2.0,4902.0,320.62,0.07,1995.0,Unfurnished,1.0,28.0,30.0,8.0,4.0,Low,No,No,"Pool, Gym",West,Owner,Ready_to_Move
4068.0,Chhattisgarh,Raipur,Locality_196,Property_Type,5.0,1488.0,17.3,0.01,2019.0,Unfurnished,23.0,25.0,6.0,4.0,8.0,Medium,Yes,Yes,"Garden, Clubhouse, Gym, Pool",East,Broker,Under_Construction
4069.0,Gujarat,Ahmedabad,Locality_289,Property_Type,2.0,3407.0,448.01,0.13,2012.0,Furnished,21.0,11.0,13.0,6.0,5.0,Low,Yes,No,Pool,West,Owner,Ready_to_Move
4070.0,Haryana,Gurgaon,Locality_474,Property_Type,5.0,3422.0,223.48,0.07,2010.0,Furnished,9.0,6.0,15.0,3.0,9.0,High,No,No,"Gym, Playground, Garden, Clubhouse",West,Builder,Ready_to_Move
4071.0,Delhi,Dwarka,Locality_53,Property_Type,1.0,3510.0,416.92,0.12,1997.0,Furnished,25.0,17.0,28.0,1.0,5.0,Medium,No,No,Garden,North,Builder,Ready_to_Move
4072.0,Rajasthan,Jodhpur,Locality_237,Property_Type,1.0,911.0,103.97,0.11,2008.0,Semi-furnished,27.0,23.0,17.0,3.0,3.0,Medium,No,No,"Pool, Gym, Garden, Clubhouse, Playground",South,Builder,Ready_to_Move
4073.0,Madhya Pradesh,Bhopal,Locality_3,Property_Type,2.0,1530.0,340.59,0.22,2004.0,Furnished,21.0,10.0,21.0,9.0,8.0,High,No,No,"Playground, Gym",North,Broker,Ready_to_Move
4074.0,Rajasthan,Jodhpur,Locality_472,Property_Type,5.0,4712.0,24.69,0.01,2004.0,Unfurnished,7.0,16.0,21.0,1.0,3.0,Medium,Yes,Yes,"Garden, Playground, Gym, Pool",East,Builder,Under_Construction
4075.0,Kerala,Kochi,Locality_287,Property_Type,1.0,3965.0,304.09,0.08,2010.0,Semi-furnished,10.0,25.0,15.0,8.0,1.0,Medium,Yes,Yes,"Pool, Clubhouse, Playground, Garden",West,Owner,Ready_to_Move
4076.0,Telangana,Hyderabad,Locality_330,Property_Type,1.0,3900.0,125.78,0.03,2007.0,Unfurnished,30.0,16.0,18.0,10.0,5.0,Medium,Yes,No,"Gym, Playground, Pool, Garden",West,Broker,Under_Construction
4077.0,Haryana,Faridabad,Locality_242,Property_Type,1.0,4657.0,378.3,0.08,2002.0,Unfurnished,24.0,19.0,23.0,10.0,6.0,High,Yes,Yes,Pool,East,Broker,Ready_to_Move
4078.0,Madhya Pradesh,Bhopal,Locality_81,Property_Type,2.0,1595.0,448.46,0.28,1991.0,Semi-furnished,4.0,1.0,34.0,4.0,8.0,High,Yes,Yes,"Gym, Pool",South,Builder,Ready_to_Move
4079.0,Punjab,Ludhiana,Locality_309,Property_Type,5.0,1235.0,255.47,0.21,2013.0,Semi-furnished,17.0,11.0,12.0,3.0,1.0,Low,Yes,Yes,"Clubhouse, Pool, Garden",East,Builder,Under_Construction
4080.0,Jharkhand,Jamshedpur,Locality_154,Property_Type,5.0,2299.0,39.45,0.02,2016.0,Furnished,27.0,28.0,9.0,2.0,6.0,Low,No,Yes,"Garden, Playground, Pool",South,Broker,Ready_to_Move
4081.0,Kerala,Trivandrum,Locality_121,Property_Type,1.0,2792.0,422.77,0.15,2011.0,Furnished,27.0,22.0,14.0,8.0,6.0,Medium,Yes,No,"Clubhouse, Playground",South,Builder,Under_Construction
4082.0,Bihar,Gaya,Locality_200,Property_Type,4.0,2909.0,463.83,0.16,1998.0,Semi-furnished,6.0,20.0,27.0,9.0,1.0,Low,Yes,Yes,"Pool, Playground, Gym, Clubhouse",West,Owner,Under_Construction
4083.0,Tamil Nadu,Chennai,Locality_395,Property_Type,2.0,1022.0,437.4,0.43,1996.0,Furnished,5.0,24.0,29.0,3.0,3.0,Medium,Yes,Yes,"Garden, Clubhouse, Pool",North,Owner,Under_Construction
4084.0,Odisha,Bhubaneswar,Locality_42,Property_Type,5.0,4903.0,187.85,0.04,1991.0,Semi-furnished,19.0,7.0,34.0,3.0,2.0,Low,No,No,"Clubhouse, Pool",South,Owner,Under_Construction
4085.0,Karnataka,Mangalore,Locality_322,Property_Type,1.0,4933.0,369.06,0.07,2007.0,Furnished,1.0,26.0,18.0,1.0,7.0,Low,No,No,"Garden, Gym",East,Builder,Under_Construction
4086.0,Jharkhand,Ranchi,Locality_329,Property_Type,3.0,3703.0,94.61,0.03,2001.0,Semi-furnished,16.0,19.0,24.0,8.0,8.0,High,Yes,No,"Garden, Playground, Pool, Clubhouse",West,Builder,Under_Construction
4087.0,Jharkhand,Jamshedpur,Locality_187,Property_Type,1.0,2572.0,73.29,0.03,1990.0,Furnished,2.0,4.0,35.0,10.0,8.0,Medium,Yes,No,"Pool, Clubhouse, Playground, Gym",East,Builder,Ready_to_Move
4088.0,Uttarakhand,Haridwar,Locality_100,Property_Type,4.0,4150.0,130.72,0.03,1997.0,Furnished,25.0,18.0,28.0,7.0,4.0,High,Yes,No,"Playground, Garden",East,Owner,Ready_to_Move
4089.0,Delhi,Dwarka,Locality_399,Property_Type,4.0,1563.0,204.8,0.13,2001.0,Semi-furnished,18.0,21.0,24.0,4.0,8.0,Low,Yes,No,"Garden, Playground, Clubhouse",South,Owner,Ready_to_Move
4090.0,Odisha,Bhubaneswar,Locality_405,Property_Type,2.0,4332.0,456.29,0.11,1991.0,Unfurnished,19.0,9.0,34.0,3.0,9.0,Low,Yes,No,Playground,South,Builder,Ready_to_Move
4091.0,Uttar Pradesh,Lucknow,Locality_497,Property_Type,2.0,3654.0,444.44,0.12,2019.0,Semi-furnished,23.0,16.0,6.0,4.0,7.0,High,No,Yes,Pool,North,Broker,Ready_to_Move
4092.0,Assam,Guwahati,Locality_443,Property_Type,1.0,3047.0,317.6,0.1,2015.0,Semi-furnished,24.0,26.0,10.0,8.0,7.0,High,No,Yes,Clubhouse,East,Owner,Under_Construction
4093.0,Tamil Nadu,Chennai,Locality_268,Property_Type,3.0,3760.0,40.09,0.01,2019.0,Semi-furnished,12.0,3.0,6.0,8.0,7.0,Low,No,No,Gym,South,Builder,Under_Construction
4094.0,Andhra Pradesh,Vishakhapatnam,Locality_260,Property_Type,5.0,1012.0,27.36,0.03,1991.0,Unfurnished,7.0,10.0,34.0,3.0,9.0,Medium,No,No,"Gym, Garden",North,Builder,Under_Construction
4095.0,Assam,Silchar,Locality_177,Property_Type,1.0,1698.0,262.25,0.15,2010.0,Unfurnished,28.0,22.0,15.0,4.0,4.0,High,Yes,No,Garden,West,Owner,Under_Construction
4096.0,Kerala,Trivandrum,Locality_388,Property_Type,5.0,2465.0,70.95,0.03,2014.0,Semi-furnished,24.0,27.0,11.0,2.0,7.0,Low,No,Yes,"Pool, Playground, Clubhouse",South,Broker,Under_Construction
4097.0,Telangana,Warangal,Locality_187,Property_Type,5.0,1939.0,73.49,0.04,2020.0,Furnished,7.0,25.0,5.0,3.0,3.0,Medium,Yes,No,"Gym, Playground, Pool, Clubhouse, Garden",North,Builder,Under_Construction
4098.0,Karnataka,Bangalore,Locality_61,Property_Type,2.0,1448.0,69.05,0.05,1991.0,Unfurnished,6.0,4.0,34.0,9.0,9.0,Medium,No,Yes,Garden,North,Owner,Under_Construction
4099.0,West Bengal,Kolkata,Locality_261,Property_Type,4.0,3704.0,38.05,0.01,2002.0,Semi-furnished,11.0,13.0,23.0,3.0,7.0,Medium,No,No,"Pool, Clubhouse, Garden, Gym, Playground",East,Owner,Ready_to_Move
4100.0,West Bengal,Kolkata,Locality_196,Property_Type,2.0,3813.0,136.4,0.04,2009.0,Semi-furnished,10.0,3.0,16.0,3.0,3.0,Medium,Yes,No,"Pool, Gym, Clubhouse, Garden",North,Builder,Under_Construction
4101.0,Uttar Pradesh,Noida,Locality_261,Property_Type,1.0,1516.0,111.56,0.07,2013.0,Semi-furnished,20.0,3.0,12.0,2.0,8.0,Medium,Yes,No,"Clubhouse, Playground, Garden",East,Builder,Under_Construction
4102.0,Haryana,Gurgaon,Locality_268,Property_Type,5.0,562.0,292.25,0.52,2014.0,Semi-furnished,5.0,14.0,11.0,3.0,6.0,Low,Yes,No,"Garden, Playground, Pool",East,Broker,Ready_to_Move
4103.0,Telangana,Hyderabad,Locality_155,Property_Type,5.0,1763.0,91.18,0.05,2004.0,Semi-furnished,22.0,17.0,21.0,5.0,8.0,High,Yes,No,"Pool, Clubhouse, Playground, Gym",East,Broker,Ready_to_Move
4104.0,Jharkhand,Ranchi,Locality_187,Property_Type,5.0,2750.0,346.79,0.13,1990.0,Furnished,19.0,13.0,35.0,2.0,9.0,High,Yes,Yes,"Clubhouse, Garden, Pool, Playground",East,Builder,Under_Construction
4105.0,Bihar,Gaya,Locality_317,Property_Type,3.0,2318.0,484.26,0.21,1991.0,Semi-furnished,18.0,17.0,34.0,9.0,7.0,Medium,Yes,No,"Pool, Gym, Clubhouse",North,Owner,Ready_to_Move
4106.0,West Bengal,Kolkata,Locality_479,Property_Type,1.0,4399.0,495.77,0.11,1997.0,Furnished,11.0,24.0,28.0,4.0,6.0,Low,Yes,No,"Garden, Gym, Pool, Playground, Clubhouse",South,Broker,Ready_to_Move
4107.0,Haryana,Gurgaon,Locality_108,Property_Type,5.0,4600.0,374.66,0.08,2014.0,Furnished,13.0,12.0,11.0,9.0,4.0,High,Yes,No,Pool,East,Builder,Under_Construction
4108.0,Gujarat,Ahmedabad,Locality_137,Property_Type,3.0,884.0,274.02,0.31,2000.0,Unfurnished,20.0,14.0,25.0,7.0,6.0,Low,No,No,Gym,South,Builder,Under_Construction
4109.0,Delhi,New Delhi,Locality_301,Property_Type,3.0,2303.0,298.47,0.13,2002.0,Unfurnished,23.0,11.0,23.0,9.0,1.0,High,Yes,Yes,"Garden, Pool, Clubhouse, Playground",West,Owner,Under_Construction
4110.0,Odisha,Cuttack,Locality_385,Property_Type,5.0,2337.0,25.79,0.01,2007.0,Furnished,18.0,25.0,18.0,4.0,6.0,Medium,No,No,"Playground, Gym",South,Builder,Ready_to_Move
4111.0,Haryana,Gurgaon,Locality_87,Property_Type,4.0,4935.0,191.93,0.04,2010.0,Furnished,19.0,29.0,15.0,9.0,10.0,High,No,No,"Clubhouse, Playground, Gym, Pool",South,Owner,Under_Construction
4112.0,Gujarat,Surat,Locality_171,Property_Type,3.0,3234.0,448.03,0.14,1996.0,Unfurnished,23.0,13.0,29.0,1.0,1.0,High,Yes,No,Gym,North,Broker,Under_Construction
4113.0,Haryana,Faridabad,Locality_461,Property_Type,4.0,4088.0,379.31,0.09,2008.0,Unfurnished,0.0,2.0,17.0,10.0,1.0,High,Yes,Yes,"Playground, Pool",East,Broker,Under_Construction
4114.0,Karnataka,Bangalore,Locality_78,Property_Type,5.0,3814.0,17.8,0.0,2002.0,Semi-furnished,19.0,23.0,23.0,9.0,3.0,Low,No,No,"Pool, Garden, Clubhouse, Playground, Gym",South,Broker,Under_Construction
4115.0,Maharashtra,Nagpur,Locality_69,Property_Type,1.0,1246.0,284.23,0.23,2000.0,Semi-furnished,9.0,29.0,25.0,4.0,4.0,Medium,Yes,No,"Garden, Clubhouse",West,Broker,Ready_to_Move
4116.0,Bihar,Gaya,Locality_310,Property_Type,5.0,802.0,135.1,0.17,2010.0,Unfurnished,25.0,24.0,15.0,9.0,4.0,Medium,Yes,Yes,"Gym, Clubhouse, Playground, Pool, Garden",East,Owner,Under_Construction
4117.0,Punjab,Amritsar,Locality_219,Property_Type,5.0,3674.0,444.46,0.12,2000.0,Furnished,14.0,8.0,25.0,6.0,10.0,Low,Yes,Yes,"Pool, Playground, Garden",West,Owner,Under_Construction
4118.0,Uttar Pradesh,Lucknow,Locality_297,Property_Type,2.0,2241.0,271.92,0.12,2017.0,Semi-furnished,8.0,22.0,8.0,4.0,1.0,High,No,Yes,"Pool, Clubhouse",East,Builder,Under_Construction
4119.0,Gujarat,Ahmedabad,Locality_477,Property_Type,4.0,592.0,497.56,0.84,2020.0,Unfurnished,14.0,25.0,5.0,8.0,8.0,Medium,No,No,"Garden, Playground",East,Owner,Under_Construction
4120.0,Jharkhand,Ranchi,Locality_215,Property_Type,3.0,1902.0,365.44,0.19,2011.0,Unfurnished,21.0,11.0,14.0,8.0,4.0,High,No,No,"Gym, Clubhouse, Garden",North,Builder,Under_Construction
4121.0,Gujarat,Ahmedabad,Locality_15,Property_Type,2.0,1145.0,272.94,0.24,2021.0,Unfurnished,24.0,27.0,4.0,7.0,8.0,Medium,No,No,"Clubhouse, Playground, Gym",South,Owner,Under_Construction
4122.0,Odisha,Cuttack,Locality_178,Property_Type,5.0,4593.0,363.19,0.08,2018.0,Semi-furnished,22.0,19.0,7.0,2.0,4.0,Medium,Yes,Yes,Playground,West,Owner,Under_Construction
4123.0,Delhi,Dwarka,Locality_106,Property_Type,4.0,4173.0,89.47,0.02,2020.0,Furnished,23.0,22.0,5.0,4.0,7.0,Low,Yes,No,"Playground, Pool, Clubhouse, Gym, Garden",North,Owner,Ready_to_Move
4124.0,West Bengal,Kolkata,Locality_147,Property_Type,5.0,2957.0,205.41,0.07,2021.0,Semi-furnished,30.0,22.0,4.0,10.0,5.0,Low,No,Yes,"Clubhouse, Gym, Pool",East,Builder,Ready_to_Move
4125.0,Uttarakhand,Dehradun,Locality_225,Property_Type,1.0,3150.0,462.04,0.15,1990.0,Unfurnished,2.0,26.0,35.0,8.0,4.0,Low,Yes,Yes,Playground,East,Owner,Under_Construction
4126.0,Telangana,Warangal,Locality_302,Property_Type,4.0,3658.0,273.07,0.07,2004.0,Furnished,26.0,10.0,21.0,8.0,1.0,High,No,No,"Garden, Playground, Clubhouse",East,Builder,Under_Construction
4127.0,Telangana,Hyderabad,Locality_231,Property_Type,2.0,3532.0,228.84,0.06,2015.0,Furnished,28.0,5.0,10.0,4.0,7.0,Low,Yes,Yes,"Pool, Clubhouse",West,Broker,Under_Construction
4128.0,Andhra Pradesh,Vijayawada,Locality_109,Property_Type,4.0,3355.0,236.33,0.07,1992.0,Furnished,27.0,13.0,33.0,6.0,5.0,Low,No,Yes,"Pool, Garden, Playground",West,Builder,Ready_to_Move
4129.0,Telangana,Warangal,Locality_307,Property_Type,2.0,799.0,26.69,0.03,2005.0,Unfurnished,10.0,20.0,20.0,6.0,7.0,Low,No,No,Clubhouse,West,Broker,Ready_to_Move
4130.0,Odisha,Bhubaneswar,Locality_156,Property_Type,1.0,4543.0,211.71,0.05,2023.0,Furnished,15.0,27.0,2.0,1.0,1.0,Medium,No,No,"Clubhouse, Playground, Pool, Garden, Gym",West,Owner,Ready_to_Move
4131.0,Andhra Pradesh,Vijayawada,Locality_315,Property_Type,5.0,1391.0,278.72,0.2,2018.0,Furnished,26.0,19.0,7.0,2.0,1.0,High,Yes,Yes,"Playground, Clubhouse, Gym",East,Owner,Under_Construction
4132.0,Maharashtra,Nagpur,Locality_367,Property_Type,1.0,2514.0,436.67,0.17,2004.0,Semi-furnished,8.0,6.0,21.0,9.0,5.0,Medium,Yes,Yes,Garden,North,Owner,Under_Construction
4133.0,Karnataka,Mangalore,Locality_30,Property_Type,5.0,1781.0,116.46,0.07,2020.0,Semi-furnished,1.0,17.0,5.0,2.0,1.0,Low,No,Yes,"Pool, Clubhouse",West,Owner,Under_Construction
4134.0,Chhattisgarh,Bilaspur,Locality_311,Property_Type,5.0,3829.0,440.42,0.12,2022.0,Furnished,19.0,2.0,3.0,1.0,1.0,Low,Yes,Yes,"Garden, Playground, Pool, Clubhouse, Gym",West,Builder,Ready_to_Move
4135.0,Uttar Pradesh,Noida,Locality_21,Property_Type,2.0,3986.0,405.6,0.1,2014.0,Furnished,4.0,21.0,11.0,6.0,10.0,Low,No,Yes,Pool,East,Owner,Under_Construction
4136.0,Madhya Pradesh,Bhopal,Locality_221,Property_Type,3.0,4652.0,466.35,0.1,2018.0,Furnished,30.0,8.0,7.0,8.0,4.0,Medium,No,No,"Clubhouse, Garden, Gym",East,Broker,Ready_to_Move
4137.0,Maharashtra,Nagpur,Locality_13,Property_Type,4.0,3641.0,358.11,0.1,1990.0,Furnished,12.0,22.0,35.0,3.0,2.0,High,No,Yes,"Clubhouse, Pool",North,Broker,Ready_to_Move
4138.0,Haryana,Faridabad,Locality_250,Property_Type,4.0,612.0,30.29,0.05,2015.0,Unfurnished,24.0,27.0,10.0,7.0,4.0,High,No,No,"Garden, Clubhouse, Gym, Pool, Playground",South,Broker,Under_Construction
4139.0,Assam,Guwahati,Locality_141,Property_Type,4.0,652.0,250.25,0.38,1990.0,Furnished,19.0,26.0,35.0,2.0,1.0,Low,Yes,Yes,"Playground, Garden",West,Builder,Ready_to_Move
4140.0,Uttar Pradesh,Lucknow,Locality_346,Property_Type,1.0,1301.0,265.08,0.2,1996.0,Semi-furnished,12.0,5.0,29.0,5.0,5.0,Low,Yes,Yes,"Pool, Playground, Gym, Clubhouse, Garden",East,Broker,Under_Construction
4141.0,Maharashtra,Mumbai,Locality_59,Property_Type,3.0,4090.0,180.26,0.04,2014.0,Unfurnished,19.0,15.0,11.0,6.0,6.0,Medium,No,No,"Playground, Gym, Pool, Clubhouse",South,Broker,Ready_to_Move
4142.0,Maharashtra,Pune,Locality_472,Property_Type,4.0,4886.0,490.44,0.1,2017.0,Semi-furnished,23.0,29.0,8.0,5.0,2.0,Medium,No,Yes,"Gym, Pool, Playground",East,Owner,Ready_to_Move
4143.0,Rajasthan,Jaipur,Locality_156,Property_Type,4.0,3074.0,290.15,0.09,2002.0,Semi-furnished,12.0,12.0,23.0,7.0,9.0,High,No,No,"Pool, Clubhouse, Gym, Garden",West,Broker,Ready_to_Move
4144.0,Rajasthan,Jodhpur,Locality_123,Property_Type,4.0,2424.0,445.49,0.18,2023.0,Furnished,20.0,17.0,2.0,4.0,4.0,High,Yes,Yes,"Garden, Pool",North,Broker,Ready_to_Move
4145.0,Madhya Pradesh,Indore,Locality_294,Property_Type,2.0,1334.0,468.38,0.35,2016.0,Furnished,18.0,27.0,9.0,2.0,4.0,Low,No,No,"Clubhouse, Gym",East,Builder,Ready_to_Move
4146.0,Kerala,Kochi,Locality_285,Property_Type,5.0,1773.0,353.38,0.2,2003.0,Unfurnished,21.0,11.0,22.0,10.0,3.0,High,No,No,"Clubhouse, Gym, Playground, Pool",South,Owner,Under_Construction
4147.0,West Bengal,Kolkata,Locality_39,Property_Type,3.0,574.0,319.92,0.56,2014.0,Furnished,14.0,16.0,11.0,2.0,3.0,High,No,No,"Clubhouse, Playground, Gym, Pool, Garden",East,Broker,Under_Construction
4148.0,Tamil Nadu,Coimbatore,Locality_24,Property_Type,5.0,765.0,491.91,0.64,2019.0,Unfurnished,28.0,10.0,6.0,7.0,10.0,Low,No,No,"Gym, Clubhouse, Pool",North,Builder,Under_Construction
4149.0,Andhra Pradesh,Vijayawada,Locality_341,Property_Type,5.0,3592.0,444.19,0.12,2010.0,Semi-furnished,27.0,4.0,15.0,8.0,4.0,Low,Yes,No,"Garden, Playground, Clubhouse, Pool",North,Owner,Ready_to_Move
4150.0,Assam,Silchar,Locality_458,Property_Type,3.0,3033.0,326.64,0.11,2007.0,Semi-furnished,18.0,21.0,18.0,3.0,2.0,Low,Yes,Yes,"Garden, Pool, Playground, Gym, Clubhouse",North,Broker,Under_Construction
4151.0,Jharkhand,Ranchi,Locality_383,Property_Type,3.0,2761.0,195.05,0.07,2009.0,Semi-furnished,12.0,26.0,16.0,3.0,7.0,High,No,Yes,"Playground, Garden",South,Broker,Under_Construction
4152.0,Kerala,Trivandrum,Locality_484,Property_Type,2.0,4098.0,331.72,0.08,2022.0,Semi-furnished,16.0,21.0,3.0,9.0,10.0,Medium,No,Yes,"Garden, Playground",South,Builder,Under_Construction
4153.0,Gujarat,Surat,Locality_265,Property_Type,1.0,2641.0,97.05,0.04,2002.0,Furnished,22.0,11.0,23.0,10.0,8.0,Low,Yes,No,"Garden, Gym, Playground, Clubhouse",West,Builder,Under_Construction
4154.0,Delhi,Dwarka,Locality_300,Property_Type,4.0,3543.0,233.11,0.07,2012.0,Unfurnished,29.0,2.0,13.0,6.0,8.0,High,Yes,Yes,"Garden, Gym, Pool",East,Builder,Under_Construction
4155.0,Karnataka,Bangalore,Locality_49,Property_Type,2.0,3688.0,311.3,0.08,2022.0,Furnished,23.0,14.0,3.0,8.0,4.0,Medium,No,Yes,"Garden, Playground",West,Broker,Under_Construction
4156.0,Kerala,Trivandrum,Locality_394,Property_Type,1.0,793.0,98.59,0.12,2011.0,Semi-furnished,15.0,21.0,14.0,7.0,9.0,Medium,No,Yes,"Pool, Clubhouse, Garden, Playground",West,Broker,Under_Construction
4157.0,Kerala,Trivandrum,Locality_20,Property_Type,4.0,805.0,161.25,0.2,2023.0,Furnished,4.0,28.0,2.0,4.0,6.0,Low,No,No,"Playground, Garden",East,Broker,Under_Construction
4158.0,Bihar,Gaya,Locality_379,Property_Type,3.0,887.0,122.65,0.14,2017.0,Furnished,22.0,22.0,8.0,1.0,3.0,Low,No,Yes,"Gym, Clubhouse, Pool, Playground, Garden",South,Builder,Ready_to_Move
4159.0,Assam,Guwahati,Locality_464,Property_Type,2.0,4695.0,125.8,0.03,2018.0,Furnished,4.0,13.0,7.0,7.0,4.0,Medium,Yes,No,"Playground, Gym, Pool, Garden, Clubhouse",West,Builder,Ready_to_Move
4160.0,Uttarakhand,Dehradun,Locality_463,Property_Type,4.0,610.0,199.63,0.33,2008.0,Furnished,10.0,19.0,17.0,3.0,3.0,Medium,No,No,"Clubhouse, Pool, Gym, Garden, Playground",South,Owner,Ready_to_Move
4161.0,Assam,Silchar,Locality_416,Property_Type,4.0,3103.0,278.69,0.09,2015.0,Furnished,26.0,19.0,10.0,1.0,10.0,Low,No,No,"Pool, Playground, Garden",North,Builder,Ready_to_Move
4162.0,Haryana,Gurgaon,Locality_92,Property_Type,5.0,1568.0,217.61,0.14,2009.0,Unfurnished,15.0,17.0,16.0,7.0,9.0,Low,No,No,"Clubhouse, Gym, Playground, Garden",West,Builder,Under_Construction
4163.0,Telangana,Hyderabad,Locality_274,Property_Type,2.0,1905.0,409.26,0.21,2001.0,Unfurnished,23.0,22.0,24.0,4.0,2.0,Medium,Yes,Yes,"Gym, Clubhouse",East,Builder,Under_Construction
4164.0,West Bengal,Durgapur,Locality_451,Property_Type,4.0,3496.0,371.65,0.11,2011.0,Unfurnished,30.0,2.0,14.0,10.0,4.0,Medium,No,Yes,"Clubhouse, Garden",South,Builder,Under_Construction
4165.0,Haryana,Gurgaon,Locality_175,Property_Type,1.0,3978.0,489.82,0.12,1990.0,Unfurnished,25.0,28.0,35.0,4.0,7.0,High,Yes,No,Playground,East,Builder,Ready_to_Move
4166.0,Odisha,Bhubaneswar,Locality_270,Property_Type,1.0,3066.0,189.96,0.06,2016.0,Semi-furnished,14.0,16.0,9.0,6.0,1.0,High,Yes,Yes,"Garden, Pool",North,Builder,Ready_to_Move
4167.0,Madhya Pradesh,Indore,Locality_423,Property_Type,1.0,1152.0,384.77,0.33,2008.0,Unfurnished,12.0,1.0,17.0,3.0,6.0,Medium,Yes,Yes,"Garden, Gym, Clubhouse, Playground",East,Broker,Under_Construction
4168.0,Uttar Pradesh,Noida,Locality_294,Property_Type,1.0,2162.0,94.72,0.04,1991.0,Semi-furnished,9.0,29.0,34.0,3.0,10.0,Medium,No,Yes,"Playground, Clubhouse",East,Owner,Ready_to_Move
4169.0,Gujarat,Surat,Locality_154,Property_Type,5.0,4420.0,41.13,0.01,2014.0,Semi-furnished,0.0,24.0,11.0,9.0,9.0,Low,Yes,Yes,"Clubhouse, Garden, Pool, Playground",West,Owner,Ready_to_Move
4170.0,Andhra Pradesh,Vishakhapatnam,Locality_200,Property_Type,2.0,1815.0,105.12,0.06,2018.0,Furnished,26.0,26.0,7.0,1.0,3.0,High,Yes,No,"Garden, Gym",West,Owner,Ready_to_Move
4171.0,Maharashtra,Mumbai,Locality_461,Property_Type,1.0,3157.0,48.35,0.02,1999.0,Semi-furnished,8.0,28.0,26.0,9.0,9.0,Medium,No,No,"Garden, Gym, Clubhouse",South,Builder,Under_Construction
4172.0,Rajasthan,Jodhpur,Locality_401,Property_Type,1.0,4424.0,186.84,0.04,2023.0,Furnished,21.0,22.0,2.0,6.0,7.0,High,No,No,"Garden, Clubhouse, Gym, Playground, Pool",East,Owner,Ready_to_Move
4173.0,Rajasthan,Jaipur,Locality_345,Property_Type,5.0,1233.0,193.32,0.16,2011.0,Unfurnished,6.0,27.0,14.0,10.0,9.0,Medium,Yes,No,"Pool, Clubhouse, Gym",North,Broker,Ready_to_Move
4174.0,West Bengal,Durgapur,Locality_171,Property_Type,4.0,2909.0,354.18,0.12,1992.0,Furnished,29.0,5.0,33.0,3.0,10.0,Medium,No,Yes,"Garden, Pool, Playground, Gym",North,Builder,Ready_to_Move
4175.0,Uttar Pradesh,Noida,Locality_23,Property_Type,2.0,1224.0,461.0,0.38,2004.0,Furnished,21.0,28.0,21.0,10.0,5.0,High,No,No,"Pool, Clubhouse",South,Builder,Ready_to_Move
4176.0,Maharashtra,Mumbai,Locality_66,Property_Type,1.0,1172.0,94.5,0.08,2004.0,Unfurnished,16.0,28.0,21.0,8.0,2.0,Low,Yes,Yes,"Pool, Gym, Garden, Playground, Clubhouse",East,Broker,Ready_to_Move
4177.0,Jharkhand,Ranchi,Locality_102,Property_Type,2.0,912.0,358.53,0.39,1993.0,Semi-furnished,17.0,26.0,32.0,9.0,6.0,Low,Yes,Yes,Clubhouse,East,Builder,Ready_to_Move
4178.0,Assam,Silchar,Locality_131,Property_Type,4.0,4030.0,77.55,0.02,2010.0,Furnished,18.0,12.0,15.0,4.0,6.0,Low,No,Yes,"Gym, Playground, Clubhouse, Pool, Garden",South,Builder,Under_Construction
4179.0,Gujarat,Ahmedabad,Locality_450,Property_Type,2.0,1962.0,256.55,0.13,2016.0,Unfurnished,16.0,3.0,9.0,4.0,5.0,High,Yes,Yes,"Clubhouse, Pool, Gym, Playground, Garden",South,Builder,Under_Construction
4180.0,Tamil Nadu,Chennai,Locality_452,Property_Type,1.0,4345.0,163.83,0.04,2012.0,Furnished,16.0,12.0,13.0,7.0,5.0,Low,Yes,Yes,"Gym, Clubhouse",West,Broker,Ready_to_Move
4181.0,Madhya Pradesh,Indore,Locality_95,Property_Type,2.0,1358.0,169.77,0.13,2008.0,Furnished,7.0,1.0,17.0,1.0,5.0,Medium,No,No,"Garden, Pool, Playground",West,Owner,Ready_to_Move
4182.0,Karnataka,Bangalore,Locality_347,Property_Type,3.0,3844.0,453.64,0.12,2004.0,Furnished,15.0,21.0,21.0,3.0,2.0,Low,Yes,Yes,"Clubhouse, Garden, Pool, Gym, Playground",North,Builder,Under_Construction
4183.0,Andhra Pradesh,Vishakhapatnam,Locality_225,Property_Type,3.0,892.0,16.71,0.02,2008.0,Furnished,16.0,10.0,17.0,10.0,6.0,High,Yes,Yes,"Gym, Playground",East,Owner,Ready_to_Move
4184.0,Punjab,Ludhiana,Locality_77,Property_Type,1.0,4361.0,327.56,0.08,2007.0,Unfurnished,1.0,26.0,18.0,2.0,6.0,High,No,Yes,"Clubhouse, Playground, Garden, Gym",North,Builder,Under_Construction
4185.0,Chhattisgarh,Bilaspur,Locality_83,Property_Type,5.0,4321.0,255.66,0.06,2018.0,Furnished,21.0,12.0,7.0,3.0,2.0,Low,Yes,No,Garden,West,Builder,Under_Construction
4186.0,Uttarakhand,Haridwar,Locality_80,Property_Type,3.0,2258.0,276.98,0.12,2013.0,Furnished,12.0,13.0,12.0,6.0,10.0,Low,Yes,No,"Clubhouse, Playground, Garden",North,Broker,Ready_to_Move
4187.0,Karnataka,Bangalore,Locality_214,Property_Type,5.0,3430.0,176.56,0.05,1992.0,Semi-furnished,29.0,24.0,33.0,9.0,1.0,High,No,No,"Playground, Garden, Gym, Clubhouse",South,Builder,Ready_to_Move
4188.0,Uttarakhand,Dehradun,Locality_105,Property_Type,2.0,3206.0,187.58,0.06,2007.0,Furnished,11.0,17.0,18.0,2.0,2.0,High,No,Yes,"Gym, Garden",East,Broker,Under_Construction
4189.0,Karnataka,Mangalore,Locality_388,Property_Type,1.0,2907.0,215.23,0.07,1995.0,Unfurnished,23.0,20.0,30.0,4.0,1.0,Low,Yes,Yes,Playground,North,Broker,Ready_to_Move
4190.0,Tamil Nadu,Coimbatore,Locality_62,Property_Type,1.0,3006.0,51.11,0.02,1993.0,Semi-furnished,5.0,28.0,32.0,3.0,8.0,Low,No,Yes,"Playground, Pool, Garden",North,Owner,Ready_to_Move
4191.0,Maharashtra,Nagpur,Locality_87,Property_Type,5.0,1833.0,349.33,0.19,2004.0,Unfurnished,14.0,9.0,21.0,6.0,9.0,Low,Yes,Yes,"Clubhouse, Garden",South,Broker,Ready_to_Move
4192.0,Karnataka,Mangalore,Locality_314,Property_Type,4.0,2699.0,208.4,0.08,2023.0,Unfurnished,0.0,7.0,2.0,7.0,10.0,Medium,Yes,Yes,Gym,South,Builder,Ready_to_Move
4193.0,Tamil Nadu,Coimbatore,Locality_258,Property_Type,3.0,2431.0,91.58,0.04,2021.0,Furnished,30.0,10.0,4.0,9.0,5.0,High,Yes,Yes,Gym,West,Broker,Ready_to_Move
4194.0,Telangana,Warangal,Locality_437,Property_Type,4.0,4776.0,85.29,0.02,2009.0,Furnished,28.0,13.0,16.0,9.0,9.0,Low,No,Yes,"Gym, Playground",South,Builder,Under_Construction
4195.0,Bihar,Gaya,Locality_17,Property_Type,4.0,4903.0,472.82,0.1,2023.0,Semi-furnished,29.0,12.0,2.0,2.0,5.0,Low,Yes,No,"Pool, Playground, Gym",South,Owner,Under_Construction
4196.0,Andhra Pradesh,Vishakhapatnam,Locality_400,Property_Type,5.0,2999.0,266.95,0.09,2012.0,Furnished,23.0,11.0,13.0,4.0,10.0,Low,Yes,No,"Pool, Garden, Playground, Clubhouse, Gym",North,Owner,Under_Construction
4197.0,Tamil Nadu,Chennai,Locality_9,Property_Type,3.0,2006.0,356.37,0.18,2021.0,Furnished,11.0,2.0,4.0,4.0,6.0,Medium,Yes,No,"Gym, Pool, Garden",North,Owner,Under_Construction
4198.0,Chhattisgarh,Bilaspur,Locality_230,Property_Type,4.0,4615.0,35.39,0.01,2011.0,Furnished,29.0,25.0,14.0,1.0,7.0,High,Yes,No,"Pool, Playground, Gym",South,Builder,Under_Construction
4199.0,Punjab,Amritsar,Locality_20,Property_Type,2.0,4972.0,389.38,0.08,1996.0,Semi-furnished,7.0,6.0,29.0,6.0,5.0,Medium,No,No,Clubhouse,North,Builder,Under_Construction
4200.0,Odisha,Cuttack,Locality_417,Property_Type,5.0,3457.0,229.91,0.07,2015.0,Furnished,6.0,3.0,10.0,2.0,9.0,Low,No,Yes,"Garden, Pool, Playground, Gym, Clubhouse",South,Broker,Ready_to_Move
4201.0,West Bengal,Kolkata,Locality_267,Property_Type,1.0,4987.0,357.0,0.07,2020.0,Semi-furnished,8.0,11.0,5.0,4.0,5.0,Low,No,No,"Gym, Playground",West,Broker,Ready_to_Move
4202.0,Uttar Pradesh,Lucknow,Locality_83,Property_Type,4.0,4869.0,350.22,0.07,2015.0,Furnished,13.0,19.0,10.0,3.0,10.0,Medium,Yes,No,"Pool, Gym, Garden, Clubhouse, Playground",North,Builder,Under_Construction
4203.0,Maharashtra,Mumbai,Locality_396,Property_Type,5.0,3977.0,266.41,0.07,1991.0,Unfurnished,2.0,4.0,34.0,9.0,3.0,Medium,No,Yes,"Gym, Pool, Clubhouse, Playground",South,Broker,Ready_to_Move
4204.0,Kerala,Kochi,Locality_360,Property_Type,1.0,4196.0,487.92,0.12,2020.0,Semi-furnished,2.0,30.0,5.0,2.0,7.0,Low,Yes,No,"Clubhouse, Gym",South,Broker,Ready_to_Move
4205.0,Telangana,Warangal,Locality_437,Property_Type,2.0,810.0,94.71,0.12,2018.0,Semi-furnished,12.0,24.0,7.0,3.0,7.0,Low,Yes,Yes,Clubhouse,West,Owner,Under_Construction
4206.0,Tamil Nadu,Coimbatore,Locality_417,Property_Type,5.0,903.0,138.26,0.15,1999.0,Semi-furnished,7.0,21.0,26.0,6.0,3.0,Medium,No,No,"Pool, Clubhouse, Garden, Gym, Playground",North,Broker,Under_Construction
4207.0,Assam,Guwahati,Locality_151,Property_Type,2.0,2896.0,393.84,0.14,2019.0,Unfurnished,8.0,9.0,6.0,2.0,8.0,High,Yes,Yes,"Clubhouse, Pool, Garden",West,Owner,Under_Construction
4208.0,Punjab,Ludhiana,Locality_396,Property_Type,3.0,1099.0,361.49,0.33,2001.0,Furnished,26.0,8.0,24.0,1.0,2.0,Medium,Yes,Yes,"Gym, Pool, Clubhouse",West,Broker,Ready_to_Move
4209.0,Uttarakhand,Haridwar,Locality_401,Property_Type,5.0,4263.0,269.67,0.06,2006.0,Semi-furnished,23.0,5.0,19.0,2.0,8.0,Low,Yes,Yes,"Gym, Pool",South,Builder,Under_Construction
4210.0,Uttarakhand,Dehradun,Locality_395,Property_Type,3.0,3384.0,233.77,0.07,2023.0,Semi-furnished,5.0,29.0,2.0,3.0,2.0,High,Yes,Yes,"Gym, Pool, Garden",East,Broker,Under_Construction
4211.0,West Bengal,Kolkata,Locality_18,Property_Type,3.0,3035.0,232.05,0.08,2015.0,Semi-furnished,5.0,3.0,10.0,9.0,2.0,High,Yes,Yes,"Pool, Garden, Playground",South,Builder,Under_Construction
4212.0,Telangana,Hyderabad,Locality_96,Property_Type,3.0,3438.0,461.48,0.13,2009.0,Furnished,13.0,3.0,16.0,6.0,3.0,Medium,Yes,No,"Clubhouse, Playground, Gym, Garden",West,Owner,Under_Construction
4213.0,Tamil Nadu,Coimbatore,Locality_78,Property_Type,5.0,1092.0,364.09,0.33,2020.0,Furnished,14.0,12.0,5.0,7.0,2.0,Medium,No,No,Clubhouse,North,Owner,Under_Construction
4214.0,Assam,Guwahati,Locality_422,Property_Type,4.0,1838.0,362.96,0.2,1995.0,Semi-furnished,30.0,3.0,30.0,1.0,10.0,Low,Yes,No,"Clubhouse, Gym",North,Builder,Under_Construction
4215.0,Uttarakhand,Haridwar,Locality_441,Property_Type,5.0,2923.0,439.97,0.15,1993.0,Semi-furnished,29.0,11.0,32.0,2.0,1.0,Medium,Yes,No,"Gym, Playground, Garden, Clubhouse, Pool",West,Broker,Ready_to_Move
4216.0,Tamil Nadu,Chennai,Locality_57,Property_Type,4.0,1700.0,47.85,0.03,2020.0,Unfurnished,21.0,20.0,5.0,6.0,3.0,High,Yes,No,"Playground, Pool, Garden, Clubhouse, Gym",West,Broker,Under_Construction
4217.0,Kerala,Trivandrum,Locality_447,Property_Type,1.0,4718.0,440.15,0.09,1997.0,Furnished,10.0,29.0,28.0,10.0,2.0,High,Yes,Yes,"Playground, Clubhouse, Garden, Pool",South,Broker,Ready_to_Move
4218.0,Tamil Nadu,Coimbatore,Locality_261,Property_Type,5.0,615.0,375.64,0.61,1993.0,Unfurnished,21.0,23.0,32.0,6.0,6.0,High,No,Yes,Playground,South,Builder,Ready_to_Move
4219.0,Tamil Nadu,Coimbatore,Locality_417,Property_Type,3.0,3120.0,64.84,0.02,2015.0,Semi-furnished,25.0,18.0,10.0,4.0,3.0,High,Yes,No,"Pool, Gym, Clubhouse, Garden, Playground",North,Owner,Ready_to_Move
4220.0,Odisha,Bhubaneswar,Locality_187,Property_Type,1.0,4466.0,46.4,0.01,1996.0,Furnished,29.0,5.0,29.0,1.0,6.0,Medium,No,Yes,Playground,East,Owner,Under_Construction
4221.0,Uttar Pradesh,Noida,Locality_65,Property_Type,5.0,2982.0,344.0,0.12,1997.0,Semi-furnished,27.0,20.0,28.0,9.0,4.0,High,Yes,Yes,"Playground, Garden, Gym, Clubhouse, Pool",West,Builder,Under_Construction
4222.0,Uttarakhand,Dehradun,Locality_289,Property_Type,1.0,3037.0,196.4,0.06,2007.0,Furnished,10.0,21.0,18.0,6.0,7.0,Low,No,No,Playground,West,Owner,Ready_to_Move
4223.0,Uttar Pradesh,Noida,Locality_496,Property_Type,3.0,1917.0,250.14,0.13,2012.0,Unfurnished,0.0,25.0,13.0,2.0,6.0,High,Yes,Yes,"Clubhouse, Pool, Garden",North,Broker,Under_Construction
4224.0,Punjab,Amritsar,Locality_234,Property_Type,4.0,2967.0,482.03,0.16,2006.0,Unfurnished,29.0,22.0,19.0,9.0,9.0,Low,No,No,"Gym, Pool, Clubhouse",East,Builder,Under_Construction
4225.0,Assam,Guwahati,Locality_283,Property_Type,1.0,4112.0,467.37,0.11,2010.0,Unfurnished,28.0,18.0,15.0,10.0,4.0,Low,No,No,"Playground, Clubhouse, Garden, Pool, Gym",West,Builder,Ready_to_Move
4226.0,Uttar Pradesh,Noida,Locality_237,Property_Type,3.0,3651.0,459.61,0.13,1998.0,Furnished,27.0,14.0,27.0,3.0,7.0,High,No,Yes,"Pool, Clubhouse, Playground, Garden, Gym",North,Owner,Ready_to_Move
4227.0,Madhya Pradesh,Indore,Locality_474,Property_Type,3.0,4123.0,286.1,0.07,2005.0,Semi-furnished,29.0,15.0,20.0,2.0,4.0,Medium,Yes,Yes,"Garden, Gym, Clubhouse",South,Builder,Ready_to_Move
4228.0,Telangana,Hyderabad,Locality_178,Property_Type,5.0,3458.0,189.58,0.05,1991.0,Unfurnished,12.0,19.0,34.0,2.0,1.0,High,Yes,No,Garden,North,Owner,Under_Construction
4229.0,Kerala,Kochi,Locality_227,Property_Type,5.0,2017.0,238.83,0.12,2023.0,Unfurnished,19.0,26.0,2.0,10.0,4.0,High,No,Yes,Clubhouse,North,Builder,Ready_to_Move
4230.0,Gujarat,Ahmedabad,Locality_172,Property_Type,4.0,2739.0,102.3,0.04,2017.0,Semi-furnished,16.0,22.0,8.0,8.0,9.0,Low,Yes,Yes,"Garden, Clubhouse, Gym, Playground",South,Builder,Under_Construction
4231.0,Karnataka,Mysore,Locality_464,Property_Type,4.0,1988.0,11.92,0.01,2016.0,Unfurnished,14.0,12.0,9.0,2.0,1.0,Low,No,Yes,Pool,South,Broker,Under_Construction
4232.0,Chhattisgarh,Bilaspur,Locality_166,Property_Type,1.0,1156.0,18.85,0.02,2022.0,Semi-furnished,4.0,16.0,3.0,8.0,9.0,Low,No,Yes,"Gym, Pool, Playground, Garden, Clubhouse",East,Broker,Under_Construction
4233.0,Odisha,Bhubaneswar,Locality_387,Property_Type,5.0,1417.0,285.82,0.2,2008.0,Furnished,0.0,28.0,17.0,1.0,1.0,High,No,Yes,"Gym, Garden",East,Owner,Ready_to_Move
4234.0,Uttar Pradesh,Noida,Locality_3,Property_Type,3.0,1242.0,131.56,0.11,2008.0,Furnished,4.0,10.0,17.0,9.0,4.0,Low,No,No,"Garden, Pool, Clubhouse",North,Owner,Ready_to_Move
4235.0,Odisha,Cuttack,Locality_62,Property_Type,3.0,1988.0,210.01,0.11,2017.0,Unfurnished,8.0,14.0,8.0,6.0,6.0,Medium,No,No,"Gym, Garden, Clubhouse, Pool, Playground",East,Builder,Ready_to_Move
4236.0,Haryana,Faridabad,Locality_112,Property_Type,5.0,2292.0,395.07,0.17,2011.0,Unfurnished,3.0,19.0,14.0,9.0,6.0,High,Yes,No,"Garden, Gym, Clubhouse, Pool, Playground",East,Owner,Ready_to_Move
4237.0,Rajasthan,Jodhpur,Locality_215,Property_Type,4.0,1271.0,460.32,0.36,2015.0,Semi-furnished,15.0,4.0,10.0,8.0,3.0,Low,Yes,Yes,"Gym, Playground, Clubhouse",North,Broker,Under_Construction
4238.0,Maharashtra,Nagpur,Locality_146,Property_Type,1.0,4656.0,66.46,0.01,2019.0,Semi-furnished,14.0,21.0,6.0,10.0,5.0,Low,Yes,Yes,Gym,West,Owner,Ready_to_Move
4239.0,Maharashtra,Mumbai,Locality_481,Property_Type,2.0,2792.0,151.69,0.05,2022.0,Semi-furnished,24.0,5.0,3.0,4.0,1.0,High,No,No,Pool,West,Owner,Under_Construction
4240.0,Delhi,New Delhi,Locality_468,Property_Type,4.0,2327.0,293.2,0.13,2002.0,Unfurnished,11.0,2.0,23.0,8.0,9.0,Low,Yes,Yes,"Clubhouse, Pool, Playground",East,Owner,Ready_to_Move
4241.0,Tamil Nadu,Chennai,Locality_474,Property_Type,4.0,3826.0,40.66,0.01,2003.0,Unfurnished,11.0,19.0,22.0,10.0,7.0,High,Yes,No,"Pool, Clubhouse, Garden",South,Broker,Ready_to_Move
4242.0,Jharkhand,Ranchi,Locality_367,Property_Type,4.0,541.0,324.47,0.6,1992.0,Semi-furnished,7.0,14.0,33.0,7.0,5.0,Medium,No,Yes,"Gym, Garden, Playground, Clubhouse, Pool",West,Broker,Under_Construction
4243.0,Odisha,Cuttack,Locality_107,Property_Type,2.0,726.0,332.38,0.46,2012.0,Semi-furnished,7.0,23.0,13.0,6.0,7.0,Medium,Yes,Yes,Garden,South,Builder,Under_Construction
4244.0,West Bengal,Kolkata,Locality_289,Property_Type,2.0,1437.0,208.08,0.14,2005.0,Unfurnished,11.0,2.0,20.0,5.0,10.0,Medium,Yes,No,"Garden, Playground, Pool",South,Broker,Under_Construction
4245.0,Delhi,Dwarka,Locality_261,Property_Type,2.0,695.0,408.48,0.59,1993.0,Semi-furnished,8.0,12.0,32.0,9.0,1.0,Medium,No,No,"Pool, Garden, Playground, Gym, Clubhouse",West,Builder,Ready_to_Move
4246.0,Assam,Silchar,Locality_31,Property_Type,3.0,1719.0,407.37,0.24,2022.0,Unfurnished,30.0,26.0,3.0,5.0,7.0,Low,No,Yes,"Clubhouse, Gym, Garden, Pool",West,Builder,Ready_to_Move
4247.0,Delhi,Dwarka,Locality_84,Property_Type,4.0,3707.0,433.72,0.12,2005.0,Unfurnished,25.0,28.0,20.0,7.0,3.0,High,Yes,Yes,"Playground, Gym",West,Broker,Ready_to_Move
4248.0,Tamil Nadu,Coimbatore,Locality_256,Property_Type,3.0,4150.0,214.9,0.05,1992.0,Semi-furnished,25.0,6.0,33.0,10.0,4.0,Medium,Yes,Yes,"Pool, Gym",East,Broker,Under_Construction
4249.0,Punjab,Ludhiana,Locality_51,Property_Type,5.0,4615.0,209.2,0.05,2019.0,Semi-furnished,9.0,11.0,6.0,1.0,2.0,Medium,No,No,"Clubhouse, Gym, Garden",East,Builder,Ready_to_Move
4250.0,Rajasthan,Jodhpur,Locality_3,Property_Type,3.0,1101.0,46.19,0.04,2022.0,Unfurnished,16.0,30.0,3.0,8.0,4.0,Medium,Yes,Yes,"Clubhouse, Pool",North,Owner,Ready_to_Move
4251.0,Bihar,Gaya,Locality_105,Property_Type,3.0,2206.0,284.87,0.13,2009.0,Furnished,25.0,17.0,16.0,4.0,8.0,Medium,Yes,Yes,"Playground, Pool",North,Owner,Ready_to_Move
4252.0,Kerala,Trivandrum,Locality_232,Property_Type,3.0,2936.0,101.86,0.03,2005.0,Furnished,5.0,4.0,20.0,4.0,10.0,Low,Yes,No,"Pool, Playground, Gym, Clubhouse",East,Builder,Ready_to_Move
4253.0,Punjab,Ludhiana,Locality_211,Property_Type,4.0,3036.0,263.3,0.09,2022.0,Semi-furnished,22.0,12.0,3.0,6.0,2.0,High,Yes,No,"Garden, Gym, Clubhouse, Pool, Playground",West,Broker,Ready_to_Move
4254.0,Bihar,Gaya,Locality_189,Property_Type,1.0,770.0,298.48,0.39,2008.0,Unfurnished,12.0,10.0,17.0,2.0,2.0,High,No,Yes,"Pool, Garden",East,Builder,Ready_to_Move
4255.0,Karnataka,Mysore,Locality_118,Property_Type,2.0,1075.0,255.66,0.24,2020.0,Furnished,20.0,13.0,5.0,6.0,1.0,Low,No,No,"Gym, Clubhouse, Garden, Pool",West,Owner,Ready_to_Move
4256.0,Tamil Nadu,Coimbatore,Locality_271,Property_Type,3.0,1040.0,407.92,0.39,1998.0,Unfurnished,23.0,19.0,27.0,1.0,4.0,High,No,No,"Garden, Playground",South,Broker,Ready_to_Move
4257.0,Gujarat,Ahmedabad,Locality_104,Property_Type,2.0,1785.0,463.37,0.26,2007.0,Unfurnished,28.0,8.0,18.0,2.0,5.0,Medium,No,Yes,Gym,East,Builder,Ready_to_Move
4258.0,Karnataka,Bangalore,Locality_429,Property_Type,4.0,3873.0,496.04,0.13,1992.0,Semi-furnished,11.0,3.0,33.0,8.0,2.0,Medium,Yes,Yes,Clubhouse,North,Owner,Under_Construction
4259.0,Kerala,Trivandrum,Locality_52,Property_Type,1.0,1822.0,362.52,0.2,2014.0,Furnished,10.0,20.0,11.0,2.0,2.0,High,No,Yes,"Clubhouse, Playground, Gym",East,Builder,Ready_to_Move
4260.0,Madhya Pradesh,Indore,Locality_38,Property_Type,1.0,4740.0,377.86,0.08,2007.0,Furnished,1.0,16.0,18.0,1.0,1.0,Low,Yes,Yes,"Garden, Gym, Pool",South,Builder,Ready_to_Move
4261.0,Haryana,Gurgaon,Locality_311,Property_Type,1.0,939.0,495.13,0.53,2016.0,Semi-furnished,26.0,28.0,9.0,10.0,3.0,Low,No,No,"Gym, Pool, Garden",North,Builder,Under_Construction
4262.0,Telangana,Warangal,Locality_342,Property_Type,5.0,2459.0,302.37,0.12,1991.0,Furnished,13.0,26.0,34.0,2.0,6.0,Medium,Yes,No,"Pool, Gym",North,Builder,Ready_to_Move
4263.0,Tamil Nadu,Coimbatore,Locality_115,Property_Type,3.0,2174.0,141.2,0.06,2021.0,Furnished,16.0,22.0,4.0,5.0,7.0,Medium,Yes,No,"Clubhouse, Pool, Playground, Gym",West,Broker,Under_Construction
4264.0,Tamil Nadu,Chennai,Locality_67,Property_Type,4.0,4331.0,467.35,0.11,2010.0,Furnished,19.0,13.0,15.0,1.0,10.0,Low,No,No,"Clubhouse, Playground, Garden",East,Broker,Ready_to_Move
4265.0,Karnataka,Mangalore,Locality_33,Property_Type,4.0,3885.0,133.55,0.03,1997.0,Furnished,7.0,17.0,28.0,7.0,10.0,Low,No,Yes,"Garden, Clubhouse, Pool, Gym, Playground",South,Builder,Ready_to_Move
4266.0,Maharashtra,Pune,Locality_305,Property_Type,3.0,2030.0,145.44,0.07,2023.0,Semi-furnished,2.0,25.0,2.0,6.0,1.0,High,No,Yes,"Playground, Clubhouse, Gym, Pool",South,Owner,Under_Construction
4267.0,West Bengal,Durgapur,Locality_320,Property_Type,4.0,4736.0,470.26,0.1,2012.0,Semi-furnished,30.0,17.0,13.0,6.0,10.0,Medium,Yes,No,Garden,West,Builder,Under_Construction
4268.0,Gujarat,Surat,Locality_304,Property_Type,4.0,4805.0,253.4,0.05,2006.0,Furnished,16.0,13.0,19.0,2.0,8.0,Medium,No,Yes,Pool,North,Broker,Under_Construction
4269.0,Haryana,Gurgaon,Locality_160,Property_Type,5.0,1884.0,51.13,0.03,1992.0,Furnished,30.0,15.0,33.0,7.0,10.0,Low,No,No,Clubhouse,North,Builder,Ready_to_Move
4270.0,Madhya Pradesh,Indore,Locality_74,Property_Type,3.0,3884.0,420.29,0.11,2015.0,Unfurnished,1.0,28.0,10.0,9.0,10.0,Low,No,Yes,"Clubhouse, Playground",South,Owner,Under_Construction
4271.0,Bihar,Gaya,Locality_208,Property_Type,1.0,3285.0,173.92,0.05,2004.0,Semi-furnished,11.0,15.0,21.0,7.0,10.0,High,Yes,No,"Playground, Pool, Clubhouse, Gym, Garden",South,Owner,Under_Construction
4272.0,Uttarakhand,Haridwar,Locality_134,Property_Type,2.0,927.0,187.72,0.2,1990.0,Unfurnished,24.0,24.0,35.0,10.0,10.0,Medium,No,No,Garden,West,Owner,Under_Construction
4273.0,Punjab,Amritsar,Locality_149,Property_Type,2.0,2086.0,321.08,0.15,2020.0,Unfurnished,17.0,15.0,5.0,8.0,5.0,High,No,No,Pool,West,Owner,Ready_to_Move
4274.0,Delhi,Dwarka,Locality_451,Property_Type,1.0,1911.0,341.35,0.18,2009.0,Furnished,2.0,1.0,16.0,3.0,3.0,High,No,No,"Pool, Playground",West,Builder,Ready_to_Move
4275.0,Madhya Pradesh,Bhopal,Locality_198,Property_Type,5.0,663.0,24.69,0.04,2008.0,Unfurnished,11.0,5.0,17.0,1.0,4.0,Medium,Yes,No,"Clubhouse, Pool",North,Builder,Ready_to_Move
4276.0,Haryana,Faridabad,Locality_358,Property_Type,3.0,1935.0,41.82,0.02,2013.0,Semi-furnished,30.0,2.0,12.0,3.0,1.0,Medium,Yes,No,"Pool, Playground, Clubhouse, Garden, Gym",West,Owner,Under_Construction
4277.0,Gujarat,Ahmedabad,Locality_346,Property_Type,2.0,4612.0,199.75,0.04,2019.0,Semi-furnished,15.0,27.0,6.0,7.0,5.0,High,Yes,No,"Gym, Pool, Garden, Playground, Clubhouse",West,Builder,Ready_to_Move
4278.0,Tamil Nadu,Coimbatore,Locality_112,Property_Type,2.0,3446.0,281.21,0.08,1997.0,Semi-furnished,21.0,9.0,28.0,7.0,2.0,High,No,Yes,"Garden, Clubhouse, Gym, Playground, Pool",East,Builder,Under_Construction
4279.0,Andhra Pradesh,Vishakhapatnam,Locality_30,Property_Type,2.0,1217.0,14.45,0.01,2014.0,Semi-furnished,3.0,11.0,11.0,6.0,10.0,Medium,No,Yes,"Pool, Gym",North,Owner,Under_Construction
4280.0,Andhra Pradesh,Vishakhapatnam,Locality_32,Property_Type,2.0,4999.0,466.46,0.09,2000.0,Furnished,23.0,22.0,25.0,10.0,7.0,Medium,Yes,Yes,"Garden, Pool, Clubhouse, Playground",North,Owner,Under_Construction
4281.0,Bihar,Gaya,Locality_291,Property_Type,4.0,1251.0,499.76,0.4,2003.0,Furnished,11.0,9.0,22.0,6.0,9.0,Medium,Yes,Yes,"Gym, Garden, Playground, Clubhouse",West,Broker,Under_Construction
4282.0,Punjab,Ludhiana,Locality_359,Property_Type,2.0,4197.0,370.98,0.09,2014.0,Semi-furnished,16.0,4.0,11.0,6.0,10.0,High,No,Yes,"Playground, Pool",South,Owner,Ready_to_Move
4283.0,Andhra Pradesh,Vijayawada,Locality_91,Property_Type,2.0,747.0,215.06,0.29,2009.0,Unfurnished,14.0,15.0,16.0,9.0,4.0,Low,Yes,No,"Garden, Pool, Gym, Clubhouse",East,Owner,Ready_to_Move
4284.0,Odisha,Bhubaneswar,Locality_285,Property_Type,2.0,4280.0,483.59,0.11,2014.0,Semi-furnished,12.0,24.0,11.0,8.0,3.0,Medium,Yes,No,Gym,East,Owner,Ready_to_Move
4285.0,Telangana,Hyderabad,Locality_201,Property_Type,4.0,2894.0,216.82,0.07,1999.0,Furnished,29.0,28.0,26.0,5.0,9.0,Low,No,No,"Playground, Gym, Clubhouse, Garden",North,Builder,Ready_to_Move
4286.0,Gujarat,Ahmedabad,Locality_488,Property_Type,4.0,3889.0,196.56,0.05,2003.0,Semi-furnished,18.0,3.0,22.0,8.0,3.0,High,Yes,No,"Pool, Garden",West,Builder,Under_Construction
4287.0,Tamil Nadu,Chennai,Locality_427,Property_Type,1.0,2461.0,272.85,0.11,2022.0,Unfurnished,22.0,1.0,3.0,8.0,1.0,Medium,No,Yes,"Clubhouse, Pool, Gym, Playground",East,Builder,Under_Construction
4288.0,West Bengal,Durgapur,Locality_22,Property_Type,1.0,2654.0,322.45,0.12,2018.0,Semi-furnished,9.0,12.0,7.0,4.0,6.0,Medium,No,Yes,"Clubhouse, Gym",North,Owner,Ready_to_Move
4289.0,Karnataka,Mangalore,Locality_218,Property_Type,3.0,3470.0,433.36,0.12,1991.0,Semi-furnished,21.0,23.0,34.0,9.0,9.0,Medium,Yes,No,"Garden, Gym, Playground, Clubhouse",East,Builder,Under_Construction
4290.0,Gujarat,Surat,Locality_447,Property_Type,5.0,2604.0,92.03,0.04,2021.0,Furnished,6.0,3.0,4.0,9.0,2.0,Medium,Yes,Yes,"Playground, Garden, Clubhouse, Gym, Pool",West,Builder,Ready_to_Move
4291.0,Tamil Nadu,Chennai,Locality_211,Property_Type,4.0,3213.0,142.7,0.04,2014.0,Unfurnished,23.0,26.0,11.0,7.0,2.0,Medium,No,No,"Clubhouse, Pool, Gym",West,Builder,Ready_to_Move
4292.0,Telangana,Warangal,Locality_250,Property_Type,1.0,4603.0,385.83,0.08,2002.0,Unfurnished,13.0,10.0,23.0,5.0,2.0,High,No,Yes,"Playground, Pool, Clubhouse",South,Owner,Ready_to_Move
4293.0,Jharkhand,Jamshedpur,Locality_338,Property_Type,3.0,2016.0,168.84,0.08,2018.0,Unfurnished,23.0,9.0,7.0,5.0,8.0,Low,No,Yes,"Pool, Gym",West,Builder,Under_Construction
4294.0,Odisha,Bhubaneswar,Locality_270,Property_Type,5.0,3985.0,49.8,0.01,2002.0,Unfurnished,7.0,1.0,23.0,10.0,7.0,Low,No,No,"Pool, Playground, Garden, Gym, Clubhouse",North,Owner,Under_Construction
4295.0,Jharkhand,Ranchi,Locality_311,Property_Type,1.0,4485.0,27.54,0.01,1994.0,Semi-furnished,14.0,29.0,31.0,3.0,10.0,Medium,No,No,"Garden, Clubhouse, Playground, Gym, Pool",East,Builder,Under_Construction
4296.0,Bihar,Gaya,Locality_8,Property_Type,2.0,4325.0,20.49,0.0,2010.0,Semi-furnished,28.0,15.0,15.0,9.0,2.0,Low,No,Yes,"Playground, Clubhouse, Gym, Pool, Garden",East,Builder,Ready_to_Move
4297.0,Gujarat,Surat,Locality_261,Property_Type,4.0,1262.0,444.42,0.35,2022.0,Unfurnished,9.0,20.0,3.0,8.0,10.0,High,Yes,Yes,"Pool, Garden, Playground, Clubhouse, Gym",West,Broker,Ready_to_Move
4298.0,Uttarakhand,Haridwar,Locality_159,Property_Type,4.0,1839.0,98.55,0.05,1992.0,Semi-furnished,29.0,1.0,33.0,2.0,10.0,High,Yes,No,"Playground, Clubhouse, Pool, Garden, Gym",South,Broker,Ready_to_Move
4299.0,Andhra Pradesh,Vijayawada,Locality_21,Property_Type,2.0,3726.0,407.37,0.11,2010.0,Furnished,0.0,26.0,15.0,8.0,1.0,High,Yes,Yes,"Gym, Playground, Garden",West,Owner,Under_Construction
4300.0,Madhya Pradesh,Indore,Locality_30,Property_Type,3.0,2678.0,152.08,0.06,2020.0,Semi-furnished,0.0,10.0,5.0,4.0,7.0,Medium,Yes,Yes,"Pool, Clubhouse, Garden, Playground",North,Builder,Under_Construction
4301.0,Uttarakhand,Dehradun,Locality_338,Property_Type,3.0,4699.0,441.52,0.09,1991.0,Furnished,24.0,11.0,34.0,1.0,10.0,High,Yes,No,Garden,East,Broker,Ready_to_Move
4302.0,Maharashtra,Pune,Locality_475,Property_Type,2.0,3932.0,370.13,0.09,1996.0,Semi-furnished,23.0,28.0,29.0,2.0,6.0,Low,Yes,No,Clubhouse,East,Owner,Ready_to_Move
4303.0,West Bengal,Durgapur,Locality_344,Property_Type,1.0,2073.0,409.11,0.2,1993.0,Unfurnished,30.0,29.0,32.0,3.0,4.0,Medium,Yes,Yes,"Gym, Garden, Playground, Pool",East,Builder,Under_Construction
4304.0,Odisha,Bhubaneswar,Locality_297,Property_Type,2.0,2051.0,219.27,0.11,2010.0,Unfurnished,7.0,20.0,15.0,2.0,3.0,High,Yes,Yes,Garden,West,Broker,Under_Construction
4305.0,Odisha,Bhubaneswar,Locality_432,Property_Type,5.0,2512.0,148.95,0.06,2023.0,Furnished,19.0,20.0,2.0,3.0,9.0,High,Yes,No,"Playground, Clubhouse",South,Owner,Ready_to_Move
4306.0,Tamil Nadu,Coimbatore,Locality_496,Property_Type,2.0,4859.0,411.87,0.08,2013.0,Unfurnished,18.0,29.0,12.0,5.0,1.0,High,No,Yes,"Garden, Pool, Playground",South,Owner,Ready_to_Move
4307.0,Telangana,Warangal,Locality_369,Property_Type,5.0,1812.0,411.65,0.23,2017.0,Unfurnished,12.0,2.0,8.0,3.0,2.0,Low,No,No,"Garden, Pool, Playground",South,Owner,Ready_to_Move
4308.0,Bihar,Gaya,Locality_461,Property_Type,4.0,4879.0,419.48,0.09,2018.0,Furnished,2.0,24.0,7.0,6.0,3.0,Medium,Yes,Yes,"Garden, Playground, Clubhouse, Pool, Gym",East,Owner,Ready_to_Move
4309.0,Karnataka,Bangalore,Locality_30,Property_Type,2.0,4151.0,343.67,0.08,2013.0,Unfurnished,2.0,26.0,12.0,4.0,3.0,Low,No,Yes,"Pool, Playground, Gym, Garden",West,Builder,Ready_to_Move
4310.0,Delhi,Dwarka,Locality_6,Property_Type,5.0,3795.0,417.06,0.11,1990.0,Furnished,2.0,11.0,35.0,6.0,10.0,Medium,No,No,Pool,East,Broker,Under_Construction
4311.0,Punjab,Ludhiana,Locality_19,Property_Type,4.0,723.0,133.17,0.18,1993.0,Semi-furnished,13.0,7.0,32.0,8.0,1.0,Medium,No,Yes,"Playground, Gym, Clubhouse, Pool, Garden",South,Owner,Ready_to_Move
4312.0,Haryana,Faridabad,Locality_190,Property_Type,5.0,4795.0,355.24,0.07,2019.0,Furnished,19.0,10.0,6.0,10.0,9.0,Low,Yes,Yes,"Garden, Gym",West,Builder,Under_Construction
4313.0,Maharashtra,Pune,Locality_50,Property_Type,2.0,1234.0,30.81,0.02,1990.0,Unfurnished,0.0,24.0,35.0,10.0,1.0,Low,Yes,Yes,"Garden, Pool, Playground",West,Owner,Under_Construction
4314.0,Assam,Guwahati,Locality_215,Property_Type,4.0,4585.0,325.41,0.07,2005.0,Unfurnished,2.0,1.0,20.0,5.0,3.0,Low,No,Yes,"Garden, Clubhouse",North,Broker,Ready_to_Move
4315.0,Jharkhand,Jamshedpur,Locality_480,Property_Type,4.0,1770.0,99.39,0.06,2023.0,Furnished,2.0,8.0,2.0,3.0,8.0,High,Yes,No,"Playground, Pool, Gym, Clubhouse, Garden",West,Owner,Under_Construction
4316.0,Jharkhand,Ranchi,Locality_64,Property_Type,1.0,4299.0,291.2,0.07,1994.0,Semi-furnished,10.0,4.0,31.0,5.0,6.0,High,No,No,Gym,West,Broker,Ready_to_Move
4317.0,Rajasthan,Jodhpur,Locality_341,Property_Type,2.0,3344.0,99.53,0.03,1995.0,Unfurnished,19.0,23.0,30.0,8.0,6.0,Medium,No,No,"Clubhouse, Garden, Pool, Playground, Gym",North,Builder,Under_Construction
4318.0,Haryana,Gurgaon,Locality_184,Property_Type,5.0,3327.0,12.08,0.0,2013.0,Unfurnished,27.0,11.0,12.0,10.0,7.0,Medium,No,Yes,"Playground, Garden",West,Broker,Ready_to_Move
4319.0,Assam,Silchar,Locality_39,Property_Type,1.0,3528.0,122.49,0.03,2019.0,Semi-furnished,12.0,17.0,6.0,6.0,6.0,High,No,No,"Pool, Gym, Garden",West,Owner,Ready_to_Move
4320.0,Assam,Guwahati,Locality_380,Property_Type,5.0,2897.0,267.71,0.09,2019.0,Unfurnished,29.0,23.0,6.0,8.0,1.0,Low,Yes,Yes,"Gym, Playground",East,Owner,Under_Construction
4321.0,Uttarakhand,Dehradun,Locality_489,Property_Type,4.0,2094.0,17.27,0.01,2007.0,Semi-furnished,2.0,16.0,18.0,8.0,7.0,Medium,Yes,Yes,"Garden, Clubhouse, Gym, Playground, Pool",East,Owner,Under_Construction
4322.0,Tamil Nadu,Coimbatore,Locality_378,Property_Type,5.0,4798.0,183.01,0.04,2017.0,Furnished,25.0,13.0,8.0,9.0,8.0,Low,Yes,No,Playground,West,Owner,Under_Construction
4323.0,Telangana,Warangal,Locality_234,Property_Type,3.0,714.0,416.0,0.58,2008.0,Unfurnished,13.0,16.0,17.0,3.0,4.0,Low,No,Yes,"Garden, Playground",West,Broker,Ready_to_Move
4324.0,Rajasthan,Jaipur,Locality_439,Property_Type,3.0,4379.0,54.7,0.01,2021.0,Unfurnished,20.0,8.0,4.0,5.0,9.0,Medium,No,No,"Pool, Clubhouse, Garden",West,Broker,Under_Construction
4325.0,Odisha,Cuttack,Locality_221,Property_Type,5.0,1694.0,379.17,0.22,2005.0,Furnished,18.0,9.0,20.0,2.0,6.0,Medium,No,No,"Pool, Playground, Gym",South,Builder,Under_Construction
4326.0,Madhya Pradesh,Bhopal,Locality_375,Property_Type,5.0,3662.0,399.59,0.11,1996.0,Unfurnished,23.0,8.0,29.0,1.0,1.0,Low,No,No,"Pool, Clubhouse, Garden, Gym",East,Builder,Ready_to_Move
4327.0,Andhra Pradesh,Vishakhapatnam,Locality_73,Property_Type,4.0,1319.0,373.68,0.28,2006.0,Furnished,7.0,10.0,19.0,9.0,1.0,Medium,Yes,Yes,"Pool, Gym",North,Broker,Under_Construction
4328.0,West Bengal,Durgapur,Locality_143,Property_Type,5.0,655.0,166.31,0.25,2004.0,Furnished,8.0,21.0,21.0,9.0,4.0,Medium,No,Yes,"Garden, Clubhouse, Playground",North,Owner,Ready_to_Move
4329.0,Chhattisgarh,Raipur,Locality_384,Property_Type,5.0,2923.0,291.22,0.1,2015.0,Semi-furnished,9.0,16.0,10.0,10.0,7.0,Medium,Yes,No,"Gym, Garden, Pool",South,Owner,Under_Construction
4330.0,Uttarakhand,Haridwar,Locality_380,Property_Type,4.0,3106.0,424.83,0.14,1997.0,Unfurnished,3.0,10.0,28.0,7.0,9.0,Medium,Yes,No,"Playground, Clubhouse, Pool",South,Builder,Under_Construction
4331.0,Karnataka,Mangalore,Locality_406,Property_Type,1.0,3597.0,329.1,0.09,2014.0,Semi-furnished,0.0,12.0,11.0,6.0,9.0,Low,No,Yes,"Playground, Clubhouse, Garden, Gym",East,Builder,Under_Construction
4332.0,Maharashtra,Nagpur,Locality_100,Property_Type,1.0,1144.0,331.8,0.29,2002.0,Furnished,6.0,2.0,23.0,6.0,1.0,High,No,Yes,Pool,West,Builder,Under_Construction
4333.0,Gujarat,Ahmedabad,Locality_285,Property_Type,5.0,932.0,384.64,0.41,1990.0,Furnished,0.0,14.0,35.0,7.0,7.0,High,No,No,"Gym, Playground, Clubhouse",North,Owner,Ready_to_Move
4334.0,Assam,Silchar,Locality_487,Property_Type,5.0,801.0,39.72,0.05,2011.0,Semi-furnished,19.0,21.0,14.0,6.0,2.0,Medium,No,No,Gym,South,Broker,Under_Construction
4335.0,Odisha,Bhubaneswar,Locality_268,Property_Type,2.0,2959.0,370.89,0.13,2019.0,Furnished,15.0,15.0,6.0,8.0,6.0,Medium,No,No,"Playground, Clubhouse, Gym",West,Broker,Under_Construction
4336.0,Odisha,Bhubaneswar,Locality_302,Property_Type,3.0,1023.0,324.22,0.32,2010.0,Furnished,3.0,11.0,15.0,8.0,3.0,Medium,Yes,Yes,"Garden, Playground",North,Owner,Ready_to_Move
4337.0,Gujarat,Ahmedabad,Locality_31,Property_Type,5.0,2422.0,130.54,0.05,1993.0,Unfurnished,24.0,29.0,32.0,7.0,10.0,High,No,Yes,"Clubhouse, Playground",East,Builder,Ready_to_Move
4338.0,Delhi,New Delhi,Locality_291,Property_Type,2.0,726.0,276.31,0.38,2012.0,Semi-furnished,6.0,9.0,13.0,4.0,4.0,High,Yes,No,"Pool, Playground, Gym",East,Builder,Under_Construction
4339.0,Odisha,Bhubaneswar,Locality_180,Property_Type,3.0,1271.0,396.39,0.31,1995.0,Unfurnished,3.0,8.0,30.0,1.0,1.0,Medium,No,No,Pool,West,Owner,Ready_to_Move
4340.0,Haryana,Gurgaon,Locality_322,Property_Type,4.0,4175.0,172.24,0.04,2002.0,Unfurnished,13.0,8.0,23.0,9.0,1.0,High,Yes,Yes,"Gym, Garden, Clubhouse",West,Builder,Under_Construction
4341.0,Rajasthan,Jaipur,Locality_296,Property_Type,5.0,4003.0,112.93,0.03,2009.0,Unfurnished,13.0,30.0,16.0,8.0,9.0,Low,No,No,"Pool, Playground, Clubhouse, Gym",North,Owner,Under_Construction
4342.0,Haryana,Gurgaon,Locality_15,Property_Type,5.0,1144.0,55.46,0.05,2001.0,Semi-furnished,19.0,12.0,24.0,5.0,4.0,High,Yes,Yes,Gym,East,Owner,Under_Construction
4343.0,Punjab,Amritsar,Locality_328,Property_Type,2.0,4696.0,22.28,0.0,1991.0,Unfurnished,8.0,20.0,34.0,5.0,10.0,High,No,No,"Clubhouse, Playground",West,Builder,Under_Construction
4344.0,Karnataka,Mysore,Locality_297,Property_Type,2.0,3118.0,296.14,0.09,2018.0,Furnished,14.0,18.0,7.0,5.0,6.0,Medium,No,Yes,"Gym, Playground, Pool",East,Builder,Under_Construction
4345.0,Assam,Silchar,Locality_39,Property_Type,4.0,3254.0,245.35,0.08,1991.0,Furnished,10.0,29.0,34.0,10.0,7.0,Low,Yes,Yes,Playground,South,Broker,Ready_to_Move
4346.0,Rajasthan,Jaipur,Locality_104,Property_Type,5.0,3184.0,440.15,0.14,1990.0,Unfurnished,6.0,11.0,35.0,2.0,6.0,High,No,No,"Garden, Clubhouse, Pool, Gym",East,Broker,Under_Construction
4347.0,Chhattisgarh,Raipur,Locality_405,Property_Type,2.0,802.0,271.42,0.34,2019.0,Furnished,11.0,1.0,6.0,1.0,2.0,High,Yes,No,Pool,North,Builder,Under_Construction
4348.0,Andhra Pradesh,Vijayawada,Locality_236,Property_Type,2.0,611.0,468.95,0.77,1991.0,Semi-furnished,19.0,30.0,34.0,8.0,5.0,High,No,No,"Playground, Pool, Gym, Garden, Clubhouse",West,Owner,Ready_to_Move
4349.0,Andhra Pradesh,Vishakhapatnam,Locality_34,Property_Type,2.0,3414.0,281.64,0.08,2020.0,Semi-furnished,22.0,20.0,5.0,1.0,8.0,Low,No,Yes,"Pool, Gym, Garden, Playground, Clubhouse",West,Builder,Ready_to_Move
4350.0,Rajasthan,Jodhpur,Locality_268,Property_Type,3.0,2004.0,318.79,0.16,1994.0,Semi-furnished,17.0,25.0,31.0,8.0,8.0,Medium,Yes,No,Gym,West,Builder,Under_Construction
4351.0,Delhi,New Delhi,Locality_477,Property_Type,4.0,3038.0,114.97,0.04,1993.0,Semi-furnished,13.0,24.0,32.0,1.0,4.0,High,Yes,Yes,"Playground, Pool",South,Broker,Ready_to_Move
4352.0,Bihar,Gaya,Locality_265,Property_Type,5.0,4581.0,251.7,0.05,1990.0,Furnished,13.0,11.0,35.0,10.0,1.0,Medium,No,No,Garden,East,Owner,Ready_to_Move
4353.0,Bihar,Gaya,Locality_228,Property_Type,5.0,3900.0,268.53,0.07,2007.0,Unfurnished,15.0,29.0,18.0,9.0,7.0,Medium,No,Yes,"Playground, Clubhouse, Pool, Gym, Garden",East,Owner,Under_Construction
4354.0,Jharkhand,Jamshedpur,Locality_202,Property_Type,5.0,2391.0,333.8,0.14,2016.0,Furnished,30.0,8.0,9.0,2.0,7.0,Medium,Yes,Yes,"Gym, Playground",West,Owner,Under_Construction
4355.0,Bihar,Gaya,Locality_408,Property_Type,1.0,644.0,103.9,0.16,2017.0,Unfurnished,28.0,8.0,8.0,10.0,6.0,Medium,No,No,"Clubhouse, Garden, Gym",South,Builder,Ready_to_Move
4356.0,Delhi,Dwarka,Locality_115,Property_Type,4.0,4473.0,278.57,0.06,1992.0,Furnished,5.0,24.0,33.0,4.0,4.0,Low,No,No,"Pool, Gym, Garden",South,Broker,Under_Construction
4357.0,Odisha,Bhubaneswar,Locality_363,Property_Type,1.0,3565.0,240.83,0.07,2012.0,Unfurnished,23.0,20.0,13.0,1.0,2.0,Medium,Yes,Yes,"Garden, Pool, Gym",South,Broker,Ready_to_Move
4358.0,Bihar,Patna,Locality_37,Property_Type,4.0,3335.0,103.9,0.03,1993.0,Furnished,16.0,13.0,32.0,2.0,3.0,High,No,No,"Clubhouse, Pool, Playground",North,Broker,Ready_to_Move
4359.0,Haryana,Gurgaon,Locality_172,Property_Type,3.0,4372.0,202.99,0.05,2005.0,Semi-furnished,14.0,28.0,20.0,1.0,7.0,Low,No,No,Gym,East,Broker,Ready_to_Move
4360.0,Tamil Nadu,Coimbatore,Locality_403,Property_Type,3.0,4252.0,315.87,0.07,2011.0,Semi-furnished,27.0,29.0,14.0,5.0,8.0,Medium,No,Yes,"Playground, Gym, Garden, Pool",West,Broker,Under_Construction
4361.0,Odisha,Bhubaneswar,Locality_92,Property_Type,1.0,3046.0,252.16,0.08,1992.0,Semi-furnished,13.0,17.0,33.0,7.0,9.0,Low,Yes,No,"Garden, Gym, Pool, Playground",West,Broker,Under_Construction
4362.0,Maharashtra,Pune,Locality_92,Property_Type,3.0,3039.0,412.51,0.14,2003.0,Furnished,8.0,30.0,22.0,10.0,4.0,High,Yes,Yes,"Gym, Clubhouse, Garden, Playground, Pool",West,Broker,Ready_to_Move
4363.0,Tamil Nadu,Coimbatore,Locality_439,Property_Type,5.0,516.0,136.58,0.26,2003.0,Furnished,16.0,24.0,22.0,8.0,7.0,Medium,Yes,Yes,"Clubhouse, Playground",North,Broker,Under_Construction
4364.0,Andhra Pradesh,Vishakhapatnam,Locality_367,Property_Type,3.0,3018.0,240.38,0.08,2009.0,Semi-furnished,30.0,5.0,16.0,9.0,10.0,Low,Yes,No,"Garden, Clubhouse, Playground",North,Builder,Under_Construction
4365.0,Telangana,Warangal,Locality_433,Property_Type,1.0,3214.0,120.56,0.04,2006.0,Unfurnished,29.0,20.0,19.0,7.0,1.0,Medium,No,Yes,"Pool, Clubhouse, Playground",South,Broker,Ready_to_Move
4366.0,Karnataka,Bangalore,Locality_307,Property_Type,3.0,4350.0,68.25,0.02,2002.0,Semi-furnished,13.0,9.0,23.0,8.0,7.0,Medium,Yes,Yes,"Playground, Garden, Pool, Clubhouse, Gym",West,Builder,Ready_to_Move
4367.0,Chhattisgarh,Bilaspur,Locality_463,Property_Type,5.0,2044.0,464.52,0.23,2002.0,Semi-furnished,14.0,5.0,23.0,9.0,2.0,Low,Yes,Yes,Pool,North,Builder,Under_Construction
4368.0,Chhattisgarh,Raipur,Locality_33,Property_Type,2.0,3313.0,32.23,0.01,1996.0,Furnished,12.0,30.0,29.0,5.0,3.0,Low,No,Yes,Clubhouse,North,Builder,Under_Construction
4369.0,Maharashtra,Pune,Locality_495,Property_Type,4.0,2730.0,356.1,0.13,1997.0,Unfurnished,15.0,15.0,28.0,5.0,4.0,Low,Yes,No,"Pool, Garden, Gym, Clubhouse",West,Builder,Under_Construction
4370.0,Delhi,New Delhi,Locality_359,Property_Type,1.0,1277.0,144.99,0.11,1992.0,Unfurnished,10.0,22.0,33.0,4.0,8.0,Medium,Yes,Yes,"Clubhouse, Gym",South,Broker,Under_Construction
4371.0,Uttarakhand,Haridwar,Locality_207,Property_Type,3.0,2931.0,326.74,0.11,2022.0,Semi-furnished,23.0,10.0,3.0,10.0,9.0,High,No,No,"Garden, Clubhouse, Gym, Playground, Pool",East,Builder,Ready_to_Move
4372.0,Uttarakhand,Haridwar,Locality_302,Property_Type,1.0,4368.0,241.12,0.06,1992.0,Unfurnished,9.0,11.0,33.0,8.0,6.0,Medium,No,Yes,"Clubhouse, Playground, Gym, Garden, Pool",West,Broker,Ready_to_Move
4373.0,Kerala,Kochi,Locality_329,Property_Type,5.0,2626.0,370.68,0.14,2012.0,Unfurnished,14.0,28.0,13.0,10.0,7.0,Medium,No,Yes,"Clubhouse, Pool, Gym",North,Broker,Under_Construction
4374.0,Assam,Guwahati,Locality_232,Property_Type,4.0,2552.0,211.79,0.08,2007.0,Semi-furnished,11.0,1.0,18.0,4.0,1.0,High,Yes,No,"Clubhouse, Pool, Garden, Gym",North,Broker,Under_Construction
4375.0,Chhattisgarh,Bilaspur,Locality_313,Property_Type,5.0,1595.0,162.07,0.1,1995.0,Unfurnished,20.0,23.0,30.0,3.0,9.0,High,No,No,Gym,East,Broker,Under_Construction
4376.0,Uttar Pradesh,Noida,Locality_450,Property_Type,2.0,771.0,84.82,0.11,2000.0,Semi-furnished,6.0,23.0,25.0,6.0,7.0,Medium,Yes,No,"Garden, Pool, Playground",North,Builder,Under_Construction
4377.0,Bihar,Patna,Locality_377,Property_Type,4.0,3871.0,276.28,0.07,2003.0,Semi-furnished,7.0,26.0,22.0,2.0,6.0,High,Yes,No,"Gym, Garden, Clubhouse, Playground",South,Broker,Under_Construction
4378.0,Haryana,Gurgaon,Locality_493,Property_Type,5.0,3277.0,487.11,0.15,1998.0,Semi-furnished,30.0,1.0,27.0,5.0,3.0,Low,No,No,"Gym, Playground, Garden",East,Owner,Ready_to_Move
4379.0,Madhya Pradesh,Bhopal,Locality_183,Property_Type,4.0,3686.0,310.44,0.08,1996.0,Furnished,28.0,29.0,29.0,2.0,4.0,Medium,Yes,No,"Pool, Playground, Clubhouse",East,Broker,Under_Construction
4380.0,Karnataka,Bangalore,Locality_219,Property_Type,3.0,794.0,274.37,0.35,2004.0,Unfurnished,0.0,23.0,21.0,8.0,10.0,Low,No,No,"Garden, Clubhouse, Gym, Playground, Pool",East,Owner,Under_Construction
4381.0,Rajasthan,Jodhpur,Locality_487,Property_Type,4.0,3769.0,10.45,0.0,2023.0,Semi-furnished,5.0,19.0,2.0,6.0,3.0,Medium,Yes,No,"Clubhouse, Playground, Pool",South,Builder,Under_Construction
4382.0,Bihar,Patna,Locality_323,Property_Type,4.0,2517.0,80.04,0.03,2001.0,Furnished,24.0,29.0,24.0,3.0,8.0,High,Yes,Yes,"Garden, Playground, Clubhouse",South,Builder,Under_Construction
4383.0,Haryana,Faridabad,Locality_83,Property_Type,4.0,3224.0,23.87,0.01,2017.0,Furnished,19.0,27.0,8.0,5.0,2.0,Medium,No,Yes,"Garden, Pool",North,Owner,Under_Construction
4384.0,Chhattisgarh,Bilaspur,Locality_312,Property_Type,4.0,4984.0,224.9,0.05,2001.0,Semi-furnished,28.0,4.0,24.0,2.0,9.0,High,Yes,Yes,"Gym, Clubhouse, Garden",West,Broker,Under_Construction
4385.0,Uttarakhand,Haridwar,Locality_467,Property_Type,3.0,1823.0,99.63,0.05,2007.0,Unfurnished,14.0,17.0,18.0,2.0,2.0,Medium,Yes,Yes,Playground,East,Builder,Ready_to_Move
4386.0,Uttarakhand,Haridwar,Locality_479,Property_Type,2.0,780.0,54.42,0.07,2018.0,Unfurnished,17.0,26.0,7.0,9.0,3.0,Low,Yes,Yes,"Gym, Playground",South,Owner,Under_Construction
4387.0,Odisha,Cuttack,Locality_412,Property_Type,5.0,2655.0,462.32,0.17,2004.0,Semi-furnished,21.0,8.0,21.0,9.0,1.0,Medium,No,No,"Pool, Garden",West,Builder,Ready_to_Move
4388.0,Madhya Pradesh,Indore,Locality_155,Property_Type,1.0,2378.0,439.21,0.18,1990.0,Semi-furnished,7.0,15.0,35.0,10.0,3.0,Low,Yes,No,"Gym, Pool",North,Owner,Under_Construction
4389.0,Bihar,Gaya,Locality_1,Property_Type,5.0,3684.0,28.66,0.01,2014.0,Furnished,2.0,30.0,11.0,8.0,1.0,Medium,Yes,Yes,"Playground, Clubhouse, Pool, Gym",South,Owner,Ready_to_Move
4390.0,Tamil Nadu,Coimbatore,Locality_277,Property_Type,5.0,1610.0,96.39,0.06,2002.0,Furnished,24.0,21.0,23.0,8.0,10.0,High,No,Yes,"Playground, Clubhouse, Gym, Pool",South,Owner,Ready_to_Move
4391.0,Tamil Nadu,Coimbatore,Locality_147,Property_Type,5.0,989.0,442.3,0.45,1992.0,Furnished,4.0,18.0,33.0,7.0,2.0,Low,No,No,"Pool, Gym",East,Owner,Under_Construction
4392.0,Rajasthan,Jaipur,Locality_24,Property_Type,4.0,4350.0,448.86,0.1,2007.0,Furnished,2.0,14.0,18.0,2.0,6.0,Low,No,Yes,"Clubhouse, Pool, Gym",South,Builder,Under_Construction
4393.0,Maharashtra,Nagpur,Locality_82,Property_Type,5.0,4883.0,26.71,0.01,2018.0,Furnished,5.0,12.0,7.0,9.0,1.0,Medium,Yes,No,Pool,South,Broker,Ready_to_Move
4394.0,Haryana,Faridabad,Locality_2,Property_Type,3.0,679.0,268.34,0.4,2021.0,Unfurnished,18.0,12.0,4.0,10.0,1.0,Medium,Yes,Yes,"Clubhouse, Pool, Garden, Playground, Gym",North,Builder,Under_Construction
4395.0,Madhya Pradesh,Bhopal,Locality_107,Property_Type,2.0,4022.0,416.12,0.1,2016.0,Furnished,8.0,27.0,9.0,3.0,8.0,High,Yes,No,"Pool, Playground",South,Broker,Ready_to_Move
4396.0,Kerala,Trivandrum,Locality_263,Property_Type,4.0,1847.0,395.08,0.21,2018.0,Semi-furnished,21.0,22.0,7.0,6.0,7.0,Medium,Yes,No,"Clubhouse, Garden, Playground",East,Owner,Under_Construction
4397.0,Chhattisgarh,Raipur,Locality_57,Property_Type,1.0,3964.0,102.2,0.03,2021.0,Semi-furnished,17.0,29.0,4.0,3.0,6.0,Low,No,Yes,"Garden, Playground, Pool, Gym",South,Broker,Ready_to_Move
4398.0,Assam,Guwahati,Locality_290,Property_Type,5.0,683.0,302.85,0.44,2002.0,Furnished,6.0,14.0,23.0,8.0,1.0,High,No,No,"Gym, Clubhouse",West,Owner,Ready_to_Move
4399.0,Madhya Pradesh,Indore,Locality_203,Property_Type,4.0,934.0,442.74,0.47,1993.0,Furnished,16.0,20.0,32.0,6.0,10.0,Medium,No,Yes,"Playground, Garden, Gym",East,Broker,Under_Construction
4400.0,Tamil Nadu,Coimbatore,Locality_364,Property_Type,2.0,3939.0,288.71,0.07,1998.0,Unfurnished,13.0,6.0,27.0,6.0,9.0,Medium,No,No,"Garden, Playground, Pool, Clubhouse",East,Owner,Under_Construction
4401.0,Karnataka,Bangalore,Locality_414,Property_Type,3.0,3373.0,38.8,0.01,1991.0,Semi-furnished,10.0,18.0,34.0,1.0,9.0,Medium,No,No,"Pool, Clubhouse, Gym, Playground, Garden",South,Owner,Under_Construction
4402.0,Gujarat,Ahmedabad,Locality_17,Property_Type,4.0,3604.0,319.05,0.09,1996.0,Unfurnished,3.0,21.0,29.0,6.0,7.0,High,Yes,No,Playground,West,Broker,Under_Construction
4403.0,Odisha,Cuttack,Locality_69,Property_Type,5.0,3113.0,141.35,0.05,2002.0,Semi-furnished,14.0,14.0,23.0,7.0,2.0,Low,No,Yes,"Pool, Gym, Garden, Playground, Clubhouse",South,Builder,Under_Construction
4404.0,West Bengal,Kolkata,Locality_361,Property_Type,1.0,3340.0,395.76,0.12,2009.0,Furnished,24.0,17.0,16.0,3.0,6.0,Medium,No,No,"Clubhouse, Gym, Garden, Pool, Playground",West,Builder,Ready_to_Move
4405.0,Telangana,Hyderabad,Locality_218,Property_Type,5.0,794.0,108.07,0.14,2017.0,Semi-furnished,30.0,27.0,8.0,3.0,4.0,Medium,No,Yes,"Gym, Playground, Clubhouse, Garden, Pool",West,Builder,Under_Construction
4406.0,Tamil Nadu,Coimbatore,Locality_408,Property_Type,1.0,2385.0,202.67,0.08,2001.0,Unfurnished,25.0,25.0,24.0,7.0,7.0,Medium,No,No,"Gym, Pool, Clubhouse, Playground",East,Builder,Ready_to_Move
4407.0,Punjab,Amritsar,Locality_280,Property_Type,2.0,4288.0,353.23,0.08,2006.0,Semi-furnished,24.0,26.0,19.0,9.0,5.0,High,Yes,Yes,"Garden, Pool, Gym",East,Builder,Ready_to_Move
4408.0,Uttarakhand,Dehradun,Locality_49,Property_Type,4.0,947.0,433.36,0.46,2010.0,Furnished,3.0,5.0,15.0,6.0,6.0,Medium,No,No,Garden,East,Broker,Ready_to_Move
4409.0,Uttar Pradesh,Noida,Locality_151,Property_Type,2.0,3600.0,132.77,0.04,1997.0,Furnished,30.0,6.0,28.0,5.0,3.0,Medium,No,No,"Playground, Pool, Gym, Garden, Clubhouse",East,Owner,Under_Construction
4410.0,Uttar Pradesh,Lucknow,Locality_23,Property_Type,3.0,4851.0,30.45,0.01,1996.0,Semi-furnished,29.0,25.0,29.0,4.0,3.0,Low,Yes,Yes,"Clubhouse, Gym",West,Builder,Under_Construction
4411.0,Tamil Nadu,Chennai,Locality_25,Property_Type,5.0,1998.0,269.16,0.13,2007.0,Furnished,25.0,17.0,18.0,7.0,2.0,Low,Yes,No,"Garden, Clubhouse, Gym, Pool, Playground",West,Builder,Under_Construction
4412.0,Andhra Pradesh,Vishakhapatnam,Locality_488,Property_Type,3.0,4098.0,292.56,0.07,2023.0,Unfurnished,13.0,28.0,2.0,1.0,4.0,Low,No,Yes,"Gym, Pool, Clubhouse, Playground",East,Owner,Ready_to_Move
4413.0,Uttar Pradesh,Lucknow,Locality_499,Property_Type,1.0,1462.0,392.86,0.27,2005.0,Unfurnished,12.0,21.0,20.0,10.0,2.0,Low,No,Yes,"Clubhouse, Playground, Garden, Pool, Gym",East,Owner,Under_Construction
4414.0,Bihar,Patna,Locality_104,Property_Type,1.0,1860.0,239.05,0.13,2009.0,Furnished,15.0,10.0,16.0,10.0,10.0,High,Yes,Yes,"Garden, Playground, Pool, Clubhouse",North,Owner,Under_Construction
4415.0,Uttar Pradesh,Noida,Locality_364,Property_Type,1.0,2464.0,401.55,0.16,2017.0,Furnished,19.0,8.0,8.0,4.0,1.0,Low,No,Yes,"Playground, Clubhouse",South,Owner,Ready_to_Move
4416.0,Haryana,Gurgaon,Locality_410,Property_Type,3.0,4267.0,258.1,0.06,1995.0,Furnished,28.0,15.0,30.0,6.0,1.0,High,No,No,"Pool, Garden, Gym, Playground, Clubhouse",North,Broker,Under_Construction
4417.0,Tamil Nadu,Chennai,Locality_24,Property_Type,1.0,4702.0,61.75,0.01,1995.0,Furnished,0.0,8.0,30.0,5.0,9.0,Low,No,Yes,"Gym, Clubhouse",South,Builder,Under_Construction
4418.0,Telangana,Hyderabad,Locality_366,Property_Type,3.0,1854.0,82.46,0.04,2000.0,Unfurnished,5.0,12.0,25.0,6.0,2.0,High,No,No,Garden,South,Builder,Ready_to_Move
4419.0,Karnataka,Mangalore,Locality_392,Property_Type,5.0,3835.0,172.41,0.04,2018.0,Semi-furnished,12.0,13.0,7.0,6.0,3.0,Medium,No,Yes,"Garden, Pool",North,Builder,Under_Construction
4420.0,Jharkhand,Jamshedpur,Locality_56,Property_Type,3.0,1361.0,408.46,0.3,2006.0,Unfurnished,28.0,1.0,19.0,6.0,9.0,Low,Yes,Yes,Playground,East,Builder,Under_Construction
4421.0,Tamil Nadu,Chennai,Locality_57,Property_Type,1.0,3450.0,206.53,0.06,1996.0,Furnished,3.0,28.0,29.0,6.0,3.0,High,Yes,Yes,"Garden, Playground, Gym, Clubhouse",East,Owner,Under_Construction
4422.0,Bihar,Patna,Locality_361,Property_Type,4.0,4371.0,181.15,0.04,1999.0,Furnished,21.0,22.0,26.0,1.0,3.0,High,Yes,No,Gym,East,Builder,Under_Construction
4423.0,Bihar,Patna,Locality_185,Property_Type,1.0,567.0,268.76,0.47,1992.0,Unfurnished,11.0,8.0,33.0,9.0,8.0,Low,No,Yes,"Clubhouse, Pool, Garden",West,Builder,Under_Construction
4424.0,Jharkhand,Ranchi,Locality_192,Property_Type,2.0,3271.0,139.12,0.04,2000.0,Semi-furnished,24.0,17.0,25.0,4.0,5.0,Low,No,No,"Gym, Garden, Pool, Playground",South,Owner,Ready_to_Move
4425.0,Assam,Guwahati,Locality_455,Property_Type,3.0,568.0,264.69,0.47,2016.0,Semi-furnished,18.0,27.0,9.0,6.0,10.0,Low,No,No,"Pool, Clubhouse, Gym",East,Owner,Ready_to_Move
4426.0,West Bengal,Durgapur,Locality_452,Property_Type,4.0,4594.0,299.68,0.07,2016.0,Unfurnished,18.0,15.0,9.0,8.0,3.0,Low,No,Yes,"Clubhouse, Gym, Playground",East,Owner,Under_Construction
4427.0,Odisha,Bhubaneswar,Locality_308,Property_Type,3.0,1610.0,313.77,0.19,2022.0,Furnished,16.0,2.0,3.0,10.0,8.0,Low,No,No,"Gym, Pool, Playground, Garden",East,Owner,Ready_to_Move
4428.0,Maharashtra,Nagpur,Locality_12,Property_Type,1.0,1527.0,372.15,0.24,1994.0,Furnished,5.0,17.0,31.0,10.0,8.0,High,No,Yes,"Garden, Playground, Gym",West,Owner,Under_Construction
4429.0,Assam,Guwahati,Locality_84,Property_Type,3.0,4900.0,65.85,0.01,2012.0,Semi-furnished,25.0,23.0,13.0,5.0,6.0,Low,No,Yes,Playground,West,Owner,Ready_to_Move
4430.0,Karnataka,Mysore,Locality_403,Property_Type,5.0,952.0,390.6,0.41,2007.0,Semi-furnished,12.0,30.0,18.0,5.0,3.0,Medium,No,No,"Gym, Playground, Pool, Clubhouse",East,Builder,Ready_to_Move
4431.0,Chhattisgarh,Bilaspur,Locality_40,Property_Type,2.0,1122.0,478.7,0.43,2008.0,Furnished,16.0,21.0,17.0,3.0,8.0,Medium,No,No,"Garden, Clubhouse",South,Builder,Under_Construction
4432.0,Telangana,Hyderabad,Locality_307,Property_Type,1.0,2843.0,53.08,0.02,2000.0,Furnished,23.0,21.0,25.0,1.0,10.0,Medium,No,No,"Garden, Clubhouse, Playground, Gym",North,Owner,Under_Construction
4433.0,Jharkhand,Ranchi,Locality_315,Property_Type,5.0,1767.0,25.2,0.01,2021.0,Unfurnished,19.0,17.0,4.0,2.0,4.0,Low,Yes,Yes,"Pool, Playground",North,Owner,Ready_to_Move
4434.0,Odisha,Cuttack,Locality_46,Property_Type,4.0,2013.0,296.53,0.15,2018.0,Unfurnished,4.0,12.0,7.0,9.0,5.0,High,Yes,Yes,"Gym, Garden",West,Owner,Ready_to_Move
4435.0,Assam,Guwahati,Locality_406,Property_Type,1.0,2524.0,51.81,0.02,1998.0,Unfurnished,2.0,4.0,27.0,6.0,2.0,Low,Yes,Yes,"Garden, Pool, Playground, Clubhouse, Gym",East,Broker,Ready_to_Move
4436.0,Gujarat,Surat,Locality_400,Property_Type,3.0,3816.0,326.14,0.09,2022.0,Furnished,16.0,17.0,3.0,2.0,10.0,High,No,No,Gym,South,Owner,Ready_to_Move
4437.0,Jharkhand,Jamshedpur,Locality_415,Property_Type,3.0,962.0,490.6,0.51,2006.0,Furnished,3.0,8.0,19.0,3.0,9.0,Medium,No,Yes,"Clubhouse, Pool, Playground",South,Broker,Under_Construction
4438.0,Gujarat,Surat,Locality_307,Property_Type,5.0,597.0,326.03,0.55,2013.0,Semi-furnished,22.0,27.0,12.0,5.0,6.0,Medium,No,Yes,"Pool, Gym, Garden",West,Owner,Ready_to_Move
4439.0,West Bengal,Durgapur,Locality_122,Property_Type,5.0,1409.0,263.46,0.19,2010.0,Semi-furnished,3.0,3.0,15.0,5.0,5.0,Medium,No,Yes,"Clubhouse, Pool, Playground, Garden, Gym",South,Broker,Ready_to_Move
4440.0,Tamil Nadu,Chennai,Locality_274,Property_Type,1.0,4964.0,343.31,0.07,2006.0,Furnished,5.0,2.0,19.0,8.0,10.0,Medium,No,Yes,"Clubhouse, Gym, Garden, Pool, Playground",West,Broker,Under_Construction
4441.0,Andhra Pradesh,Vijayawada,Locality_83,Property_Type,2.0,3666.0,433.27,0.12,2006.0,Unfurnished,20.0,3.0,19.0,3.0,2.0,High,Yes,Yes,Gym,East,Builder,Under_Construction
4442.0,Uttarakhand,Dehradun,Locality_244,Property_Type,3.0,4616.0,442.68,0.1,2004.0,Furnished,9.0,17.0,21.0,6.0,7.0,Low,Yes,No,Pool,East,Builder,Ready_to_Move
4443.0,Uttarakhand,Dehradun,Locality_424,Property_Type,4.0,4043.0,491.61,0.12,2018.0,Unfurnished,3.0,18.0,7.0,10.0,4.0,Medium,Yes,No,Playground,North,Owner,Ready_to_Move
4444.0,Haryana,Gurgaon,Locality_214,Property_Type,2.0,4476.0,483.93,0.11,2022.0,Unfurnished,19.0,20.0,3.0,3.0,1.0,Low,No,No,"Garden, Clubhouse",South,Builder,Under_Construction
4445.0,Assam,Silchar,Locality_161,Property_Type,4.0,4473.0,61.37,0.01,2008.0,Semi-furnished,10.0,3.0,17.0,6.0,5.0,Low,No,Yes,"Pool, Playground",East,Broker,Ready_to_Move
4446.0,Andhra Pradesh,Vishakhapatnam,Locality_449,Property_Type,1.0,4941.0,173.16,0.04,2000.0,Unfurnished,26.0,18.0,25.0,6.0,6.0,Medium,No,Yes,"Pool, Gym, Clubhouse",South,Owner,Under_Construction
4447.0,Telangana,Hyderabad,Locality_113,Property_Type,4.0,2029.0,83.85,0.04,1993.0,Semi-furnished,21.0,23.0,32.0,3.0,5.0,Low,No,Yes,"Playground, Clubhouse, Pool",North,Owner,Under_Construction
4448.0,Uttarakhand,Dehradun,Locality_296,Property_Type,1.0,4944.0,301.45,0.06,2003.0,Unfurnished,25.0,22.0,22.0,10.0,10.0,Medium,Yes,Yes,"Clubhouse, Playground, Gym, Pool",West,Builder,Under_Construction
4449.0,Rajasthan,Jodhpur,Locality_62,Property_Type,2.0,3652.0,227.35,0.06,2011.0,Semi-furnished,7.0,8.0,14.0,7.0,6.0,Medium,No,No,"Garden, Gym, Playground, Pool",East,Owner,Under_Construction
4450.0,Punjab,Ludhiana,Locality_243,Property_Type,1.0,1602.0,150.54,0.09,2006.0,Unfurnished,23.0,10.0,19.0,2.0,2.0,High,Yes,No,Pool,West,Owner,Ready_to_Move
4451.0,Andhra Pradesh,Vishakhapatnam,Locality_243,Property_Type,5.0,985.0,403.43,0.41,1995.0,Unfurnished,26.0,14.0,30.0,5.0,2.0,High,No,No,Garden,North,Owner,Ready_to_Move
4452.0,Haryana,Faridabad,Locality_482,Property_Type,4.0,4568.0,258.28,0.06,2017.0,Unfurnished,22.0,5.0,8.0,8.0,6.0,Medium,Yes,No,"Garden, Playground",West,Broker,Ready_to_Move
4453.0,Kerala,Kochi,Locality_62,Property_Type,1.0,1497.0,167.67,0.11,2018.0,Unfurnished,27.0,23.0,7.0,6.0,6.0,Medium,No,No,"Gym, Pool, Clubhouse",South,Builder,Ready_to_Move
4454.0,Bihar,Gaya,Locality_399,Property_Type,3.0,1254.0,81.5,0.06,2016.0,Unfurnished,15.0,15.0,9.0,1.0,10.0,High,No,Yes,"Garden, Pool",North,Owner,Under_Construction
4455.0,West Bengal,Kolkata,Locality_392,Property_Type,1.0,3393.0,163.88,0.05,2010.0,Unfurnished,6.0,8.0,15.0,3.0,2.0,High,Yes,Yes,"Playground, Garden, Clubhouse",East,Owner,Ready_to_Move
4456.0,West Bengal,Durgapur,Locality_460,Property_Type,4.0,2778.0,198.4,0.07,2000.0,Unfurnished,12.0,18.0,25.0,4.0,10.0,High,Yes,No,Clubhouse,West,Broker,Ready_to_Move
4457.0,Telangana,Warangal,Locality_333,Property_Type,4.0,4100.0,438.85,0.11,2009.0,Semi-furnished,30.0,26.0,16.0,6.0,4.0,Low,Yes,Yes,"Pool, Clubhouse, Gym, Playground",East,Broker,Under_Construction
4458.0,Uttarakhand,Dehradun,Locality_433,Property_Type,2.0,1298.0,25.32,0.02,1992.0,Furnished,10.0,21.0,33.0,10.0,3.0,Low,No,Yes,"Clubhouse, Pool, Playground, Gym, Garden",North,Owner,Under_Construction
4459.0,Assam,Guwahati,Locality_286,Property_Type,3.0,1982.0,74.64,0.04,2016.0,Semi-furnished,2.0,26.0,9.0,3.0,2.0,Medium,Yes,Yes,Clubhouse,North,Broker,Ready_to_Move
4460.0,Kerala,Kochi,Locality_397,Property_Type,2.0,1375.0,316.94,0.23,1998.0,Furnished,26.0,20.0,27.0,4.0,2.0,High,Yes,No,"Garden, Clubhouse, Pool, Playground",North,Builder,Under_Construction
4461.0,Chhattisgarh,Raipur,Locality_1,Property_Type,5.0,3044.0,492.38,0.16,2020.0,Unfurnished,28.0,1.0,5.0,10.0,6.0,High,No,No,Playground,East,Broker,Under_Construction
4462.0,Haryana,Faridabad,Locality_481,Property_Type,1.0,3778.0,341.03,0.09,1992.0,Unfurnished,20.0,29.0,33.0,6.0,2.0,High,No,Yes,Clubhouse,North,Builder,Ready_to_Move
4463.0,Chhattisgarh,Raipur,Locality_373,Property_Type,4.0,863.0,310.57,0.36,1995.0,Furnished,12.0,17.0,30.0,9.0,1.0,Medium,Yes,No,"Clubhouse, Pool, Gym, Playground",South,Owner,Under_Construction
4464.0,Uttar Pradesh,Noida,Locality_315,Property_Type,5.0,2002.0,139.54,0.07,2019.0,Furnished,19.0,18.0,6.0,5.0,2.0,Low,No,No,"Pool, Playground",North,Owner,Ready_to_Move
4465.0,Uttar Pradesh,Lucknow,Locality_6,Property_Type,2.0,1940.0,356.9,0.18,2014.0,Unfurnished,0.0,21.0,11.0,7.0,3.0,Medium,Yes,Yes,"Pool, Playground",North,Broker,Ready_to_Move
4466.0,Uttar Pradesh,Lucknow,Locality_75,Property_Type,5.0,1615.0,91.79,0.06,1997.0,Unfurnished,1.0,12.0,28.0,4.0,5.0,Medium,Yes,Yes,"Garden, Gym",North,Owner,Ready_to_Move
4467.0,Uttarakhand,Dehradun,Locality_320,Property_Type,1.0,2453.0,429.81,0.18,2001.0,Unfurnished,24.0,10.0,24.0,4.0,7.0,High,No,No,"Garden, Clubhouse, Gym",East,Owner,Under_Construction
4468.0,Kerala,Kochi,Locality_144,Property_Type,3.0,2578.0,442.95,0.17,2018.0,Semi-furnished,29.0,11.0,7.0,10.0,3.0,Medium,Yes,Yes,"Gym, Playground, Pool, Clubhouse, Garden",East,Broker,Under_Construction
4469.0,Madhya Pradesh,Indore,Locality_228,Property_Type,5.0,2522.0,115.83,0.05,2019.0,Semi-furnished,11.0,25.0,6.0,7.0,1.0,Low,No,Yes,"Gym, Pool",East,Builder,Ready_to_Move
4470.0,West Bengal,Kolkata,Locality_50,Property_Type,1.0,2725.0,411.29,0.15,2015.0,Unfurnished,5.0,5.0,10.0,5.0,1.0,High,No,No,"Gym, Playground, Clubhouse",West,Builder,Under_Construction
4471.0,Gujarat,Surat,Locality_417,Property_Type,3.0,4938.0,458.89,0.09,2020.0,Semi-furnished,5.0,16.0,5.0,9.0,1.0,Medium,Yes,No,Playground,North,Owner,Under_Construction
4472.0,Assam,Guwahati,Locality_435,Property_Type,4.0,4152.0,327.45,0.08,2006.0,Unfurnished,5.0,5.0,19.0,6.0,9.0,Medium,Yes,Yes,"Garden, Pool, Playground, Clubhouse",North,Broker,Under_Construction
4473.0,Chhattisgarh,Raipur,Locality_55,Property_Type,1.0,2057.0,72.88,0.04,2012.0,Unfurnished,7.0,7.0,13.0,5.0,7.0,Low,Yes,No,Pool,South,Broker,Ready_to_Move
4474.0,Haryana,Faridabad,Locality_141,Property_Type,2.0,2511.0,480.02,0.19,2011.0,Unfurnished,7.0,17.0,14.0,8.0,4.0,Medium,Yes,Yes,"Playground, Gym, Pool, Clubhouse, Garden",East,Owner,Ready_to_Move
4475.0,Tamil Nadu,Coimbatore,Locality_361,Property_Type,2.0,2836.0,395.35,0.14,1990.0,Furnished,18.0,8.0,35.0,2.0,2.0,High,Yes,No,"Playground, Clubhouse",South,Broker,Under_Construction
4476.0,Madhya Pradesh,Bhopal,Locality_238,Property_Type,1.0,4961.0,472.65,0.1,1994.0,Semi-furnished,27.0,20.0,31.0,7.0,2.0,Low,Yes,Yes,"Garden, Playground, Clubhouse",North,Broker,Under_Construction
4477.0,Chhattisgarh,Raipur,Locality_464,Property_Type,3.0,4492.0,412.21,0.09,2023.0,Unfurnished,18.0,27.0,2.0,9.0,5.0,Medium,No,No,Playground,West,Owner,Ready_to_Move
4478.0,Odisha,Bhubaneswar,Locality_26,Property_Type,5.0,1691.0,313.93,0.19,1995.0,Furnished,12.0,29.0,30.0,10.0,4.0,Low,No,Yes,"Clubhouse, Pool, Playground",South,Owner,Under_Construction
4479.0,Jharkhand,Ranchi,Locality_251,Property_Type,1.0,4166.0,396.5,0.1,1997.0,Semi-furnished,30.0,16.0,28.0,4.0,4.0,Medium,Yes,Yes,"Garden, Pool, Gym, Clubhouse, Playground",East,Builder,Under_Construction
4480.0,Jharkhand,Jamshedpur,Locality_304,Property_Type,4.0,3027.0,249.32,0.08,1996.0,Semi-furnished,28.0,29.0,29.0,10.0,9.0,High,Yes,Yes,"Garden, Gym, Playground, Clubhouse, Pool",West,Broker,Ready_to_Move
4481.0,Telangana,Hyderabad,Locality_284,Property_Type,5.0,3347.0,178.94,0.05,2009.0,Unfurnished,2.0,6.0,16.0,3.0,8.0,High,Yes,Yes,Gym,West,Broker,Under_Construction
4482.0,Chhattisgarh,Bilaspur,Locality_309,Property_Type,5.0,2783.0,234.11,0.08,2017.0,Unfurnished,10.0,23.0,8.0,3.0,2.0,Low,Yes,Yes,"Clubhouse, Playground",East,Builder,Ready_to_Move
4483.0,Kerala,Trivandrum,Locality_445,Property_Type,2.0,1089.0,189.42,0.17,2018.0,Unfurnished,1.0,3.0,7.0,2.0,10.0,High,Yes,Yes,"Clubhouse, Playground, Gym",East,Broker,Ready_to_Move
4484.0,Telangana,Warangal,Locality_76,Property_Type,2.0,3960.0,141.35,0.04,1994.0,Semi-furnished,10.0,5.0,31.0,10.0,1.0,Low,No,Yes,Garden,South,Broker,Ready_to_Move
4485.0,Maharashtra,Mumbai,Locality_37,Property_Type,5.0,1388.0,379.55,0.27,1991.0,Semi-furnished,18.0,26.0,34.0,2.0,9.0,Medium,No,No,Pool,North,Broker,Under_Construction
4486.0,Assam,Silchar,Locality_42,Property_Type,4.0,3230.0,157.67,0.05,2013.0,Unfurnished,10.0,9.0,12.0,10.0,3.0,Low,No,Yes,"Garden, Pool, Clubhouse",East,Broker,Under_Construction
4487.0,Tamil Nadu,Chennai,Locality_111,Property_Type,2.0,3276.0,477.12,0.15,2016.0,Furnished,5.0,17.0,9.0,5.0,2.0,Medium,Yes,No,Pool,East,Builder,Ready_to_Move
4488.0,Maharashtra,Mumbai,Locality_163,Property_Type,4.0,3242.0,300.62,0.09,2016.0,Semi-furnished,21.0,16.0,9.0,10.0,1.0,Medium,Yes,Yes,Gym,South,Builder,Ready_to_Move
4489.0,Andhra Pradesh,Vijayawada,Locality_78,Property_Type,3.0,4749.0,345.34,0.07,2008.0,Semi-furnished,17.0,1.0,17.0,2.0,7.0,Medium,No,No,"Gym, Clubhouse",South,Broker,Under_Construction
4490.0,West Bengal,Durgapur,Locality_418,Property_Type,2.0,4957.0,11.34,0.0,2006.0,Semi-furnished,9.0,14.0,19.0,6.0,10.0,Low,No,Yes,Pool,West,Builder,Under_Construction
4491.0,Karnataka,Bangalore,Locality_165,Property_Type,3.0,558.0,11.47,0.02,2008.0,Unfurnished,25.0,6.0,17.0,4.0,1.0,Medium,Yes,No,"Playground, Garden, Clubhouse, Pool",South,Owner,Under_Construction
4492.0,Karnataka,Mysore,Locality_176,Property_Type,1.0,1511.0,249.1,0.16,2022.0,Semi-furnished,23.0,12.0,3.0,7.0,5.0,Low,Yes,Yes,Playground,North,Builder,Under_Construction
4493.0,Uttar Pradesh,Lucknow,Locality_238,Property_Type,2.0,4446.0,24.98,0.01,1995.0,Semi-furnished,29.0,1.0,30.0,2.0,6.0,Medium,No,No,"Clubhouse, Playground, Pool, Gym, Garden",East,Owner,Under_Construction
4494.0,Punjab,Ludhiana,Locality_494,Property_Type,2.0,1214.0,108.5,0.09,1996.0,Furnished,0.0,20.0,29.0,1.0,3.0,Low,No,Yes,"Clubhouse, Playground, Garden, Gym",North,Owner,Under_Construction
4495.0,Gujarat,Ahmedabad,Locality_162,Property_Type,2.0,4683.0,474.17,0.1,1997.0,Semi-furnished,5.0,10.0,28.0,4.0,1.0,Low,Yes,Yes,"Gym, Clubhouse, Playground, Pool, Garden",North,Owner,Under_Construction
4496.0,Kerala,Trivandrum,Locality_280,Property_Type,2.0,3023.0,409.57,0.14,1997.0,Furnished,17.0,20.0,28.0,1.0,5.0,High,Yes,No,"Pool, Gym, Clubhouse",East,Broker,Under_Construction
4497.0,Punjab,Amritsar,Locality_394,Property_Type,5.0,1372.0,260.07,0.19,1997.0,Unfurnished,16.0,19.0,28.0,5.0,5.0,High,Yes,No,"Playground, Garden, Pool, Gym, Clubhouse",North,Owner,Under_Construction
4498.0,West Bengal,Durgapur,Locality_443,Property_Type,3.0,2333.0,288.13,0.12,2012.0,Furnished,1.0,1.0,13.0,7.0,7.0,Low,No,No,"Garden, Clubhouse, Pool",North,Builder,Under_Construction
4499.0,Karnataka,Mysore,Locality_300,Property_Type,4.0,545.0,424.65,0.78,2020.0,Semi-furnished,7.0,9.0,5.0,1.0,3.0,High,Yes,Yes,Garden,South,Owner,Under_Construction
4500.0,Kerala,Trivandrum,Locality_484,Property_Type,3.0,4569.0,149.3,0.03,2020.0,Semi-furnished,27.0,28.0,5.0,8.0,6.0,High,No,No,"Pool, Gym, Garden, Clubhouse, Playground",West,Builder,Under_Construction
4501.0,Uttar Pradesh,Noida,Locality_15,Property_Type,2.0,4227.0,490.4,0.12,1994.0,Unfurnished,30.0,20.0,31.0,2.0,3.0,High,No,Yes,"Gym, Playground, Clubhouse, Pool",North,Owner,Under_Construction
4502.0,Chhattisgarh,Raipur,Locality_39,Property_Type,3.0,2762.0,124.84,0.05,2003.0,Unfurnished,1.0,10.0,22.0,6.0,1.0,High,Yes,Yes,"Pool, Clubhouse, Playground",North,Broker,Ready_to_Move
4503.0,Karnataka,Mysore,Locality_37,Property_Type,1.0,3382.0,274.24,0.08,2012.0,Semi-furnished,21.0,8.0,13.0,9.0,6.0,Medium,No,Yes,Pool,North,Builder,Ready_to_Move
4504.0,Madhya Pradesh,Bhopal,Locality_360,Property_Type,1.0,4954.0,248.91,0.05,2001.0,Furnished,4.0,3.0,24.0,6.0,2.0,Medium,Yes,Yes,"Garden, Playground, Pool, Gym, Clubhouse",North,Owner,Ready_to_Move
4505.0,Bihar,Gaya,Locality_129,Property_Type,1.0,2200.0,24.91,0.01,1993.0,Semi-furnished,25.0,23.0,32.0,10.0,5.0,High,Yes,No,"Pool, Playground",North,Owner,Ready_to_Move
4506.0,Tamil Nadu,Chennai,Locality_59,Property_Type,5.0,2816.0,184.24,0.07,2007.0,Semi-furnished,4.0,15.0,18.0,9.0,6.0,Medium,Yes,No,"Clubhouse, Garden, Pool, Playground",West,Broker,Ready_to_Move
4507.0,Uttarakhand,Haridwar,Locality_181,Property_Type,1.0,4222.0,226.59,0.05,1995.0,Semi-furnished,6.0,16.0,30.0,4.0,8.0,Medium,Yes,Yes,"Playground, Gym, Clubhouse",East,Broker,Ready_to_Move
4508.0,Chhattisgarh,Raipur,Locality_316,Property_Type,4.0,4716.0,130.13,0.03,2009.0,Furnished,28.0,24.0,16.0,9.0,10.0,Medium,Yes,No,"Playground, Garden",East,Builder,Under_Construction
4509.0,Rajasthan,Jaipur,Locality_451,Property_Type,1.0,1717.0,258.6,0.15,2008.0,Unfurnished,24.0,13.0,17.0,9.0,10.0,Low,Yes,Yes,"Clubhouse, Pool, Garden, Playground, Gym",East,Owner,Ready_to_Move
4510.0,Chhattisgarh,Raipur,Locality_497,Property_Type,1.0,4156.0,144.05,0.03,2020.0,Furnished,4.0,22.0,5.0,7.0,1.0,Medium,No,Yes,"Clubhouse, Gym, Garden, Playground, Pool",North,Owner,Ready_to_Move
4511.0,Andhra Pradesh,Vijayawada,Locality_16,Property_Type,5.0,665.0,139.77,0.21,1995.0,Furnished,29.0,24.0,30.0,4.0,2.0,Medium,No,Yes,"Clubhouse, Pool",East,Owner,Ready_to_Move
4512.0,Rajasthan,Jaipur,Locality_110,Property_Type,4.0,1265.0,446.91,0.35,2019.0,Unfurnished,1.0,21.0,6.0,4.0,6.0,Low,No,Yes,"Pool, Gym, Playground",East,Broker,Ready_to_Move
4513.0,Assam,Guwahati,Locality_485,Property_Type,5.0,1128.0,420.74,0.37,1994.0,Furnished,25.0,25.0,31.0,4.0,3.0,Low,Yes,Yes,"Gym, Pool, Clubhouse, Playground",North,Owner,Under_Construction
4514.0,Kerala,Kochi,Locality_308,Property_Type,4.0,3388.0,150.85,0.04,2002.0,Semi-furnished,19.0,7.0,23.0,8.0,6.0,Low,Yes,No,Playground,East,Broker,Under_Construction
4515.0,Karnataka,Bangalore,Locality_342,Property_Type,2.0,560.0,486.75,0.87,2003.0,Unfurnished,6.0,9.0,22.0,5.0,7.0,Medium,Yes,Yes,"Garden, Clubhouse, Pool, Gym, Playground",South,Owner,Under_Construction
4516.0,Andhra Pradesh,Vishakhapatnam,Locality_139,Property_Type,1.0,2519.0,309.13,0.12,1993.0,Furnished,24.0,8.0,32.0,10.0,1.0,Low,Yes,No,Gym,North,Builder,Ready_to_Move
4517.0,Andhra Pradesh,Vijayawada,Locality_218,Property_Type,4.0,2327.0,300.42,0.13,2021.0,Semi-furnished,0.0,16.0,4.0,5.0,9.0,Medium,No,Yes,"Gym, Pool",South,Broker,Ready_to_Move
4518.0,Telangana,Warangal,Locality_21,Property_Type,4.0,1630.0,161.58,0.1,2019.0,Furnished,4.0,5.0,6.0,3.0,10.0,Medium,No,Yes,"Pool, Gym, Clubhouse",South,Builder,Ready_to_Move
4519.0,Haryana,Faridabad,Locality_307,Property_Type,2.0,3205.0,138.92,0.04,2000.0,Unfurnished,26.0,28.0,25.0,7.0,8.0,High,Yes,Yes,"Playground, Gym, Pool",South,Builder,Under_Construction
4520.0,Chhattisgarh,Raipur,Locality_134,Property_Type,2.0,578.0,406.53,0.7,2000.0,Semi-furnished,24.0,12.0,25.0,8.0,2.0,Low,No,No,"Playground, Pool, Clubhouse, Garden, Gym",West,Owner,Ready_to_Move
4521.0,Karnataka,Bangalore,Locality_342,Property_Type,5.0,2590.0,21.53,0.01,2016.0,Semi-furnished,20.0,26.0,9.0,3.0,6.0,Medium,Yes,No,"Clubhouse, Garden, Gym, Pool, Playground",West,Broker,Ready_to_Move
4522.0,Maharashtra,Pune,Locality_447,Property_Type,1.0,3734.0,110.57,0.03,2010.0,Semi-furnished,2.0,24.0,15.0,10.0,3.0,Low,Yes,No,Garden,North,Broker,Ready_to_Move
4523.0,Punjab,Ludhiana,Locality_87,Property_Type,5.0,3959.0,388.34,0.1,1994.0,Furnished,22.0,8.0,31.0,3.0,2.0,Medium,Yes,Yes,"Garden, Clubhouse, Pool",East,Builder,Under_Construction
4524.0,Uttar Pradesh,Noida,Locality_71,Property_Type,3.0,2435.0,496.68,0.2,2009.0,Furnished,15.0,10.0,16.0,3.0,10.0,Low,No,No,"Gym, Pool",North,Builder,Under_Construction
4525.0,Uttarakhand,Haridwar,Locality_496,Property_Type,2.0,3925.0,271.3,0.07,2022.0,Unfurnished,20.0,5.0,3.0,7.0,8.0,Low,No,Yes,"Gym, Pool, Garden, Playground, Clubhouse",North,Builder,Under_Construction
4526.0,Bihar,Gaya,Locality_433,Property_Type,3.0,2461.0,32.73,0.01,2010.0,Furnished,1.0,3.0,15.0,8.0,5.0,High,No,Yes,"Playground, Gym",South,Builder,Ready_to_Move
4527.0,Rajasthan,Jaipur,Locality_281,Property_Type,4.0,519.0,241.25,0.46,2018.0,Furnished,12.0,9.0,7.0,5.0,6.0,High,No,Yes,Pool,West,Owner,Under_Construction
4528.0,Madhya Pradesh,Indore,Locality_250,Property_Type,2.0,4649.0,165.99,0.04,2010.0,Furnished,6.0,21.0,15.0,5.0,3.0,Low,Yes,Yes,"Gym, Playground",East,Owner,Under_Construction
4529.0,Jharkhand,Jamshedpur,Locality_245,Property_Type,4.0,3258.0,254.52,0.08,2020.0,Unfurnished,30.0,29.0,5.0,8.0,4.0,Medium,No,Yes,"Pool, Clubhouse, Playground, Gym",West,Builder,Ready_to_Move
4530.0,Chhattisgarh,Raipur,Locality_443,Property_Type,1.0,3228.0,251.69,0.08,2021.0,Unfurnished,12.0,5.0,4.0,10.0,2.0,Low,Yes,No,"Clubhouse, Pool",South,Owner,Under_Construction
4531.0,Uttarakhand,Dehradun,Locality_121,Property_Type,2.0,2454.0,296.66,0.12,2018.0,Semi-furnished,25.0,15.0,7.0,4.0,10.0,High,Yes,No,"Gym, Clubhouse, Pool, Playground",South,Owner,Under_Construction
4532.0,Uttar Pradesh,Noida,Locality_476,Property_Type,5.0,2888.0,214.34,0.07,2013.0,Unfurnished,15.0,22.0,12.0,5.0,8.0,Medium,Yes,Yes,"Playground, Pool, Garden, Clubhouse, Gym",North,Owner,Ready_to_Move
4533.0,Uttar Pradesh,Noida,Locality_368,Property_Type,1.0,944.0,334.25,0.35,2006.0,Semi-furnished,17.0,30.0,19.0,6.0,4.0,Medium,No,Yes,"Clubhouse, Gym, Pool, Playground",South,Owner,Under_Construction
4534.0,Kerala,Trivandrum,Locality_184,Property_Type,4.0,670.0,231.78,0.35,1995.0,Furnished,20.0,5.0,30.0,7.0,5.0,Low,Yes,No,"Clubhouse, Gym",South,Builder,Under_Construction
4535.0,Bihar,Gaya,Locality_209,Property_Type,5.0,3110.0,34.12,0.01,1990.0,Semi-furnished,30.0,3.0,35.0,7.0,4.0,High,No,Yes,"Pool, Garden, Gym, Clubhouse, Playground",South,Builder,Ready_to_Move
4536.0,Gujarat,Surat,Locality_306,Property_Type,1.0,4465.0,192.7,0.04,2001.0,Furnished,10.0,1.0,24.0,6.0,7.0,Low,No,No,"Pool, Gym",West,Owner,Ready_to_Move
4537.0,Delhi,Dwarka,Locality_446,Property_Type,1.0,1872.0,314.14,0.17,2014.0,Unfurnished,30.0,30.0,11.0,1.0,4.0,Low,Yes,No,"Garden, Clubhouse, Playground, Gym",South,Owner,Under_Construction
4538.0,Gujarat,Surat,Locality_154,Property_Type,5.0,3425.0,96.13,0.03,2013.0,Semi-furnished,18.0,3.0,12.0,8.0,4.0,Low,Yes,Yes,"Gym, Clubhouse, Pool, Playground, Garden",West,Builder,Ready_to_Move
4539.0,Gujarat,Surat,Locality_329,Property_Type,5.0,4809.0,132.47,0.03,2018.0,Semi-furnished,3.0,18.0,7.0,9.0,6.0,Medium,Yes,No,"Garden, Playground, Clubhouse, Pool, Gym",South,Owner,Ready_to_Move
4540.0,Assam,Guwahati,Locality_137,Property_Type,1.0,1762.0,431.98,0.25,1993.0,Semi-furnished,17.0,22.0,32.0,8.0,3.0,Medium,Yes,Yes,"Pool, Garden, Clubhouse, Playground",East,Builder,Under_Construction
4541.0,Tamil Nadu,Coimbatore,Locality_432,Property_Type,3.0,3034.0,488.87,0.16,2020.0,Furnished,29.0,6.0,5.0,4.0,1.0,Low,No,No,"Playground, Gym, Clubhouse, Garden, Pool",South,Builder,Ready_to_Move
4542.0,Andhra Pradesh,Vijayawada,Locality_301,Property_Type,5.0,4803.0,322.16,0.07,2020.0,Semi-furnished,4.0,6.0,5.0,1.0,5.0,Medium,No,Yes,"Pool, Clubhouse, Playground",North,Owner,Ready_to_Move
4543.0,Karnataka,Mysore,Locality_215,Property_Type,4.0,3404.0,79.68,0.02,1999.0,Furnished,23.0,26.0,26.0,1.0,6.0,Low,No,Yes,"Pool, Clubhouse, Garden, Gym",West,Broker,Under_Construction
4544.0,Telangana,Warangal,Locality_68,Property_Type,3.0,862.0,475.05,0.55,2001.0,Unfurnished,9.0,4.0,24.0,3.0,1.0,High,No,Yes,Pool,West,Builder,Ready_to_Move
4545.0,Punjab,Amritsar,Locality_452,Property_Type,5.0,3053.0,261.44,0.09,1997.0,Furnished,17.0,25.0,28.0,9.0,3.0,Low,No,Yes,Garden,North,Broker,Under_Construction
4546.0,Chhattisgarh,Raipur,Locality_39,Property_Type,3.0,2760.0,320.89,0.12,2012.0,Unfurnished,26.0,17.0,13.0,7.0,3.0,High,No,Yes,"Clubhouse, Garden, Playground, Gym, Pool",South,Owner,Ready_to_Move
4547.0,Punjab,Ludhiana,Locality_380,Property_Type,2.0,3373.0,207.69,0.06,2019.0,Semi-furnished,6.0,5.0,6.0,2.0,5.0,High,No,No,"Pool, Gym, Clubhouse, Garden, Playground",West,Owner,Ready_to_Move
4548.0,West Bengal,Kolkata,Locality_331,Property_Type,1.0,1709.0,24.96,0.01,2016.0,Unfurnished,25.0,11.0,9.0,3.0,3.0,Medium,No,No,"Garden, Playground, Pool, Gym",East,Owner,Under_Construction
4549.0,Gujarat,Surat,Locality_311,Property_Type,3.0,1906.0,94.12,0.05,2016.0,Furnished,23.0,14.0,9.0,6.0,1.0,Medium,No,Yes,"Gym, Clubhouse, Playground",North,Builder,Under_Construction
4550.0,Jharkhand,Jamshedpur,Locality_9,Property_Type,3.0,4357.0,383.95,0.09,2003.0,Furnished,26.0,26.0,22.0,3.0,3.0,Low,No,No,"Pool, Gym, Garden, Playground, Clubhouse",South,Builder,Ready_to_Move
4551.0,Punjab,Amritsar,Locality_455,Property_Type,2.0,3254.0,87.97,0.03,1997.0,Semi-furnished,4.0,16.0,28.0,5.0,5.0,High,No,No,"Gym, Clubhouse, Playground, Garden",North,Builder,Under_Construction
4552.0,Maharashtra,Mumbai,Locality_444,Property_Type,3.0,1088.0,55.36,0.05,1996.0,Furnished,1.0,11.0,29.0,5.0,1.0,Medium,No,Yes,Garden,North,Builder,Under_Construction
4553.0,Haryana,Gurgaon,Locality_405,Property_Type,4.0,2109.0,254.05,0.12,1995.0,Unfurnished,11.0,13.0,30.0,1.0,6.0,Low,Yes,No,"Gym, Clubhouse, Pool",North,Builder,Ready_to_Move
4554.0,Bihar,Patna,Locality_258,Property_Type,2.0,1740.0,129.26,0.07,1992.0,Semi-furnished,23.0,30.0,33.0,7.0,10.0,High,No,No,Clubhouse,South,Owner,Ready_to_Move
4555.0,West Bengal,Durgapur,Locality_475,Property_Type,3.0,4869.0,165.26,0.03,2011.0,Semi-furnished,1.0,16.0,14.0,3.0,10.0,High,No,No,"Gym, Playground",West,Broker,Ready_to_Move
4556.0,Karnataka,Mangalore,Locality_65,Property_Type,1.0,2735.0,496.01,0.18,1998.0,Furnished,7.0,18.0,27.0,4.0,6.0,High,No,Yes,Playground,North,Broker,Under_Construction
4557.0,West Bengal,Kolkata,Locality_181,Property_Type,1.0,2802.0,492.21,0.18,1993.0,Semi-furnished,11.0,5.0,32.0,3.0,10.0,High,Yes,Yes,"Clubhouse, Playground, Garden",West,Builder,Under_Construction
4558.0,Haryana,Gurgaon,Locality_211,Property_Type,4.0,1103.0,376.25,0.34,2002.0,Semi-furnished,7.0,19.0,23.0,6.0,1.0,Medium,Yes,Yes,"Garden, Gym",North,Builder,Under_Construction
4559.0,Uttarakhand,Dehradun,Locality_478,Property_Type,2.0,3813.0,490.57,0.13,1994.0,Unfurnished,16.0,9.0,31.0,6.0,7.0,Low,No,Yes,"Pool, Garden, Playground, Clubhouse, Gym",West,Builder,Under_Construction
4560.0,Karnataka,Mysore,Locality_141,Property_Type,4.0,618.0,272.63,0.44,2021.0,Unfurnished,4.0,21.0,4.0,9.0,2.0,High,Yes,No,"Gym, Garden",West,Broker,Under_Construction
4561.0,Uttarakhand,Haridwar,Locality_153,Property_Type,2.0,2667.0,376.19,0.14,2004.0,Semi-furnished,29.0,17.0,21.0,9.0,10.0,Low,No,Yes,"Garden, Gym",West,Broker,Under_Construction
4562.0,Kerala,Kochi,Locality_429,Property_Type,1.0,3128.0,324.46,0.1,1999.0,Unfurnished,28.0,10.0,26.0,10.0,1.0,High,No,Yes,"Clubhouse, Garden, Pool, Playground",North,Broker,Under_Construction
4563.0,Odisha,Bhubaneswar,Locality_355,Property_Type,2.0,4651.0,443.87,0.1,2016.0,Furnished,2.0,1.0,9.0,5.0,9.0,High,No,Yes,"Clubhouse, Gym, Garden, Pool",East,Builder,Under_Construction
4564.0,Jharkhand,Jamshedpur,Locality_9,Property_Type,3.0,4059.0,226.33,0.06,1991.0,Furnished,8.0,9.0,34.0,4.0,3.0,High,Yes,No,Playground,North,Builder,Ready_to_Move
4565.0,Chhattisgarh,Bilaspur,Locality_464,Property_Type,4.0,2579.0,169.94,0.07,2000.0,Furnished,25.0,28.0,25.0,7.0,3.0,Medium,Yes,Yes,"Garden, Clubhouse, Pool",East,Builder,Ready_to_Move
4566.0,Madhya Pradesh,Bhopal,Locality_468,Property_Type,3.0,2406.0,80.62,0.03,2021.0,Semi-furnished,17.0,10.0,4.0,9.0,6.0,Low,No,No,"Clubhouse, Playground, Garden, Gym",North,Broker,Ready_to_Move
4567.0,Delhi,Dwarka,Locality_135,Property_Type,2.0,4414.0,275.39,0.06,2002.0,Semi-furnished,18.0,27.0,23.0,10.0,10.0,Medium,Yes,No,"Clubhouse, Garden, Playground, Gym, Pool",North,Owner,Under_Construction
4568.0,Haryana,Gurgaon,Locality_159,Property_Type,1.0,3044.0,19.23,0.01,1994.0,Semi-furnished,1.0,12.0,31.0,8.0,1.0,Medium,Yes,No,"Garden, Clubhouse",West,Broker,Under_Construction
4569.0,Assam,Silchar,Locality_231,Property_Type,3.0,4210.0,148.85,0.04,2020.0,Unfurnished,17.0,30.0,5.0,9.0,5.0,Medium,No,Yes,"Garden, Pool",West,Builder,Under_Construction
4570.0,Rajasthan,Jaipur,Locality_220,Property_Type,3.0,4437.0,466.87,0.11,1995.0,Furnished,12.0,23.0,30.0,8.0,8.0,High,No,Yes,Garden,West,Builder,Under_Construction
4571.0,Gujarat,Surat,Locality_290,Property_Type,1.0,2680.0,243.21,0.09,2017.0,Semi-furnished,12.0,8.0,8.0,8.0,5.0,High,Yes,Yes,"Gym, Playground",East,Builder,Ready_to_Move
4572.0,Assam,Guwahati,Locality_326,Property_Type,2.0,3702.0,440.0,0.12,2010.0,Unfurnished,28.0,15.0,15.0,6.0,2.0,Low,Yes,Yes,Clubhouse,West,Broker,Ready_to_Move
4573.0,Delhi,New Delhi,Locality_495,Property_Type,1.0,4865.0,63.01,0.01,1990.0,Unfurnished,9.0,7.0,35.0,5.0,7.0,Low,No,Yes,"Clubhouse, Garden, Pool, Playground, Gym",North,Builder,Ready_to_Move
4574.0,Assam,Silchar,Locality_210,Property_Type,3.0,4474.0,41.64,0.01,2007.0,Unfurnished,9.0,18.0,18.0,10.0,4.0,Medium,No,No,"Pool, Garden, Playground, Gym, Clubhouse",South,Owner,Ready_to_Move
4575.0,Gujarat,Surat,Locality_49,Property_Type,1.0,2286.0,259.4,0.11,2000.0,Unfurnished,20.0,4.0,25.0,4.0,1.0,Low,No,Yes,"Playground, Clubhouse, Gym",West,Broker,Under_Construction
4576.0,Telangana,Hyderabad,Locality_490,Property_Type,2.0,3799.0,442.28,0.12,1996.0,Furnished,17.0,15.0,29.0,9.0,2.0,Low,No,No,"Playground, Gym, Pool, Garden, Clubhouse",East,Broker,Under_Construction
4577.0,Chhattisgarh,Bilaspur,Locality_310,Property_Type,1.0,4025.0,232.64,0.06,2018.0,Furnished,11.0,25.0,7.0,8.0,8.0,High,No,No,Pool,South,Owner,Under_Construction
4578.0,Chhattisgarh,Bilaspur,Locality_174,Property_Type,5.0,4063.0,163.13,0.04,1994.0,Furnished,22.0,8.0,31.0,5.0,1.0,Low,No,No,"Clubhouse, Pool, Gym, Playground, Garden",West,Builder,Ready_to_Move
4579.0,Andhra Pradesh,Vishakhapatnam,Locality_244,Property_Type,2.0,1855.0,390.46,0.21,2007.0,Semi-furnished,11.0,30.0,18.0,2.0,1.0,High,No,Yes,Playground,West,Owner,Under_Construction
4580.0,Delhi,Dwarka,Locality_316,Property_Type,5.0,3312.0,130.64,0.04,1990.0,Furnished,22.0,3.0,35.0,2.0,2.0,Medium,No,No,Pool,West,Broker,Ready_to_Move
4581.0,Madhya Pradesh,Indore,Locality_149,Property_Type,1.0,809.0,463.27,0.57,2013.0,Unfurnished,0.0,28.0,12.0,9.0,3.0,Low,Yes,No,Clubhouse,North,Owner,Under_Construction
4582.0,Rajasthan,Jaipur,Locality_10,Property_Type,3.0,954.0,339.55,0.36,1997.0,Unfurnished,5.0,27.0,28.0,9.0,8.0,Medium,No,No,"Playground, Gym, Clubhouse, Pool, Garden",South,Broker,Ready_to_Move
4583.0,Uttar Pradesh,Noida,Locality_465,Property_Type,2.0,1941.0,156.39,0.08,2018.0,Unfurnished,16.0,14.0,7.0,1.0,5.0,Medium,Yes,No,"Garden, Gym, Pool",South,Owner,Ready_to_Move
4584.0,Haryana,Faridabad,Locality_500,Property_Type,4.0,1662.0,237.59,0.14,2004.0,Unfurnished,28.0,28.0,21.0,3.0,10.0,Low,No,Yes,Gym,South,Broker,Ready_to_Move
4585.0,Haryana,Gurgaon,Locality_353,Property_Type,5.0,3713.0,297.86,0.08,2005.0,Furnished,23.0,14.0,20.0,5.0,3.0,High,Yes,Yes,"Playground, Clubhouse, Garden",East,Builder,Under_Construction
4586.0,Madhya Pradesh,Indore,Locality_176,Property_Type,4.0,4380.0,403.85,0.09,2005.0,Unfurnished,3.0,26.0,20.0,1.0,4.0,Medium,No,Yes,"Playground, Gym, Garden, Pool",North,Owner,Ready_to_Move
4587.0,Kerala,Kochi,Locality_397,Property_Type,3.0,4534.0,116.61,0.03,2013.0,Unfurnished,27.0,2.0,12.0,7.0,9.0,Low,No,No,Gym,South,Builder,Under_Construction
4588.0,Uttar Pradesh,Lucknow,Locality_309,Property_Type,4.0,2048.0,51.58,0.03,2020.0,Furnished,24.0,11.0,5.0,4.0,5.0,Low,No,No,"Gym, Playground",North,Builder,Under_Construction
4589.0,Uttarakhand,Haridwar,Locality_71,Property_Type,5.0,2024.0,424.37,0.21,2019.0,Unfurnished,3.0,15.0,6.0,1.0,2.0,Medium,No,No,"Garden, Gym, Pool",East,Broker,Ready_to_Move
4590.0,Assam,Guwahati,Locality_151,Property_Type,5.0,1425.0,74.02,0.05,2020.0,Semi-furnished,2.0,2.0,5.0,1.0,9.0,Medium,Yes,No,"Gym, Pool, Garden",West,Broker,Ready_to_Move
4591.0,Odisha,Bhubaneswar,Locality_119,Property_Type,3.0,2795.0,26.85,0.01,2010.0,Furnished,1.0,30.0,15.0,1.0,8.0,Low,Yes,No,Pool,South,Broker,Under_Construction
4592.0,Chhattisgarh,Bilaspur,Locality_392,Property_Type,3.0,2312.0,353.32,0.15,2005.0,Semi-furnished,14.0,4.0,20.0,1.0,10.0,Medium,Yes,Yes,"Pool, Gym, Playground, Clubhouse, Garden",West,Owner,Under_Construction
4593.0,Maharashtra,Nagpur,Locality_11,Property_Type,2.0,2629.0,199.2,0.08,1997.0,Furnished,14.0,15.0,28.0,2.0,4.0,Medium,Yes,No,"Clubhouse, Playground, Pool, Garden",North,Builder,Under_Construction
4594.0,Tamil Nadu,Coimbatore,Locality_264,Property_Type,4.0,2771.0,278.61,0.1,2014.0,Furnished,17.0,3.0,11.0,2.0,8.0,High,Yes,Yes,Playground,East,Owner,Ready_to_Move
4595.0,Madhya Pradesh,Bhopal,Locality_124,Property_Type,3.0,1371.0,89.54,0.07,1995.0,Furnished,22.0,30.0,30.0,10.0,7.0,Low,No,No,"Playground, Clubhouse, Garden, Pool, Gym",East,Broker,Ready_to_Move
4596.0,Bihar,Gaya,Locality_404,Property_Type,5.0,3451.0,226.3,0.07,1999.0,Unfurnished,28.0,1.0,26.0,1.0,7.0,Low,Yes,Yes,Pool,East,Builder,Under_Construction
4597.0,Rajasthan,Jaipur,Locality_100,Property_Type,1.0,1217.0,373.34,0.31,2019.0,Unfurnished,16.0,9.0,6.0,4.0,6.0,High,Yes,No,"Pool, Clubhouse, Gym, Playground, Garden",South,Owner,Under_Construction
4598.0,Uttarakhand,Haridwar,Locality_12,Property_Type,2.0,3319.0,341.23,0.1,1994.0,Semi-furnished,12.0,20.0,31.0,8.0,10.0,Medium,Yes,No,"Pool, Garden, Playground, Gym, Clubhouse",East,Builder,Ready_to_Move
4599.0,Uttarakhand,Dehradun,Locality_4,Property_Type,5.0,3820.0,362.18,0.09,2016.0,Unfurnished,25.0,14.0,9.0,2.0,1.0,Medium,Yes,Yes,"Gym, Clubhouse",West,Broker,Ready_to_Move
4600.0,Rajasthan,Jaipur,Locality_409,Property_Type,4.0,3033.0,382.84,0.13,2007.0,Furnished,1.0,18.0,18.0,5.0,6.0,Low,Yes,No,Gym,North,Owner,Ready_to_Move
4601.0,Karnataka,Mangalore,Locality_454,Property_Type,4.0,4404.0,87.86,0.02,1998.0,Semi-furnished,24.0,28.0,27.0,9.0,7.0,High,No,No,"Playground, Garden, Pool",West,Broker,Ready_to_Move
4602.0,Haryana,Gurgaon,Locality_443,Property_Type,3.0,2286.0,446.88,0.2,2018.0,Unfurnished,28.0,22.0,7.0,9.0,3.0,High,Yes,Yes,"Gym, Clubhouse",West,Owner,Under_Construction
4603.0,Andhra Pradesh,Vishakhapatnam,Locality_481,Property_Type,3.0,2275.0,204.24,0.09,2013.0,Furnished,6.0,22.0,12.0,2.0,9.0,High,Yes,No,Playground,South,Builder,Under_Construction
4604.0,Tamil Nadu,Coimbatore,Locality_42,Property_Type,5.0,4545.0,348.92,0.08,2009.0,Unfurnished,6.0,12.0,16.0,6.0,9.0,High,Yes,No,"Pool, Gym, Clubhouse",East,Broker,Under_Construction
4605.0,Andhra Pradesh,Vijayawada,Locality_327,Property_Type,4.0,2717.0,153.4,0.06,2008.0,Semi-furnished,30.0,13.0,17.0,5.0,8.0,Low,Yes,Yes,"Clubhouse, Garden, Playground, Pool, Gym",West,Broker,Ready_to_Move
4606.0,Punjab,Amritsar,Locality_229,Property_Type,5.0,4168.0,61.2,0.01,2010.0,Semi-furnished,6.0,29.0,15.0,4.0,2.0,Medium,No,Yes,Gym,North,Builder,Under_Construction
4607.0,Chhattisgarh,Bilaspur,Locality_189,Property_Type,2.0,1879.0,56.4,0.03,2017.0,Unfurnished,24.0,24.0,8.0,4.0,4.0,High,No,No,"Clubhouse, Pool, Garden, Playground",North,Broker,Ready_to_Move
4608.0,Kerala,Trivandrum,Locality_379,Property_Type,5.0,3589.0,170.13,0.05,2001.0,Furnished,8.0,10.0,24.0,10.0,1.0,Low,Yes,No,"Gym, Playground",South,Broker,Ready_to_Move
4609.0,Maharashtra,Nagpur,Locality_51,Property_Type,5.0,3246.0,450.74,0.14,2022.0,Unfurnished,10.0,21.0,3.0,6.0,3.0,High,Yes,No,"Clubhouse, Pool",West,Owner,Under_Construction
4610.0,Assam,Silchar,Locality_88,Property_Type,3.0,4561.0,46.08,0.01,2016.0,Semi-furnished,22.0,4.0,9.0,4.0,2.0,High,No,No,"Playground, Gym",South,Owner,Ready_to_Move
4611.0,Madhya Pradesh,Indore,Locality_408,Property_Type,4.0,2647.0,454.0,0.17,1999.0,Furnished,6.0,1.0,26.0,3.0,9.0,Low,Yes,No,"Gym, Pool, Playground, Clubhouse, Garden",South,Builder,Ready_to_Move
4612.0,Assam,Silchar,Locality_386,Property_Type,3.0,4363.0,494.7,0.11,1998.0,Semi-furnished,27.0,18.0,27.0,1.0,3.0,High,No,No,"Garden, Pool, Gym, Clubhouse, Playground",North,Owner,Ready_to_Move
4613.0,Assam,Silchar,Locality_333,Property_Type,1.0,2559.0,90.69,0.04,2019.0,Semi-furnished,3.0,2.0,6.0,5.0,2.0,Low,Yes,Yes,Garden,South,Owner,Under_Construction
4614.0,Bihar,Patna,Locality_67,Property_Type,2.0,3438.0,124.07,0.04,2018.0,Furnished,25.0,5.0,7.0,9.0,8.0,Medium,No,No,"Clubhouse, Garden",West,Builder,Ready_to_Move
4615.0,Odisha,Cuttack,Locality_9,Property_Type,3.0,4050.0,271.66,0.07,2019.0,Furnished,28.0,26.0,6.0,5.0,1.0,Medium,Yes,Yes,"Clubhouse, Garden, Playground, Pool, Gym",South,Builder,Under_Construction
4616.0,Karnataka,Mysore,Locality_280,Property_Type,5.0,2217.0,135.86,0.06,2013.0,Furnished,28.0,7.0,12.0,3.0,10.0,Medium,No,Yes,"Garden, Pool, Gym",North,Builder,Under_Construction
4617.0,Kerala,Kochi,Locality_40,Property_Type,5.0,4675.0,223.42,0.05,2009.0,Semi-furnished,28.0,2.0,16.0,10.0,2.0,Low,No,No,Clubhouse,North,Owner,Ready_to_Move
4618.0,Uttar Pradesh,Lucknow,Locality_6,Property_Type,1.0,1975.0,326.45,0.17,1995.0,Furnished,5.0,24.0,30.0,1.0,10.0,Medium,Yes,Yes,"Gym, Clubhouse, Pool, Garden",South,Builder,Ready_to_Move
4619.0,Haryana,Faridabad,Locality_221,Property_Type,4.0,1630.0,412.29,0.25,2020.0,Furnished,13.0,15.0,5.0,9.0,9.0,Medium,No,No,"Pool, Garden, Playground, Gym, Clubhouse",South,Owner,Ready_to_Move
4620.0,Assam,Silchar,Locality_423,Property_Type,5.0,3617.0,371.98,0.1,1991.0,Semi-furnished,28.0,17.0,34.0,6.0,6.0,High,No,Yes,"Pool, Garden",South,Builder,Under_Construction
4621.0,Delhi,New Delhi,Locality_444,Property_Type,2.0,2836.0,440.21,0.16,2006.0,Semi-furnished,5.0,2.0,19.0,10.0,4.0,Medium,No,No,"Gym, Pool",West,Owner,Ready_to_Move
4622.0,Tamil Nadu,Coimbatore,Locality_146,Property_Type,3.0,1341.0,205.79,0.15,2003.0,Furnished,14.0,5.0,22.0,9.0,2.0,Low,No,No,Clubhouse,East,Owner,Ready_to_Move
4623.0,Gujarat,Ahmedabad,Locality_121,Property_Type,4.0,3326.0,21.84,0.01,2020.0,Semi-furnished,1.0,26.0,5.0,7.0,9.0,Medium,Yes,Yes,"Garden, Pool, Clubhouse",South,Broker,Under_Construction
4624.0,Chhattisgarh,Raipur,Locality_149,Property_Type,4.0,4851.0,453.62,0.09,1990.0,Furnished,20.0,29.0,35.0,4.0,2.0,High,Yes,No,"Playground, Pool",West,Builder,Ready_to_Move
4625.0,Chhattisgarh,Raipur,Locality_91,Property_Type,2.0,3464.0,414.4,0.12,1992.0,Semi-furnished,25.0,13.0,33.0,7.0,7.0,Low,No,No,"Gym, Clubhouse, Playground",West,Owner,Ready_to_Move
4626.0,Maharashtra,Pune,Locality_322,Property_Type,4.0,3855.0,150.26,0.04,1997.0,Semi-furnished,27.0,3.0,28.0,4.0,4.0,Medium,Yes,Yes,"Gym, Pool, Clubhouse",West,Broker,Ready_to_Move
4627.0,Delhi,New Delhi,Locality_377,Property_Type,3.0,2038.0,122.39,0.06,2012.0,Furnished,5.0,19.0,13.0,9.0,10.0,High,No,Yes,"Gym, Playground, Pool, Clubhouse",South,Owner,Ready_to_Move
4628.0,Uttar Pradesh,Noida,Locality_195,Property_Type,4.0,4926.0,95.65,0.02,2006.0,Furnished,19.0,26.0,19.0,7.0,4.0,High,Yes,No,"Garden, Pool",North,Owner,Ready_to_Move
4629.0,Uttar Pradesh,Noida,Locality_98,Property_Type,1.0,708.0,111.66,0.16,2001.0,Semi-furnished,30.0,3.0,24.0,9.0,6.0,Low,Yes,Yes,"Pool, Playground, Gym, Clubhouse, Garden",South,Builder,Under_Construction
4630.0,Telangana,Hyderabad,Locality_62,Property_Type,4.0,597.0,272.65,0.46,2019.0,Furnished,6.0,13.0,6.0,1.0,6.0,Medium,No,No,Playground,South,Owner,Ready_to_Move
4631.0,Tamil Nadu,Coimbatore,Locality_146,Property_Type,4.0,1786.0,35.81,0.02,2010.0,Semi-furnished,26.0,28.0,15.0,6.0,9.0,High,No,No,"Playground, Clubhouse, Pool",North,Builder,Ready_to_Move
4632.0,Uttar Pradesh,Noida,Locality_257,Property_Type,4.0,4822.0,254.19,0.05,2004.0,Unfurnished,4.0,13.0,21.0,9.0,1.0,High,Yes,Yes,"Playground, Gym",North,Builder,Ready_to_Move
4633.0,Chhattisgarh,Raipur,Locality_465,Property_Type,5.0,1079.0,297.84,0.28,2000.0,Furnished,20.0,4.0,25.0,4.0,1.0,High,Yes,Yes,"Pool, Playground",East,Owner,Ready_to_Move
4634.0,Telangana,Warangal,Locality_258,Property_Type,4.0,2588.0,130.36,0.05,2005.0,Semi-furnished,2.0,24.0,20.0,7.0,10.0,Medium,No,No,"Garden, Gym, Clubhouse, Pool, Playground",North,Owner,Ready_to_Move
4635.0,Delhi,Dwarka,Locality_216,Property_Type,4.0,3398.0,175.93,0.05,2008.0,Semi-furnished,16.0,25.0,17.0,2.0,1.0,Low,Yes,No,"Gym, Garden, Pool, Playground, Clubhouse",South,Broker,Ready_to_Move
4636.0,West Bengal,Kolkata,Locality_347,Property_Type,3.0,3626.0,226.84,0.06,2002.0,Semi-furnished,4.0,8.0,23.0,8.0,2.0,Low,Yes,Yes,"Clubhouse, Pool",East,Broker,Under_Construction
4637.0,Maharashtra,Nagpur,Locality_172,Property_Type,3.0,4970.0,160.88,0.03,2010.0,Semi-furnished,22.0,29.0,15.0,3.0,10.0,Medium,No,Yes,Clubhouse,South,Owner,Ready_to_Move
4638.0,Bihar,Patna,Locality_142,Property_Type,2.0,4964.0,448.03,0.09,1992.0,Furnished,12.0,11.0,33.0,9.0,5.0,High,Yes,Yes,"Clubhouse, Pool, Garden, Gym",North,Builder,Ready_to_Move
4639.0,Haryana,Gurgaon,Locality_94,Property_Type,5.0,3684.0,342.39,0.09,2004.0,Semi-furnished,9.0,29.0,21.0,6.0,9.0,Low,No,Yes,"Gym, Pool, Playground, Clubhouse, Garden",South,Broker,Ready_to_Move
4640.0,Karnataka,Mangalore,Locality_162,Property_Type,4.0,4389.0,326.78,0.07,2022.0,Unfurnished,8.0,3.0,3.0,4.0,8.0,High,Yes,No,Gym,West,Builder,Under_Construction
4641.0,Delhi,New Delhi,Locality_167,Property_Type,1.0,933.0,454.86,0.49,2012.0,Semi-furnished,8.0,1.0,13.0,8.0,10.0,Low,Yes,Yes,"Clubhouse, Garden, Pool",North,Broker,Under_Construction
4642.0,Delhi,New Delhi,Locality_219,Property_Type,3.0,4046.0,172.9,0.04,2011.0,Semi-furnished,5.0,18.0,14.0,1.0,5.0,High,Yes,No,"Clubhouse, Gym, Playground, Garden",West,Broker,Ready_to_Move
4643.0,Karnataka,Mysore,Locality_164,Property_Type,1.0,4299.0,45.86,0.01,2002.0,Semi-furnished,7.0,17.0,23.0,6.0,2.0,Low,Yes,Yes,"Clubhouse, Playground",East,Owner,Ready_to_Move
4644.0,Gujarat,Surat,Locality_405,Property_Type,5.0,2335.0,27.78,0.01,2004.0,Semi-furnished,11.0,7.0,21.0,8.0,4.0,High,No,No,"Pool, Gym",West,Owner,Under_Construction
4645.0,Punjab,Amritsar,Locality_252,Property_Type,3.0,863.0,32.51,0.04,2005.0,Semi-furnished,23.0,1.0,20.0,8.0,4.0,High,Yes,No,Clubhouse,East,Broker,Under_Construction
4646.0,Chhattisgarh,Bilaspur,Locality_78,Property_Type,1.0,821.0,440.01,0.54,2023.0,Semi-furnished,2.0,24.0,2.0,7.0,9.0,Low,Yes,Yes,"Garden, Pool, Gym",East,Broker,Under_Construction
4647.0,Delhi,Dwarka,Locality_294,Property_Type,2.0,3413.0,53.29,0.02,2009.0,Unfurnished,8.0,1.0,16.0,8.0,4.0,Medium,Yes,Yes,"Clubhouse, Playground, Pool, Gym, Garden",East,Builder,Under_Construction
4648.0,Jharkhand,Ranchi,Locality_141,Property_Type,4.0,716.0,474.36,0.66,2011.0,Furnished,18.0,8.0,14.0,5.0,10.0,Low,No,No,"Pool, Garden",North,Broker,Under_Construction
4649.0,Rajasthan,Jodhpur,Locality_429,Property_Type,2.0,4343.0,426.1,0.1,2005.0,Unfurnished,25.0,24.0,20.0,4.0,1.0,Low,No,Yes,"Clubhouse, Gym",West,Builder,Ready_to_Move
4650.0,Punjab,Amritsar,Locality_112,Property_Type,1.0,1328.0,320.36,0.24,2019.0,Unfurnished,13.0,18.0,6.0,1.0,4.0,High,Yes,No,"Gym, Garden, Playground, Clubhouse, Pool",West,Broker,Ready_to_Move
4651.0,Telangana,Warangal,Locality_435,Property_Type,4.0,4660.0,22.41,0.0,2009.0,Furnished,6.0,19.0,16.0,5.0,9.0,High,No,No,"Gym, Clubhouse, Playground, Pool",North,Owner,Ready_to_Move
4652.0,Andhra Pradesh,Vishakhapatnam,Locality_161,Property_Type,5.0,4967.0,313.07,0.06,2020.0,Unfurnished,18.0,18.0,5.0,1.0,5.0,High,No,No,"Pool, Clubhouse, Gym, Garden, Playground",East,Owner,Ready_to_Move
4653.0,Bihar,Patna,Locality_418,Property_Type,1.0,3986.0,14.3,0.0,2018.0,Semi-furnished,17.0,30.0,7.0,9.0,10.0,Medium,Yes,No,"Pool, Playground, Gym",West,Owner,Under_Construction
4654.0,Andhra Pradesh,Vishakhapatnam,Locality_313,Property_Type,3.0,1107.0,352.62,0.32,2012.0,Unfurnished,4.0,8.0,13.0,3.0,3.0,Medium,No,No,"Pool, Playground, Garden",South,Broker,Ready_to_Move
4655.0,Telangana,Warangal,Locality_252,Property_Type,5.0,3212.0,357.25,0.11,2007.0,Unfurnished,28.0,28.0,18.0,10.0,4.0,Medium,Yes,Yes,"Pool, Gym, Playground",East,Builder,Ready_to_Move
4656.0,Haryana,Faridabad,Locality_284,Property_Type,1.0,4371.0,428.96,0.1,2018.0,Unfurnished,29.0,3.0,7.0,1.0,8.0,High,Yes,No,"Clubhouse, Gym, Playground, Pool, Garden",East,Broker,Under_Construction
4657.0,Maharashtra,Mumbai,Locality_196,Property_Type,4.0,1741.0,272.55,0.16,2010.0,Semi-furnished,24.0,8.0,15.0,3.0,4.0,Medium,No,Yes,"Pool, Garden",North,Broker,Under_Construction
4658.0,Andhra Pradesh,Vishakhapatnam,Locality_78,Property_Type,5.0,1599.0,431.53,0.27,2003.0,Furnished,12.0,2.0,22.0,6.0,3.0,Low,Yes,No,"Clubhouse, Garden, Playground",West,Owner,Under_Construction
4659.0,Tamil Nadu,Chennai,Locality_154,Property_Type,5.0,3510.0,347.73,0.1,1991.0,Unfurnished,9.0,1.0,34.0,2.0,3.0,High,Yes,Yes,"Garden, Gym",East,Builder,Under_Construction
4660.0,Chhattisgarh,Raipur,Locality_14,Property_Type,2.0,1098.0,335.16,0.31,2007.0,Unfurnished,29.0,19.0,18.0,5.0,5.0,Low,No,Yes,"Clubhouse, Pool, Gym, Garden, Playground",South,Owner,Under_Construction
4661.0,Maharashtra,Nagpur,Locality_449,Property_Type,3.0,797.0,281.3,0.35,1998.0,Semi-furnished,29.0,7.0,27.0,10.0,10.0,High,Yes,Yes,"Garden, Gym, Playground, Pool",North,Builder,Under_Construction
4662.0,Uttarakhand,Dehradun,Locality_405,Property_Type,2.0,2164.0,482.84,0.22,2001.0,Semi-furnished,19.0,4.0,24.0,9.0,10.0,Low,No,Yes,"Clubhouse, Playground, Gym, Garden",East,Builder,Ready_to_Move
4663.0,Delhi,Dwarka,Locality_394,Property_Type,1.0,1729.0,443.52,0.26,2020.0,Unfurnished,10.0,17.0,5.0,8.0,10.0,High,No,Yes,"Garden, Gym, Playground, Clubhouse, Pool",West,Owner,Under_Construction
4664.0,Jharkhand,Jamshedpur,Locality_272,Property_Type,1.0,3179.0,359.75,0.11,2017.0,Furnished,26.0,16.0,8.0,2.0,10.0,High,No,Yes,"Gym, Garden, Pool, Clubhouse, Playground",West,Builder,Ready_to_Move
4665.0,Karnataka,Mangalore,Locality_89,Property_Type,1.0,4587.0,21.71,0.0,2010.0,Furnished,9.0,18.0,15.0,10.0,1.0,Medium,No,No,"Playground, Pool, Gym, Garden",East,Builder,Under_Construction
4666.0,Delhi,Dwarka,Locality_86,Property_Type,3.0,1443.0,122.36,0.08,2003.0,Semi-furnished,25.0,6.0,22.0,8.0,3.0,High,Yes,Yes,"Pool, Playground",East,Owner,Ready_to_Move
4667.0,Madhya Pradesh,Bhopal,Locality_294,Property_Type,4.0,560.0,235.05,0.42,1992.0,Semi-furnished,2.0,15.0,33.0,10.0,1.0,Medium,No,No,"Playground, Pool",East,Builder,Ready_to_Move
4668.0,Assam,Silchar,Locality_375,Property_Type,2.0,572.0,481.62,0.84,2011.0,Semi-furnished,12.0,6.0,14.0,4.0,1.0,High,Yes,No,Playground,South,Owner,Ready_to_Move
4669.0,Tamil Nadu,Coimbatore,Locality_209,Property_Type,2.0,3307.0,11.7,0.0,2018.0,Furnished,28.0,17.0,7.0,4.0,5.0,High,No,Yes,"Garden, Clubhouse, Pool",South,Builder,Ready_to_Move
4670.0,Kerala,Trivandrum,Locality_393,Property_Type,3.0,3277.0,168.07,0.05,2003.0,Unfurnished,13.0,12.0,22.0,5.0,5.0,Medium,No,Yes,Pool,West,Owner,Under_Construction
4671.0,Kerala,Trivandrum,Locality_343,Property_Type,4.0,3401.0,223.19,0.07,1990.0,Furnished,8.0,15.0,35.0,9.0,4.0,Medium,Yes,No,Gym,North,Broker,Ready_to_Move
4672.0,Uttarakhand,Haridwar,Locality_44,Property_Type,3.0,3902.0,493.5,0.13,2006.0,Furnished,24.0,1.0,19.0,10.0,7.0,Low,Yes,Yes,"Gym, Playground",North,Broker,Under_Construction
4673.0,Delhi,New Delhi,Locality_121,Property_Type,4.0,1155.0,130.5,0.11,1995.0,Furnished,22.0,17.0,30.0,6.0,2.0,High,Yes,Yes,Clubhouse,East,Broker,Under_Construction
4674.0,Kerala,Trivandrum,Locality_165,Property_Type,1.0,561.0,334.34,0.6,2001.0,Unfurnished,11.0,28.0,24.0,1.0,7.0,Medium,No,No,"Garden, Clubhouse, Pool",South,Builder,Under_Construction
4675.0,Bihar,Gaya,Locality_394,Property_Type,3.0,3581.0,281.67,0.08,2003.0,Semi-furnished,25.0,9.0,22.0,2.0,1.0,Medium,Yes,Yes,"Pool, Playground, Garden, Gym, Clubhouse",North,Broker,Under_Construction
4676.0,Andhra Pradesh,Vishakhapatnam,Locality_7,Property_Type,4.0,2421.0,294.39,0.12,1993.0,Semi-furnished,15.0,12.0,32.0,9.0,1.0,High,Yes,Yes,"Pool, Gym, Playground, Garden, Clubhouse",East,Builder,Under_Construction
4677.0,Andhra Pradesh,Vishakhapatnam,Locality_101,Property_Type,1.0,3296.0,183.59,0.06,1993.0,Unfurnished,26.0,15.0,32.0,5.0,6.0,Medium,No,Yes,Pool,North,Builder,Ready_to_Move
4678.0,Maharashtra,Pune,Locality_403,Property_Type,5.0,4336.0,47.48,0.01,2001.0,Furnished,18.0,4.0,24.0,6.0,9.0,High,No,No,"Clubhouse, Pool, Playground",South,Broker,Under_Construction
4679.0,Odisha,Cuttack,Locality_15,Property_Type,4.0,1437.0,324.93,0.23,2010.0,Unfurnished,3.0,2.0,15.0,7.0,10.0,High,Yes,No,"Playground, Pool, Garden, Gym",North,Broker,Under_Construction
4680.0,Gujarat,Ahmedabad,Locality_137,Property_Type,3.0,2987.0,309.53,0.1,2009.0,Semi-furnished,24.0,25.0,16.0,8.0,7.0,Low,Yes,Yes,"Playground, Garden, Pool, Gym",East,Broker,Under_Construction
4681.0,Chhattisgarh,Bilaspur,Locality_421,Property_Type,3.0,1304.0,30.22,0.02,2002.0,Furnished,12.0,29.0,23.0,4.0,7.0,High,Yes,No,"Playground, Pool, Clubhouse, Garden",East,Builder,Ready_to_Move
4682.0,Rajasthan,Jaipur,Locality_446,Property_Type,5.0,3285.0,216.65,0.07,2007.0,Furnished,1.0,5.0,18.0,1.0,1.0,Low,Yes,No,"Garden, Pool",North,Builder,Under_Construction
4683.0,West Bengal,Durgapur,Locality_494,Property_Type,1.0,3275.0,113.45,0.03,2007.0,Furnished,5.0,20.0,18.0,9.0,3.0,Medium,No,No,"Pool, Clubhouse, Gym, Playground",East,Builder,Ready_to_Move
4684.0,Andhra Pradesh,Vijayawada,Locality_432,Property_Type,1.0,1992.0,260.44,0.13,2009.0,Unfurnished,18.0,13.0,16.0,7.0,10.0,High,Yes,Yes,"Gym, Clubhouse, Playground",North,Broker,Under_Construction
4685.0,Chhattisgarh,Bilaspur,Locality_98,Property_Type,1.0,1833.0,190.87,0.1,2002.0,Unfurnished,13.0,15.0,23.0,6.0,5.0,High,No,Yes,"Clubhouse, Garden, Playground",East,Owner,Ready_to_Move
4686.0,Kerala,Trivandrum,Locality_116,Property_Type,5.0,3725.0,342.23,0.09,2010.0,Semi-furnished,8.0,25.0,15.0,5.0,10.0,High,Yes,No,"Pool, Playground, Garden",North,Builder,Under_Construction
4687.0,West Bengal,Durgapur,Locality_215,Property_Type,4.0,4584.0,498.34,0.11,2013.0,Semi-furnished,16.0,8.0,12.0,8.0,3.0,Low,No,No,Clubhouse,West,Broker,Under_Construction
4688.0,Kerala,Kochi,Locality_466,Property_Type,3.0,4760.0,146.73,0.03,1996.0,Unfurnished,27.0,16.0,29.0,2.0,1.0,Low,Yes,No,"Gym, Playground, Clubhouse, Pool, Garden",South,Broker,Ready_to_Move
4689.0,Madhya Pradesh,Indore,Locality_48,Property_Type,4.0,1440.0,496.08,0.34,2017.0,Unfurnished,29.0,18.0,8.0,4.0,7.0,Medium,No,Yes,"Pool, Garden, Gym, Clubhouse, Playground",East,Builder,Ready_to_Move
4690.0,Maharashtra,Pune,Locality_289,Property_Type,5.0,1506.0,50.3,0.03,2000.0,Semi-furnished,14.0,12.0,25.0,4.0,10.0,Medium,Yes,Yes,"Pool, Gym, Clubhouse, Garden",South,Owner,Ready_to_Move
4691.0,Chhattisgarh,Bilaspur,Locality_471,Property_Type,1.0,3394.0,354.39,0.1,1996.0,Unfurnished,29.0,16.0,29.0,9.0,6.0,Medium,No,No,"Clubhouse, Playground, Garden, Pool, Gym",North,Owner,Ready_to_Move
4692.0,Chhattisgarh,Bilaspur,Locality_361,Property_Type,3.0,1916.0,27.37,0.01,1991.0,Furnished,11.0,5.0,34.0,2.0,10.0,Medium,No,Yes,"Pool, Playground, Garden, Clubhouse, Gym",South,Builder,Ready_to_Move
4693.0,West Bengal,Durgapur,Locality_436,Property_Type,4.0,3333.0,202.82,0.06,2000.0,Unfurnished,11.0,8.0,25.0,3.0,9.0,Low,No,Yes,"Clubhouse, Gym, Playground, Garden",South,Owner,Ready_to_Move
4694.0,Tamil Nadu,Coimbatore,Locality_347,Property_Type,1.0,829.0,218.12,0.26,1994.0,Furnished,26.0,21.0,31.0,4.0,2.0,Medium,Yes,Yes,Gym,South,Broker,Ready_to_Move
4695.0,Karnataka,Mysore,Locality_469,Property_Type,1.0,2921.0,140.92,0.05,2004.0,Unfurnished,4.0,7.0,21.0,10.0,9.0,High,Yes,No,Gym,South,Builder,Ready_to_Move
4696.0,Maharashtra,Mumbai,Locality_165,Property_Type,5.0,4667.0,445.44,0.1,2009.0,Furnished,26.0,29.0,16.0,8.0,7.0,High,Yes,Yes,Clubhouse,West,Owner,Ready_to_Move
4697.0,Jharkhand,Jamshedpur,Locality_405,Property_Type,2.0,4154.0,103.34,0.02,2006.0,Semi-furnished,8.0,5.0,19.0,10.0,10.0,Low,No,Yes,"Gym, Clubhouse, Garden, Playground",South,Broker,Ready_to_Move
4698.0,Uttarakhand,Dehradun,Locality_211,Property_Type,4.0,3421.0,159.64,0.05,1994.0,Unfurnished,9.0,4.0,31.0,10.0,1.0,Low,No,Yes,Playground,South,Broker,Under_Construction
4699.0,Andhra Pradesh,Vishakhapatnam,Locality_409,Property_Type,2.0,2718.0,224.03,0.08,2004.0,Semi-furnished,8.0,6.0,21.0,8.0,2.0,High,Yes,Yes,Playground,North,Builder,Under_Construction
4700.0,Chhattisgarh,Raipur,Locality_444,Property_Type,2.0,3254.0,387.44,0.12,1997.0,Unfurnished,19.0,21.0,28.0,4.0,4.0,Medium,Yes,No,"Clubhouse, Playground, Garden, Pool, Gym",North,Builder,Under_Construction
4701.0,Chhattisgarh,Raipur,Locality_181,Property_Type,2.0,1244.0,413.07,0.33,2021.0,Furnished,7.0,18.0,4.0,2.0,3.0,Medium,No,No,Playground,North,Builder,Ready_to_Move
4702.0,Delhi,Dwarka,Locality_467,Property_Type,3.0,3345.0,255.57,0.08,1999.0,Semi-furnished,12.0,22.0,26.0,1.0,3.0,Medium,Yes,Yes,"Pool, Clubhouse, Playground",North,Builder,Ready_to_Move
4703.0,Kerala,Trivandrum,Locality_250,Property_Type,5.0,3468.0,192.12,0.06,2015.0,Semi-furnished,5.0,21.0,10.0,6.0,5.0,Medium,No,No,"Pool, Clubhouse, Playground",West,Builder,Under_Construction
4704.0,Uttar Pradesh,Lucknow,Locality_9,Property_Type,4.0,3176.0,111.3,0.04,2023.0,Semi-furnished,10.0,5.0,2.0,4.0,6.0,Low,No,No,Clubhouse,East,Broker,Under_Construction
4705.0,Madhya Pradesh,Indore,Locality_363,Property_Type,1.0,4912.0,443.82,0.09,1996.0,Unfurnished,19.0,28.0,29.0,4.0,10.0,Low,No,Yes,"Gym, Garden, Playground, Clubhouse",West,Owner,Ready_to_Move
4706.0,Uttar Pradesh,Noida,Locality_379,Property_Type,3.0,1739.0,318.39,0.18,2000.0,Unfurnished,3.0,14.0,25.0,3.0,9.0,Medium,Yes,No,"Playground, Clubhouse, Gym",South,Owner,Ready_to_Move
4707.0,Telangana,Hyderabad,Locality_253,Property_Type,5.0,4431.0,486.93,0.11,2001.0,Semi-furnished,21.0,19.0,24.0,8.0,10.0,Low,No,Yes,"Garden, Pool, Gym",North,Broker,Ready_to_Move
4708.0,Assam,Silchar,Locality_470,Property_Type,3.0,2067.0,22.46,0.01,2004.0,Unfurnished,27.0,28.0,21.0,6.0,2.0,Medium,No,No,"Gym, Playground, Clubhouse, Garden",East,Owner,Ready_to_Move
4709.0,West Bengal,Durgapur,Locality_368,Property_Type,3.0,1902.0,63.26,0.03,2003.0,Unfurnished,25.0,13.0,22.0,3.0,10.0,High,Yes,No,"Clubhouse, Gym, Playground, Garden, Pool",East,Builder,Ready_to_Move
4710.0,Gujarat,Surat,Locality_500,Property_Type,1.0,4825.0,477.64,0.1,2002.0,Furnished,25.0,10.0,23.0,8.0,7.0,Low,Yes,Yes,"Garden, Pool, Playground, Gym, Clubhouse",North,Owner,Under_Construction
4711.0,Gujarat,Surat,Locality_292,Property_Type,2.0,3952.0,137.78,0.03,1998.0,Unfurnished,4.0,22.0,27.0,2.0,4.0,Low,Yes,Yes,Clubhouse,North,Builder,Ready_to_Move
4712.0,Rajasthan,Jodhpur,Locality_151,Property_Type,3.0,3452.0,248.72,0.07,2006.0,Furnished,7.0,6.0,19.0,6.0,1.0,Low,Yes,No,"Clubhouse, Playground",South,Builder,Ready_to_Move
4713.0,Uttarakhand,Haridwar,Locality_270,Property_Type,4.0,4401.0,29.57,0.01,2003.0,Unfurnished,3.0,21.0,22.0,2.0,4.0,High,No,No,"Gym, Pool, Playground, Clubhouse",West,Owner,Ready_to_Move
4714.0,Punjab,Ludhiana,Locality_99,Property_Type,3.0,4516.0,468.27,0.1,2020.0,Furnished,27.0,7.0,5.0,3.0,1.0,High,No,Yes,"Clubhouse, Playground",West,Builder,Under_Construction
4715.0,Uttar Pradesh,Noida,Locality_19,Property_Type,1.0,4118.0,179.04,0.04,2017.0,Semi-furnished,0.0,18.0,8.0,7.0,6.0,Low,Yes,No,"Clubhouse, Garden",West,Owner,Ready_to_Move
4716.0,Tamil Nadu,Chennai,Locality_288,Property_Type,4.0,1733.0,314.04,0.18,1997.0,Semi-furnished,14.0,20.0,28.0,3.0,3.0,Low,No,No,"Clubhouse, Garden, Gym",North,Owner,Under_Construction
4717.0,Gujarat,Surat,Locality_431,Property_Type,1.0,3103.0,484.15,0.16,2010.0,Furnished,9.0,9.0,15.0,5.0,3.0,High,Yes,No,"Garden, Gym",North,Owner,Under_Construction
4718.0,Jharkhand,Ranchi,Locality_448,Property_Type,5.0,4686.0,413.89,0.09,2007.0,Furnished,13.0,18.0,18.0,4.0,9.0,Low,No,Yes,"Pool, Clubhouse, Gym",North,Broker,Ready_to_Move
4719.0,Karnataka,Mysore,Locality_276,Property_Type,3.0,2589.0,491.02,0.19,2003.0,Semi-furnished,12.0,29.0,22.0,7.0,4.0,High,Yes,No,"Clubhouse, Garden",East,Broker,Under_Construction
4720.0,Chhattisgarh,Bilaspur,Locality_363,Property_Type,3.0,1920.0,233.5,0.12,2018.0,Furnished,11.0,1.0,7.0,5.0,3.0,Low,Yes,Yes,"Garden, Clubhouse, Playground, Gym, Pool",West,Owner,Ready_to_Move
4721.0,Bihar,Gaya,Locality_225,Property_Type,3.0,1499.0,340.2,0.23,1998.0,Semi-furnished,19.0,10.0,27.0,3.0,8.0,High,Yes,No,"Playground, Gym, Pool, Garden",South,Broker,Ready_to_Move
4722.0,Chhattisgarh,Bilaspur,Locality_119,Property_Type,3.0,3099.0,188.62,0.06,1993.0,Furnished,10.0,6.0,32.0,8.0,6.0,High,No,Yes,"Clubhouse, Pool, Gym, Playground",South,Builder,Ready_to_Move
4723.0,Delhi,New Delhi,Locality_255,Property_Type,4.0,3320.0,218.13,0.07,2017.0,Semi-furnished,15.0,13.0,8.0,2.0,3.0,High,Yes,Yes,Playground,West,Owner,Under_Construction
4724.0,Kerala,Kochi,Locality_152,Property_Type,4.0,3174.0,216.06,0.07,2021.0,Semi-furnished,14.0,17.0,4.0,8.0,6.0,High,Yes,No,"Playground, Gym",South,Owner,Under_Construction
4725.0,Delhi,New Delhi,Locality_311,Property_Type,3.0,3932.0,318.65,0.08,2007.0,Unfurnished,2.0,24.0,18.0,1.0,10.0,Medium,Yes,Yes,"Playground, Gym, Clubhouse, Garden, Pool",West,Builder,Ready_to_Move
4726.0,Punjab,Ludhiana,Locality_55,Property_Type,5.0,4856.0,404.53,0.08,2017.0,Furnished,25.0,21.0,8.0,8.0,10.0,Medium,Yes,Yes,Pool,East,Builder,Ready_to_Move
4727.0,Tamil Nadu,Chennai,Locality_191,Property_Type,1.0,1728.0,420.42,0.24,2003.0,Semi-furnished,5.0,29.0,22.0,5.0,8.0,Medium,No,Yes,"Playground, Garden, Gym",East,Builder,Ready_to_Move
4728.0,Uttar Pradesh,Lucknow,Locality_156,Property_Type,5.0,2308.0,359.73,0.16,2011.0,Unfurnished,18.0,5.0,14.0,4.0,7.0,Medium,No,No,Clubhouse,West,Owner,Ready_to_Move
4729.0,Jharkhand,Jamshedpur,Locality_261,Property_Type,1.0,1230.0,474.03,0.39,2015.0,Furnished,16.0,10.0,10.0,9.0,3.0,Low,Yes,Yes,"Garden, Gym, Pool",North,Builder,Ready_to_Move
4730.0,Odisha,Cuttack,Locality_164,Property_Type,2.0,3314.0,87.18,0.03,2023.0,Semi-furnished,26.0,5.0,2.0,8.0,2.0,Low,Yes,No,"Gym, Playground, Garden, Clubhouse, Pool",East,Owner,Ready_to_Move
4731.0,Haryana,Gurgaon,Locality_227,Property_Type,2.0,2875.0,142.35,0.05,2008.0,Unfurnished,3.0,25.0,17.0,8.0,4.0,Low,No,No,"Playground, Gym, Pool",North,Broker,Ready_to_Move
4732.0,Madhya Pradesh,Bhopal,Locality_309,Property_Type,5.0,3540.0,78.21,0.02,1994.0,Furnished,28.0,18.0,31.0,10.0,8.0,Low,Yes,Yes,"Garden, Playground",South,Builder,Ready_to_Move
4733.0,West Bengal,Kolkata,Locality_192,Property_Type,1.0,714.0,425.14,0.6,2004.0,Furnished,1.0,18.0,21.0,8.0,3.0,High,No,No,"Gym, Pool",West,Broker,Ready_to_Move
4734.0,Rajasthan,Jaipur,Locality_437,Property_Type,1.0,1506.0,456.85,0.3,2012.0,Furnished,29.0,19.0,13.0,6.0,6.0,Low,Yes,No,Playground,North,Owner,Under_Construction
4735.0,Tamil Nadu,Chennai,Locality_155,Property_Type,1.0,1492.0,104.57,0.07,2011.0,Furnished,22.0,6.0,14.0,6.0,6.0,Medium,Yes,No,"Clubhouse, Garden, Playground",South,Broker,Under_Construction
4736.0,Kerala,Kochi,Locality_162,Property_Type,1.0,2273.0,163.67,0.07,2013.0,Furnished,15.0,2.0,12.0,8.0,4.0,Low,No,No,"Pool, Garden, Clubhouse",West,Broker,Under_Construction
4737.0,Uttarakhand,Dehradun,Locality_385,Property_Type,2.0,2161.0,108.93,0.05,1991.0,Semi-furnished,8.0,17.0,34.0,7.0,10.0,Low,Yes,Yes,"Playground, Pool",North,Owner,Ready_to_Move
4738.0,Delhi,Dwarka,Locality_123,Property_Type,2.0,595.0,366.87,0.62,2013.0,Unfurnished,29.0,8.0,12.0,5.0,9.0,High,No,Yes,"Pool, Playground, Garden",East,Owner,Ready_to_Move
4739.0,Uttar Pradesh,Noida,Locality_51,Property_Type,1.0,3557.0,14.13,0.0,2007.0,Semi-furnished,3.0,15.0,18.0,7.0,5.0,High,No,Yes,Gym,East,Broker,Under_Construction
4740.0,Haryana,Gurgaon,Locality_290,Property_Type,2.0,4273.0,82.34,0.02,2019.0,Semi-furnished,13.0,5.0,6.0,8.0,1.0,Medium,No,No,"Gym, Pool, Clubhouse, Garden",North,Builder,Under_Construction
4741.0,Odisha,Cuttack,Locality_170,Property_Type,3.0,2338.0,309.22,0.13,1992.0,Semi-furnished,6.0,6.0,33.0,10.0,1.0,High,No,Yes,"Clubhouse, Garden, Playground, Pool",North,Owner,Under_Construction
4742.0,Bihar,Patna,Locality_267,Property_Type,4.0,4916.0,230.51,0.05,2004.0,Semi-furnished,14.0,7.0,21.0,10.0,4.0,High,Yes,No,Playground,West,Builder,Under_Construction
4743.0,Haryana,Gurgaon,Locality_163,Property_Type,2.0,3432.0,52.4,0.02,1991.0,Semi-furnished,13.0,26.0,34.0,6.0,3.0,High,No,No,"Clubhouse, Playground, Gym",East,Builder,Ready_to_Move
4744.0,Uttarakhand,Haridwar,Locality_314,Property_Type,5.0,1159.0,464.62,0.4,1993.0,Furnished,22.0,25.0,32.0,6.0,10.0,High,No,No,"Pool, Clubhouse",West,Builder,Ready_to_Move
4745.0,Kerala,Trivandrum,Locality_276,Property_Type,2.0,4468.0,24.77,0.01,2016.0,Unfurnished,17.0,23.0,9.0,7.0,5.0,Medium,Yes,No,Garden,East,Owner,Ready_to_Move
4746.0,Jharkhand,Jamshedpur,Locality_429,Property_Type,1.0,1863.0,107.16,0.06,2022.0,Unfurnished,5.0,11.0,3.0,7.0,9.0,Medium,No,No,"Gym, Pool, Clubhouse",South,Broker,Ready_to_Move
4747.0,West Bengal,Durgapur,Locality_450,Property_Type,2.0,650.0,127.67,0.2,1996.0,Unfurnished,30.0,6.0,29.0,8.0,6.0,Low,No,No,"Playground, Garden, Clubhouse",East,Owner,Ready_to_Move
4748.0,Jharkhand,Ranchi,Locality_91,Property_Type,3.0,2803.0,119.17,0.04,2018.0,Semi-furnished,14.0,2.0,7.0,4.0,10.0,High,Yes,Yes,"Garden, Playground, Clubhouse",East,Broker,Ready_to_Move
4749.0,Jharkhand,Ranchi,Locality_327,Property_Type,3.0,2616.0,327.28,0.13,1990.0,Furnished,5.0,10.0,35.0,4.0,4.0,Medium,Yes,Yes,Playground,South,Broker,Ready_to_Move
4750.0,Madhya Pradesh,Bhopal,Locality_142,Property_Type,3.0,558.0,328.12,0.59,2003.0,Unfurnished,20.0,16.0,22.0,10.0,3.0,High,No,No,"Clubhouse, Garden, Playground, Gym",East,Broker,Under_Construction
4751.0,Haryana,Faridabad,Locality_210,Property_Type,4.0,1242.0,186.27,0.15,2013.0,Furnished,0.0,8.0,12.0,5.0,9.0,Low,Yes,Yes,"Clubhouse, Gym, Pool, Playground, Garden",West,Builder,Ready_to_Move
4752.0,Telangana,Warangal,Locality_56,Property_Type,4.0,3734.0,337.32,0.09,2017.0,Semi-furnished,23.0,27.0,8.0,5.0,7.0,High,No,Yes,"Garden, Playground",South,Builder,Ready_to_Move
4753.0,Gujarat,Ahmedabad,Locality_12,Property_Type,1.0,1527.0,96.58,0.06,2000.0,Unfurnished,4.0,16.0,25.0,7.0,1.0,High,Yes,No,Clubhouse,North,Owner,Ready_to_Move
4754.0,Maharashtra,Pune,Locality_149,Property_Type,4.0,682.0,107.7,0.16,2023.0,Semi-furnished,26.0,1.0,2.0,2.0,3.0,Medium,No,Yes,"Pool, Gym, Garden",West,Owner,Ready_to_Move
4755.0,Haryana,Faridabad,Locality_445,Property_Type,5.0,2188.0,53.74,0.02,2010.0,Unfurnished,28.0,4.0,15.0,5.0,1.0,Low,Yes,No,"Clubhouse, Gym, Playground, Pool, Garden",North,Builder,Ready_to_Move
4756.0,Rajasthan,Jodhpur,Locality_136,Property_Type,1.0,2518.0,234.31,0.09,2005.0,Unfurnished,20.0,14.0,20.0,2.0,7.0,High,Yes,No,"Playground, Garden, Gym, Clubhouse",North,Broker,Under_Construction
4757.0,Rajasthan,Jodhpur,Locality_472,Property_Type,5.0,4622.0,360.75,0.08,2001.0,Unfurnished,27.0,30.0,24.0,6.0,6.0,Medium,Yes,Yes,"Playground, Garden",West,Broker,Under_Construction
4758.0,Telangana,Hyderabad,Locality_136,Property_Type,3.0,3058.0,331.14,0.11,2013.0,Semi-furnished,28.0,10.0,12.0,1.0,8.0,Low,No,Yes,"Gym, Garden, Pool, Playground",South,Broker,Under_Construction
4759.0,Punjab,Ludhiana,Locality_351,Property_Type,3.0,4438.0,16.29,0.0,2015.0,Furnished,17.0,11.0,10.0,4.0,8.0,High,Yes,No,"Garden, Gym, Clubhouse, Pool",East,Builder,Ready_to_Move
4760.0,Madhya Pradesh,Indore,Locality_301,Property_Type,2.0,2028.0,259.87,0.13,2018.0,Furnished,17.0,14.0,7.0,2.0,4.0,Medium,Yes,No,"Playground, Clubhouse, Gym",North,Owner,Ready_to_Move
4761.0,West Bengal,Durgapur,Locality_450,Property_Type,2.0,3223.0,115.88,0.04,2001.0,Semi-furnished,27.0,26.0,24.0,8.0,5.0,High,Yes,No,"Garden, Gym",South,Builder,Ready_to_Move
4762.0,Haryana,Gurgaon,Locality_53,Property_Type,1.0,2312.0,402.43,0.17,2017.0,Semi-furnished,14.0,11.0,8.0,10.0,7.0,High,No,No,"Clubhouse, Playground, Pool",East,Broker,Ready_to_Move
4763.0,Odisha,Cuttack,Locality_4,Property_Type,5.0,1940.0,245.38,0.13,2003.0,Unfurnished,27.0,30.0,22.0,10.0,10.0,High,No,No,"Playground, Clubhouse, Pool",South,Owner,Ready_to_Move
4764.0,Bihar,Patna,Locality_492,Property_Type,1.0,776.0,427.14,0.55,1992.0,Furnished,2.0,1.0,33.0,5.0,5.0,Medium,Yes,No,"Garden, Gym, Playground",North,Builder,Ready_to_Move
4765.0,Bihar,Gaya,Locality_334,Property_Type,2.0,705.0,397.22,0.56,2021.0,Unfurnished,2.0,2.0,4.0,10.0,8.0,Low,No,No,"Gym, Pool",East,Broker,Ready_to_Move
4766.0,Madhya Pradesh,Indore,Locality_103,Property_Type,3.0,3450.0,468.41,0.14,2003.0,Semi-furnished,27.0,9.0,22.0,6.0,5.0,High,Yes,No,"Pool, Garden",West,Builder,Ready_to_Move
4767.0,Kerala,Kochi,Locality_224,Property_Type,3.0,3584.0,259.92,0.07,2023.0,Unfurnished,14.0,24.0,2.0,1.0,5.0,Medium,No,No,"Playground, Gym, Clubhouse, Pool, Garden",North,Builder,Under_Construction
4768.0,Odisha,Cuttack,Locality_17,Property_Type,2.0,4340.0,417.28,0.1,2001.0,Furnished,19.0,22.0,24.0,7.0,2.0,Medium,Yes,No,"Pool, Gym, Garden",South,Owner,Ready_to_Move
4769.0,Chhattisgarh,Bilaspur,Locality_291,Property_Type,5.0,2266.0,421.63,0.19,2010.0,Semi-furnished,29.0,20.0,15.0,3.0,5.0,Low,Yes,Yes,Playground,North,Broker,Under_Construction
4770.0,Tamil Nadu,Coimbatore,Locality_420,Property_Type,2.0,2745.0,57.42,0.02,2014.0,Furnished,9.0,20.0,11.0,1.0,8.0,Low,No,Yes,"Playground, Gym",South,Broker,Ready_to_Move
4771.0,Gujarat,Surat,Locality_253,Property_Type,3.0,3389.0,363.61,0.11,2005.0,Semi-furnished,14.0,21.0,20.0,6.0,1.0,Low,Yes,Yes,"Playground, Gym",East,Owner,Ready_to_Move
4772.0,Uttarakhand,Dehradun,Locality_3,Property_Type,5.0,2280.0,18.9,0.01,2020.0,Furnished,25.0,7.0,5.0,2.0,4.0,High,Yes,No,"Pool, Clubhouse",West,Broker,Ready_to_Move
4773.0,Delhi,Dwarka,Locality_270,Property_Type,4.0,1326.0,484.2,0.37,2012.0,Unfurnished,20.0,30.0,13.0,8.0,9.0,High,No,Yes,"Playground, Pool, Garden",South,Owner,Ready_to_Move
4774.0,Punjab,Amritsar,Locality_323,Property_Type,4.0,3622.0,279.67,0.08,2005.0,Unfurnished,24.0,15.0,20.0,8.0,4.0,Medium,Yes,No,"Garden, Clubhouse, Pool, Playground",North,Builder,Ready_to_Move
4775.0,West Bengal,Durgapur,Locality_17,Property_Type,1.0,4085.0,340.54,0.08,1995.0,Semi-furnished,12.0,13.0,30.0,5.0,1.0,High,Yes,Yes,Pool,South,Owner,Under_Construction
4776.0,Chhattisgarh,Bilaspur,Locality_224,Property_Type,3.0,1723.0,297.29,0.17,2008.0,Furnished,9.0,23.0,17.0,4.0,1.0,High,Yes,No,"Playground, Gym, Pool, Clubhouse",North,Owner,Ready_to_Move
4777.0,Uttar Pradesh,Lucknow,Locality_32,Property_Type,4.0,2195.0,221.95,0.1,2013.0,Semi-furnished,17.0,4.0,12.0,8.0,7.0,Low,Yes,No,"Pool, Gym, Playground, Clubhouse, Garden",West,Builder,Under_Construction
4778.0,Punjab,Amritsar,Locality_474,Property_Type,5.0,2360.0,204.38,0.09,2014.0,Unfurnished,14.0,7.0,11.0,6.0,3.0,High,Yes,No,"Pool, Garden",East,Owner,Under_Construction
4779.0,Delhi,New Delhi,Locality_412,Property_Type,3.0,2870.0,138.28,0.05,2012.0,Semi-furnished,8.0,5.0,13.0,6.0,2.0,Low,Yes,No,"Playground, Clubhouse, Gym, Garden, Pool",East,Owner,Ready_to_Move
4780.0,Delhi,New Delhi,Locality_478,Property_Type,4.0,3620.0,60.79,0.02,2018.0,Furnished,13.0,10.0,7.0,4.0,2.0,High,Yes,No,"Pool, Playground",South,Broker,Under_Construction
4781.0,Maharashtra,Mumbai,Locality_239,Property_Type,4.0,794.0,424.34,0.53,2019.0,Unfurnished,2.0,2.0,6.0,1.0,10.0,Low,Yes,No,"Garden, Gym, Clubhouse",West,Builder,Ready_to_Move
4782.0,Assam,Silchar,Locality_461,Property_Type,5.0,2475.0,260.62,0.11,2017.0,Unfurnished,29.0,15.0,8.0,8.0,4.0,High,Yes,No,Clubhouse,North,Builder,Under_Construction
4783.0,Maharashtra,Mumbai,Locality_97,Property_Type,1.0,568.0,82.79,0.15,1996.0,Unfurnished,16.0,26.0,29.0,10.0,5.0,Medium,No,Yes,"Garden, Playground, Gym, Pool, Clubhouse",North,Broker,Ready_to_Move
4784.0,Jharkhand,Jamshedpur,Locality_208,Property_Type,1.0,1632.0,327.16,0.2,1993.0,Furnished,6.0,28.0,32.0,5.0,2.0,Low,No,No,Gym,East,Builder,Ready_to_Move
4785.0,Jharkhand,Ranchi,Locality_47,Property_Type,4.0,3275.0,383.21,0.12,2000.0,Unfurnished,29.0,16.0,25.0,8.0,9.0,Low,Yes,No,"Garden, Gym",East,Broker,Under_Construction
4786.0,Andhra Pradesh,Vijayawada,Locality_283,Property_Type,2.0,2590.0,110.25,0.04,2021.0,Furnished,6.0,16.0,4.0,10.0,3.0,Medium,Yes,No,"Pool, Gym",West,Builder,Ready_to_Move
4787.0,Jharkhand,Jamshedpur,Locality_144,Property_Type,5.0,2412.0,401.47,0.17,2011.0,Semi-furnished,5.0,8.0,14.0,10.0,4.0,Medium,No,No,"Clubhouse, Gym, Playground, Pool",North,Builder,Under_Construction
4788.0,Uttar Pradesh,Noida,Locality_427,Property_Type,5.0,1275.0,62.99,0.05,2015.0,Unfurnished,23.0,24.0,10.0,8.0,6.0,High,Yes,No,Clubhouse,East,Owner,Under_Construction
4789.0,Karnataka,Bangalore,Locality_14,Property_Type,2.0,4194.0,190.12,0.05,2021.0,Semi-furnished,18.0,11.0,4.0,6.0,4.0,High,Yes,Yes,Playground,East,Builder,Under_Construction
4790.0,Chhattisgarh,Bilaspur,Locality_50,Property_Type,5.0,4280.0,379.76,0.09,2022.0,Unfurnished,12.0,7.0,3.0,10.0,2.0,High,Yes,No,"Playground, Clubhouse, Gym, Garden",North,Owner,Ready_to_Move
4791.0,Punjab,Amritsar,Locality_413,Property_Type,3.0,910.0,14.69,0.02,1997.0,Semi-furnished,15.0,3.0,28.0,10.0,2.0,High,Yes,No,"Pool, Playground, Gym",West,Broker,Under_Construction
4792.0,Chhattisgarh,Raipur,Locality_497,Property_Type,4.0,4484.0,365.54,0.08,1997.0,Unfurnished,13.0,24.0,28.0,5.0,8.0,Medium,No,Yes,Garden,South,Owner,Under_Construction
4793.0,Chhattisgarh,Bilaspur,Locality_410,Property_Type,1.0,2289.0,177.46,0.08,2004.0,Unfurnished,17.0,27.0,21.0,4.0,6.0,High,Yes,No,"Garden, Pool",South,Builder,Under_Construction
4794.0,Odisha,Cuttack,Locality_274,Property_Type,5.0,1549.0,306.74,0.2,1996.0,Furnished,8.0,6.0,29.0,7.0,3.0,Low,No,Yes,"Clubhouse, Garden",South,Owner,Under_Construction
4795.0,West Bengal,Kolkata,Locality_153,Property_Type,2.0,1366.0,220.66,0.16,2020.0,Semi-furnished,12.0,9.0,5.0,3.0,3.0,Low,No,Yes,"Playground, Garden, Gym",North,Owner,Under_Construction
4796.0,Madhya Pradesh,Bhopal,Locality_161,Property_Type,3.0,4544.0,363.4,0.08,2009.0,Semi-furnished,20.0,18.0,16.0,1.0,3.0,Low,Yes,Yes,"Pool, Garden, Gym, Playground",North,Builder,Under_Construction
4797.0,Andhra Pradesh,Vijayawada,Locality_412,Property_Type,3.0,3488.0,270.89,0.08,2020.0,Furnished,11.0,5.0,5.0,1.0,2.0,High,No,Yes,"Pool, Playground, Gym, Clubhouse, Garden",North,Owner,Ready_to_Move
4798.0,Rajasthan,Jaipur,Locality_110,Property_Type,4.0,2846.0,386.49,0.14,1999.0,Semi-furnished,30.0,29.0,26.0,1.0,2.0,Medium,No,No,"Pool, Garden, Gym, Clubhouse",North,Builder,Ready_to_Move
4799.0,Jharkhand,Jamshedpur,Locality_224,Property_Type,2.0,958.0,44.38,0.05,2020.0,Semi-furnished,6.0,24.0,5.0,1.0,8.0,High,Yes,Yes,Garden,South,Broker,Under_Construction
4800.0,Kerala,Trivandrum,Locality_239,Property_Type,5.0,3338.0,405.27,0.12,1991.0,Semi-furnished,30.0,7.0,34.0,7.0,6.0,Medium,No,Yes,"Gym, Playground, Pool, Clubhouse, Garden",East,Builder,Ready_to_Move
4801.0,West Bengal,Kolkata,Locality_169,Property_Type,3.0,4178.0,388.42,0.09,1997.0,Semi-furnished,25.0,1.0,28.0,1.0,7.0,High,Yes,Yes,"Clubhouse, Pool, Playground, Garden, Gym",West,Builder,Ready_to_Move
4802.0,Bihar,Gaya,Locality_499,Property_Type,5.0,4596.0,130.3,0.03,2023.0,Semi-furnished,9.0,13.0,2.0,10.0,8.0,Low,No,Yes,"Clubhouse, Playground",North,Owner,Ready_to_Move
4803.0,Assam,Silchar,Locality_260,Property_Type,4.0,3732.0,268.12,0.07,2001.0,Semi-furnished,8.0,22.0,24.0,9.0,7.0,High,No,Yes,"Clubhouse, Playground, Garden",North,Broker,Under_Construction
4804.0,Assam,Silchar,Locality_311,Property_Type,5.0,3530.0,49.15,0.01,2001.0,Unfurnished,29.0,28.0,24.0,2.0,3.0,Low,Yes,No,Gym,South,Broker,Ready_to_Move
4805.0,Delhi,New Delhi,Locality_153,Property_Type,2.0,3212.0,78.8,0.02,2001.0,Unfurnished,17.0,1.0,24.0,9.0,6.0,Low,Yes,No,"Clubhouse, Playground",North,Broker,Ready_to_Move
4806.0,Andhra Pradesh,Vijayawada,Locality_50,Property_Type,1.0,4395.0,257.7,0.06,1993.0,Unfurnished,27.0,27.0,32.0,8.0,7.0,Medium,No,Yes,"Garden, Playground, Pool, Clubhouse, Gym",North,Builder,Ready_to_Move
4807.0,Madhya Pradesh,Indore,Locality_391,Property_Type,5.0,1841.0,241.97,0.13,1995.0,Furnished,6.0,30.0,30.0,9.0,7.0,Medium,Yes,Yes,"Pool, Gym, Garden",West,Owner,Under_Construction
4808.0,Assam,Guwahati,Locality_123,Property_Type,4.0,4076.0,319.5,0.08,2011.0,Semi-furnished,25.0,30.0,14.0,2.0,9.0,Medium,No,Yes,"Pool, Playground, Gym, Clubhouse, Garden",West,Owner,Under_Construction
4809.0,Maharashtra,Nagpur,Locality_434,Property_Type,5.0,1408.0,297.47,0.21,2023.0,Semi-furnished,15.0,14.0,2.0,5.0,5.0,Low,Yes,Yes,"Gym, Pool, Playground, Garden",North,Builder,Under_Construction
4810.0,Rajasthan,Jaipur,Locality_462,Property_Type,3.0,3519.0,206.22,0.06,2019.0,Semi-furnished,14.0,3.0,6.0,7.0,3.0,Medium,Yes,No,"Playground, Pool",East,Owner,Ready_to_Move
4811.0,Uttarakhand,Dehradun,Locality_79,Property_Type,4.0,1154.0,76.38,0.07,2010.0,Unfurnished,25.0,3.0,15.0,9.0,9.0,Low,Yes,No,"Garden, Pool",South,Owner,Ready_to_Move
4812.0,Gujarat,Surat,Locality_16,Property_Type,4.0,2317.0,363.01,0.16,2016.0,Furnished,10.0,21.0,9.0,9.0,4.0,Medium,No,No,"Playground, Pool, Clubhouse, Gym, Garden",South,Builder,Ready_to_Move
4813.0,Assam,Silchar,Locality_68,Property_Type,2.0,1563.0,446.58,0.29,2016.0,Semi-furnished,4.0,30.0,9.0,6.0,1.0,Low,No,No,"Gym, Pool, Clubhouse, Playground, Garden",North,Owner,Ready_to_Move
4814.0,West Bengal,Durgapur,Locality_58,Property_Type,5.0,4274.0,409.41,0.1,2015.0,Semi-furnished,27.0,11.0,10.0,9.0,9.0,Low,No,No,Pool,East,Broker,Under_Construction
4815.0,Bihar,Gaya,Locality_143,Property_Type,4.0,2590.0,407.6,0.16,2019.0,Unfurnished,25.0,16.0,6.0,10.0,4.0,Medium,Yes,No,"Gym, Garden, Playground, Pool",West,Broker,Under_Construction
4816.0,Gujarat,Ahmedabad,Locality_57,Property_Type,1.0,4260.0,214.38,0.05,1993.0,Semi-furnished,1.0,30.0,32.0,3.0,3.0,Low,No,No,"Gym, Garden, Pool, Clubhouse, Playground",North,Broker,Under_Construction
4817.0,Gujarat,Ahmedabad,Locality_15,Property_Type,4.0,537.0,472.82,0.88,2007.0,Unfurnished,27.0,20.0,18.0,3.0,10.0,Low,No,Yes,"Clubhouse, Pool",West,Broker,Under_Construction
4818.0,Jharkhand,Jamshedpur,Locality_38,Property_Type,2.0,1385.0,494.92,0.36,2015.0,Unfurnished,25.0,25.0,10.0,8.0,3.0,Medium,Yes,No,"Playground, Garden, Pool",South,Builder,Ready_to_Move
4819.0,Jharkhand,Ranchi,Locality_59,Property_Type,3.0,872.0,339.08,0.39,2014.0,Unfurnished,6.0,3.0,11.0,7.0,2.0,Low,Yes,No,Clubhouse,West,Builder,Ready_to_Move
4820.0,West Bengal,Durgapur,Locality_69,Property_Type,5.0,3496.0,259.17,0.07,1997.0,Semi-furnished,17.0,26.0,28.0,6.0,8.0,Medium,Yes,No,"Gym, Pool, Garden",North,Builder,Under_Construction
4821.0,Odisha,Cuttack,Locality_120,Property_Type,3.0,3123.0,302.77,0.1,2006.0,Semi-furnished,27.0,28.0,19.0,10.0,6.0,High,No,No,"Clubhouse, Playground, Garden",West,Broker,Ready_to_Move
4822.0,Madhya Pradesh,Bhopal,Locality_429,Property_Type,5.0,3575.0,147.72,0.04,1993.0,Unfurnished,14.0,12.0,32.0,8.0,10.0,Medium,No,Yes,"Clubhouse, Pool, Gym, Garden",North,Broker,Under_Construction
4823.0,Karnataka,Mangalore,Locality_410,Property_Type,5.0,1847.0,278.22,0.15,2000.0,Furnished,9.0,18.0,25.0,2.0,10.0,High,No,Yes,"Pool, Clubhouse, Playground, Garden, Gym",West,Builder,Under_Construction
4824.0,Rajasthan,Jaipur,Locality_144,Property_Type,1.0,2335.0,331.49,0.14,2022.0,Unfurnished,2.0,28.0,3.0,5.0,1.0,High,Yes,Yes,"Gym, Garden, Clubhouse, Playground, Pool",South,Broker,Ready_to_Move
4825.0,Odisha,Bhubaneswar,Locality_79,Property_Type,5.0,4534.0,438.83,0.1,2006.0,Unfurnished,13.0,21.0,19.0,9.0,9.0,High,No,No,"Garden, Pool, Playground",West,Owner,Ready_to_Move
4826.0,Rajasthan,Jodhpur,Locality_433,Property_Type,5.0,1708.0,82.19,0.05,2013.0,Unfurnished,1.0,29.0,12.0,10.0,2.0,Low,Yes,Yes,"Garden, Pool, Clubhouse",West,Builder,Under_Construction
4827.0,Delhi,Dwarka,Locality_172,Property_Type,3.0,1408.0,394.59,0.28,1994.0,Semi-furnished,19.0,30.0,31.0,5.0,9.0,Medium,No,Yes,"Gym, Pool, Playground, Clubhouse, Garden",South,Owner,Ready_to_Move
4828.0,Punjab,Amritsar,Locality_336,Property_Type,3.0,1993.0,366.48,0.18,1999.0,Furnished,8.0,27.0,26.0,5.0,10.0,High,No,Yes,"Gym, Playground, Garden",West,Owner,Under_Construction
4829.0,Madhya Pradesh,Bhopal,Locality_346,Property_Type,3.0,3539.0,430.87,0.12,1999.0,Unfurnished,23.0,14.0,26.0,1.0,4.0,Low,No,Yes,"Garden, Pool, Gym, Clubhouse, Playground",South,Owner,Ready_to_Move
4830.0,Rajasthan,Jaipur,Locality_91,Property_Type,2.0,1839.0,493.83,0.27,2006.0,Furnished,19.0,14.0,19.0,2.0,6.0,High,No,Yes,"Garden, Clubhouse",North,Owner,Ready_to_Move
4831.0,Karnataka,Mangalore,Locality_205,Property_Type,1.0,634.0,409.44,0.65,2020.0,Furnished,21.0,4.0,5.0,7.0,6.0,Low,Yes,Yes,"Playground, Garden, Gym",South,Broker,Ready_to_Move
4832.0,Uttar Pradesh,Lucknow,Locality_52,Property_Type,4.0,4208.0,55.85,0.01,1993.0,Unfurnished,14.0,26.0,32.0,5.0,8.0,High,Yes,No,"Playground, Garden, Clubhouse",North,Owner,Ready_to_Move
4833.0,Assam,Guwahati,Locality_266,Property_Type,4.0,849.0,32.0,0.04,1994.0,Furnished,12.0,4.0,31.0,9.0,10.0,Low,Yes,No,"Clubhouse, Gym, Pool, Playground",West,Broker,Ready_to_Move
4834.0,Madhya Pradesh,Bhopal,Locality_291,Property_Type,5.0,1699.0,386.09,0.23,1998.0,Furnished,7.0,8.0,27.0,1.0,9.0,Medium,No,Yes,"Pool, Gym, Garden, Clubhouse, Playground",South,Broker,Ready_to_Move
4835.0,Andhra Pradesh,Vijayawada,Locality_55,Property_Type,3.0,3913.0,137.46,0.04,2011.0,Semi-furnished,25.0,5.0,14.0,9.0,1.0,High,No,Yes,"Clubhouse, Pool, Playground, Garden, Gym",West,Builder,Under_Construction
4836.0,Odisha,Cuttack,Locality_353,Property_Type,5.0,2273.0,131.63,0.06,1996.0,Unfurnished,24.0,11.0,29.0,3.0,3.0,High,Yes,Yes,"Pool, Garden, Clubhouse, Gym, Playground",East,Broker,Ready_to_Move
4837.0,Bihar,Patna,Locality_441,Property_Type,1.0,616.0,95.61,0.16,2001.0,Semi-furnished,13.0,11.0,24.0,1.0,6.0,High,Yes,No,"Pool, Gym",East,Broker,Under_Construction
4838.0,Karnataka,Mysore,Locality_150,Property_Type,1.0,2617.0,348.1,0.13,2009.0,Furnished,24.0,6.0,16.0,1.0,7.0,Low,Yes,No,"Garden, Clubhouse",North,Broker,Under_Construction
4839.0,Karnataka,Bangalore,Locality_142,Property_Type,3.0,4185.0,38.43,0.01,1991.0,Furnished,9.0,16.0,34.0,2.0,10.0,Medium,Yes,No,Playground,South,Broker,Ready_to_Move
4840.0,Haryana,Faridabad,Locality_180,Property_Type,4.0,3968.0,283.13,0.07,2018.0,Furnished,0.0,16.0,7.0,5.0,3.0,High,Yes,Yes,"Garden, Gym, Clubhouse",West,Broker,Ready_to_Move
4841.0,Tamil Nadu,Chennai,Locality_268,Property_Type,5.0,3295.0,38.77,0.01,2017.0,Unfurnished,25.0,8.0,8.0,1.0,10.0,Low,Yes,No,"Clubhouse, Playground",South,Owner,Under_Construction
4842.0,Assam,Silchar,Locality_372,Property_Type,3.0,4909.0,32.45,0.01,1992.0,Unfurnished,24.0,24.0,33.0,3.0,10.0,Medium,Yes,No,"Clubhouse, Playground",West,Builder,Ready_to_Move
4843.0,Punjab,Ludhiana,Locality_288,Property_Type,2.0,4583.0,370.7,0.08,1991.0,Semi-furnished,27.0,9.0,34.0,10.0,1.0,Low,Yes,Yes,Playground,West,Broker,Ready_to_Move
4844.0,Punjab,Amritsar,Locality_480,Property_Type,3.0,1018.0,130.55,0.13,2006.0,Semi-furnished,27.0,27.0,19.0,5.0,9.0,High,No,Yes,Pool,East,Builder,Ready_to_Move
4845.0,Jharkhand,Jamshedpur,Locality_465,Property_Type,3.0,2929.0,264.14,0.09,2009.0,Furnished,22.0,6.0,16.0,5.0,2.0,High,Yes,No,"Gym, Clubhouse, Playground, Pool",North,Broker,Under_Construction
4846.0,Chhattisgarh,Raipur,Locality_347,Property_Type,2.0,2035.0,18.8,0.01,2022.0,Semi-furnished,21.0,25.0,3.0,1.0,2.0,High,No,No,"Garden, Gym",West,Owner,Under_Construction
4847.0,Jharkhand,Ranchi,Locality_250,Property_Type,5.0,1189.0,127.54,0.11,2022.0,Semi-furnished,13.0,6.0,3.0,1.0,10.0,Medium,Yes,Yes,"Gym, Clubhouse",East,Builder,Ready_to_Move
4848.0,Gujarat,Ahmedabad,Locality_275,Property_Type,5.0,3407.0,262.38,0.08,2005.0,Furnished,30.0,15.0,20.0,9.0,10.0,Low,Yes,Yes,"Playground, Gym, Clubhouse",West,Owner,Under_Construction
4849.0,Andhra Pradesh,Vijayawada,Locality_467,Property_Type,4.0,2441.0,133.38,0.05,2021.0,Unfurnished,14.0,12.0,4.0,4.0,3.0,High,Yes,Yes,"Pool, Gym, Garden",East,Builder,Under_Construction
4850.0,Andhra Pradesh,Vishakhapatnam,Locality_196,Property_Type,3.0,724.0,276.5,0.38,1995.0,Semi-furnished,21.0,14.0,30.0,10.0,1.0,Medium,Yes,No,Pool,North,Builder,Under_Construction
4851.0,Madhya Pradesh,Bhopal,Locality_179,Property_Type,4.0,1146.0,360.06,0.31,2018.0,Furnished,12.0,13.0,7.0,8.0,2.0,Medium,Yes,Yes,"Garden, Clubhouse, Playground",North,Owner,Ready_to_Move
4852.0,Jharkhand,Jamshedpur,Locality_91,Property_Type,5.0,2103.0,75.31,0.04,2002.0,Furnished,30.0,7.0,23.0,4.0,5.0,Medium,No,No,"Clubhouse, Playground",South,Broker,Ready_to_Move
4853.0,Delhi,Dwarka,Locality_209,Property_Type,5.0,2499.0,119.47,0.05,2022.0,Furnished,10.0,30.0,3.0,3.0,9.0,Medium,Yes,Yes,"Gym, Garden",North,Builder,Ready_to_Move
4854.0,Assam,Guwahati,Locality_32,Property_Type,4.0,1603.0,230.16,0.14,1993.0,Unfurnished,25.0,24.0,32.0,10.0,4.0,Low,Yes,Yes,"Pool, Clubhouse, Playground, Gym",West,Builder,Ready_to_Move
4855.0,Punjab,Amritsar,Locality_310,Property_Type,5.0,3771.0,87.23,0.02,2003.0,Unfurnished,10.0,1.0,22.0,7.0,4.0,Low,Yes,Yes,"Garden, Playground, Gym, Clubhouse, Pool",South,Builder,Under_Construction
4856.0,Andhra Pradesh,Vishakhapatnam,Locality_202,Property_Type,2.0,3270.0,61.05,0.02,2023.0,Unfurnished,0.0,14.0,2.0,4.0,2.0,High,No,Yes,"Clubhouse, Pool",West,Owner,Ready_to_Move
4857.0,Rajasthan,Jodhpur,Locality_232,Property_Type,5.0,3563.0,433.25,0.12,2014.0,Furnished,18.0,12.0,11.0,9.0,10.0,High,Yes,No,"Pool, Garden",East,Owner,Ready_to_Move
4858.0,Assam,Guwahati,Locality_202,Property_Type,5.0,3371.0,114.99,0.03,1992.0,Furnished,14.0,2.0,33.0,6.0,8.0,Medium,Yes,Yes,Clubhouse,East,Broker,Ready_to_Move
4859.0,Andhra Pradesh,Vishakhapatnam,Locality_66,Property_Type,2.0,3528.0,180.72,0.05,1997.0,Semi-furnished,16.0,29.0,28.0,4.0,6.0,Medium,Yes,Yes,"Playground, Gym, Clubhouse, Pool",South,Broker,Ready_to_Move
4860.0,Madhya Pradesh,Bhopal,Locality_200,Property_Type,3.0,3969.0,403.86,0.1,1999.0,Furnished,8.0,6.0,26.0,4.0,3.0,Medium,Yes,No,"Garden, Clubhouse, Pool",South,Owner,Under_Construction
4861.0,Madhya Pradesh,Indore,Locality_283,Property_Type,3.0,701.0,181.8,0.26,1998.0,Furnished,21.0,27.0,27.0,7.0,2.0,Low,No,No,Clubhouse,West,Broker,Ready_to_Move
4862.0,Odisha,Bhubaneswar,Locality_489,Property_Type,2.0,3174.0,147.83,0.05,2008.0,Semi-furnished,15.0,27.0,17.0,7.0,8.0,High,Yes,No,"Pool, Gym, Garden, Playground, Clubhouse",East,Builder,Ready_to_Move
4863.0,Odisha,Bhubaneswar,Locality_337,Property_Type,3.0,3426.0,250.4,0.07,2023.0,Semi-furnished,13.0,5.0,2.0,5.0,10.0,High,Yes,No,Clubhouse,West,Owner,Under_Construction
4864.0,Uttarakhand,Dehradun,Locality_469,Property_Type,3.0,2204.0,456.64,0.21,2000.0,Furnished,24.0,21.0,25.0,5.0,7.0,High,Yes,Yes,"Pool, Playground, Garden, Gym",West,Broker,Ready_to_Move
4865.0,Maharashtra,Pune,Locality_53,Property_Type,5.0,3423.0,292.58,0.09,1994.0,Unfurnished,27.0,18.0,31.0,6.0,4.0,Medium,Yes,No,"Clubhouse, Playground, Gym, Pool",West,Builder,Under_Construction
4866.0,Assam,Silchar,Locality_216,Property_Type,4.0,1345.0,224.43,0.17,2002.0,Unfurnished,10.0,13.0,23.0,2.0,8.0,High,No,No,"Gym, Pool, Playground, Clubhouse, Garden",West,Builder,Ready_to_Move
4867.0,West Bengal,Kolkata,Locality_50,Property_Type,3.0,989.0,286.8,0.29,2003.0,Furnished,29.0,14.0,22.0,8.0,4.0,High,No,Yes,"Gym, Clubhouse",West,Owner,Ready_to_Move
4868.0,Bihar,Patna,Locality_332,Property_Type,3.0,4577.0,14.96,0.0,2016.0,Semi-furnished,22.0,3.0,9.0,9.0,2.0,Medium,Yes,No,"Pool, Clubhouse, Gym, Playground",East,Owner,Under_Construction
4869.0,Gujarat,Ahmedabad,Locality_458,Property_Type,4.0,2581.0,343.07,0.13,1998.0,Semi-furnished,9.0,6.0,27.0,7.0,1.0,Medium,Yes,No,"Playground, Garden",South,Broker,Under_Construction
4870.0,Rajasthan,Jodhpur,Locality_442,Property_Type,5.0,3489.0,246.88,0.07,1990.0,Furnished,26.0,2.0,35.0,10.0,4.0,Medium,Yes,Yes,"Gym, Garden, Pool",East,Broker,Under_Construction
4871.0,Delhi,New Delhi,Locality_385,Property_Type,1.0,3869.0,59.75,0.02,2010.0,Semi-furnished,3.0,24.0,15.0,1.0,8.0,Medium,Yes,Yes,"Pool, Garden, Playground, Clubhouse, Gym",North,Broker,Ready_to_Move
4872.0,Assam,Guwahati,Locality_441,Property_Type,5.0,3212.0,35.03,0.01,2007.0,Semi-furnished,4.0,4.0,18.0,10.0,5.0,Medium,Yes,No,"Clubhouse, Garden, Pool",North,Builder,Ready_to_Move
4873.0,Punjab,Ludhiana,Locality_57,Property_Type,2.0,2560.0,421.79,0.16,2023.0,Semi-furnished,27.0,14.0,2.0,9.0,9.0,Medium,No,Yes,"Garden, Pool, Playground, Clubhouse, Gym",East,Builder,Under_Construction
4874.0,Uttar Pradesh,Noida,Locality_282,Property_Type,4.0,3391.0,392.31,0.12,2010.0,Unfurnished,23.0,12.0,15.0,5.0,4.0,Medium,No,No,Playground,North,Broker,Under_Construction
4875.0,West Bengal,Durgapur,Locality_180,Property_Type,3.0,889.0,262.98,0.3,1991.0,Furnished,14.0,28.0,34.0,2.0,1.0,Medium,Yes,Yes,Pool,North,Owner,Under_Construction
4876.0,Gujarat,Surat,Locality_262,Property_Type,4.0,1206.0,447.73,0.37,2007.0,Semi-furnished,13.0,21.0,18.0,7.0,3.0,Medium,No,Yes,Gym,South,Owner,Ready_to_Move
4877.0,Gujarat,Ahmedabad,Locality_447,Property_Type,2.0,2604.0,219.32,0.08,1994.0,Semi-furnished,23.0,11.0,31.0,5.0,2.0,High,No,No,"Garden, Pool, Gym, Clubhouse",South,Builder,Ready_to_Move
4878.0,Madhya Pradesh,Bhopal,Locality_331,Property_Type,2.0,4641.0,478.45,0.1,2002.0,Semi-furnished,6.0,25.0,23.0,5.0,4.0,High,No,Yes,"Pool, Playground",West,Broker,Ready_to_Move
4879.0,Uttarakhand,Dehradun,Locality_48,Property_Type,5.0,1624.0,317.69,0.2,1998.0,Furnished,20.0,10.0,27.0,1.0,6.0,Medium,Yes,No,"Gym, Garden, Clubhouse",South,Builder,Ready_to_Move
4880.0,Tamil Nadu,Chennai,Locality_108,Property_Type,3.0,2981.0,46.72,0.02,1995.0,Semi-furnished,9.0,4.0,30.0,5.0,5.0,Low,No,No,"Clubhouse, Gym, Garden, Playground, Pool",North,Builder,Ready_to_Move
4881.0,Rajasthan,Jaipur,Locality_463,Property_Type,1.0,2248.0,61.07,0.03,1999.0,Furnished,24.0,4.0,26.0,10.0,10.0,Medium,No,No,"Garden, Playground, Gym, Clubhouse, Pool",West,Builder,Ready_to_Move
4882.0,Telangana,Hyderabad,Locality_232,Property_Type,2.0,3963.0,78.59,0.02,2017.0,Semi-furnished,30.0,20.0,8.0,3.0,3.0,Low,Yes,No,Clubhouse,East,Broker,Ready_to_Move
4883.0,Haryana,Gurgaon,Locality_174,Property_Type,3.0,1650.0,73.79,0.04,2011.0,Unfurnished,17.0,9.0,14.0,3.0,2.0,Medium,Yes,Yes,"Gym, Clubhouse, Garden, Playground",East,Builder,Under_Construction
4884.0,Tamil Nadu,Coimbatore,Locality_496,Property_Type,1.0,3684.0,393.77,0.11,2003.0,Semi-furnished,5.0,20.0,22.0,2.0,7.0,Medium,Yes,No,"Playground, Garden, Gym",West,Builder,Under_Construction
4885.0,Odisha,Cuttack,Locality_422,Property_Type,5.0,3327.0,332.74,0.1,2021.0,Semi-furnished,10.0,13.0,4.0,5.0,10.0,Low,Yes,No,"Playground, Garden, Pool, Gym",West,Broker,Ready_to_Move
4886.0,Odisha,Cuttack,Locality_425,Property_Type,1.0,655.0,166.7,0.25,2016.0,Semi-furnished,7.0,15.0,9.0,6.0,10.0,Low,Yes,Yes,"Garden, Clubhouse, Pool, Playground",North,Owner,Under_Construction
4887.0,Odisha,Bhubaneswar,Locality_178,Property_Type,3.0,4254.0,109.81,0.03,2000.0,Furnished,9.0,3.0,25.0,8.0,4.0,Medium,No,No,"Clubhouse, Garden",South,Owner,Under_Construction
4888.0,Uttar Pradesh,Noida,Locality_5,Property_Type,5.0,1826.0,358.62,0.2,2012.0,Furnished,9.0,4.0,13.0,5.0,10.0,Low,No,No,Clubhouse,East,Broker,Ready_to_Move
4889.0,Jharkhand,Ranchi,Locality_132,Property_Type,1.0,1496.0,254.49,0.17,2003.0,Semi-furnished,15.0,22.0,22.0,2.0,7.0,Medium,Yes,Yes,"Gym, Pool, Playground, Clubhouse",East,Owner,Ready_to_Move
4890.0,Gujarat,Surat,Locality_190,Property_Type,2.0,2863.0,334.81,0.12,2005.0,Semi-furnished,30.0,11.0,20.0,7.0,4.0,Low,No,Yes,"Gym, Playground, Garden",North,Owner,Under_Construction
4891.0,Telangana,Warangal,Locality_333,Property_Type,5.0,4641.0,483.11,0.1,2023.0,Unfurnished,22.0,15.0,2.0,3.0,6.0,High,Yes,No,"Clubhouse, Garden, Pool, Gym, Playground",North,Broker,Under_Construction
4892.0,Maharashtra,Nagpur,Locality_460,Property_Type,1.0,623.0,260.2,0.42,1996.0,Furnished,10.0,24.0,29.0,3.0,5.0,Medium,No,No,Clubhouse,South,Broker,Ready_to_Move
4893.0,Rajasthan,Jodhpur,Locality_243,Property_Type,3.0,2619.0,480.89,0.18,1997.0,Semi-furnished,2.0,19.0,28.0,5.0,5.0,High,No,Yes,"Playground, Clubhouse, Garden",East,Owner,Under_Construction
4894.0,Karnataka,Bangalore,Locality_52,Property_Type,3.0,4199.0,279.99,0.07,2002.0,Unfurnished,17.0,5.0,23.0,9.0,1.0,Low,Yes,No,"Gym, Playground, Pool",South,Builder,Under_Construction
4895.0,West Bengal,Durgapur,Locality_402,Property_Type,3.0,2695.0,377.74,0.14,2021.0,Semi-furnished,9.0,7.0,4.0,3.0,8.0,Medium,Yes,Yes,"Playground, Clubhouse, Pool",West,Builder,Under_Construction
4896.0,Jharkhand,Jamshedpur,Locality_374,Property_Type,3.0,1176.0,351.64,0.3,2017.0,Unfurnished,13.0,17.0,8.0,3.0,10.0,High,No,No,Garden,North,Broker,Under_Construction
4897.0,Jharkhand,Ranchi,Locality_195,Property_Type,1.0,3424.0,257.69,0.08,2014.0,Furnished,0.0,26.0,11.0,8.0,8.0,Low,Yes,No,Playground,North,Builder,Under_Construction
4898.0,Gujarat,Surat,Locality_412,Property_Type,2.0,4554.0,80.51,0.02,2018.0,Unfurnished,24.0,13.0,7.0,6.0,1.0,High,No,No,"Pool, Playground, Gym, Clubhouse, Garden",West,Owner,Ready_to_Move
4899.0,West Bengal,Durgapur,Locality_204,Property_Type,4.0,814.0,11.45,0.01,1990.0,Furnished,3.0,15.0,35.0,3.0,7.0,Medium,No,Yes,"Clubhouse, Pool, Playground, Garden, Gym",North,Builder,Ready_to_Move
4900.0,Assam,Silchar,Locality_135,Property_Type,5.0,4722.0,235.32,0.05,2011.0,Unfurnished,17.0,8.0,14.0,7.0,5.0,Low,No,Yes,"Pool, Playground",East,Builder,Under_Construction
4901.0,Karnataka,Mysore,Locality_195,Property_Type,4.0,2662.0,78.2,0.03,2004.0,Furnished,25.0,1.0,21.0,7.0,8.0,Medium,Yes,Yes,Garden,North,Builder,Ready_to_Move
4902.0,Jharkhand,Ranchi,Locality_227,Property_Type,3.0,2856.0,397.68,0.14,2023.0,Unfurnished,0.0,17.0,2.0,4.0,1.0,Medium,Yes,Yes,Garden,East,Broker,Under_Construction
4903.0,West Bengal,Kolkata,Locality_494,Property_Type,2.0,4879.0,428.44,0.09,2006.0,Semi-furnished,20.0,9.0,19.0,8.0,6.0,High,Yes,No,"Clubhouse, Playground, Garden, Gym, Pool",South,Builder,Under_Construction
4904.0,Karnataka,Mysore,Locality_413,Property_Type,2.0,3060.0,13.75,0.0,1993.0,Semi-furnished,7.0,6.0,32.0,10.0,5.0,Low,No,No,Gym,North,Broker,Under_Construction
4905.0,Gujarat,Surat,Locality_75,Property_Type,5.0,3223.0,413.25,0.13,2013.0,Furnished,23.0,1.0,12.0,6.0,9.0,Low,No,Yes,"Gym, Playground, Garden, Pool",East,Builder,Under_Construction
4906.0,Punjab,Ludhiana,Locality_273,Property_Type,5.0,2391.0,135.98,0.06,1993.0,Furnished,1.0,26.0,32.0,6.0,8.0,Medium,Yes,No,"Clubhouse, Playground, Pool, Garden, Gym",North,Owner,Under_Construction
4907.0,Gujarat,Surat,Locality_398,Property_Type,4.0,4653.0,327.15,0.07,2007.0,Unfurnished,15.0,25.0,18.0,8.0,5.0,Medium,No,Yes,"Clubhouse, Gym",West,Broker,Under_Construction
4908.0,Assam,Guwahati,Locality_337,Property_Type,2.0,1671.0,164.52,0.1,1995.0,Furnished,28.0,5.0,30.0,6.0,3.0,Medium,No,No,"Clubhouse, Garden, Gym",West,Owner,Under_Construction
4909.0,Andhra Pradesh,Vijayawada,Locality_144,Property_Type,2.0,4613.0,199.89,0.04,2013.0,Furnished,12.0,2.0,12.0,2.0,8.0,High,No,Yes,"Garden, Clubhouse, Pool, Playground, Gym",West,Broker,Ready_to_Move
4910.0,Uttarakhand,Haridwar,Locality_100,Property_Type,3.0,1613.0,276.18,0.17,1990.0,Unfurnished,28.0,13.0,35.0,3.0,5.0,Medium,No,No,"Clubhouse, Playground, Pool, Garden",North,Owner,Ready_to_Move
4911.0,Jharkhand,Ranchi,Locality_345,Property_Type,5.0,3247.0,56.56,0.02,1992.0,Semi-furnished,0.0,8.0,33.0,5.0,5.0,Low,No,Yes,"Garden, Playground, Clubhouse",North,Builder,Ready_to_Move
4912.0,Maharashtra,Pune,Locality_317,Property_Type,2.0,1339.0,212.63,0.16,2014.0,Semi-furnished,30.0,8.0,11.0,1.0,3.0,Medium,No,No,"Pool, Gym, Garden, Clubhouse, Playground",West,Owner,Ready_to_Move
4913.0,Kerala,Trivandrum,Locality_176,Property_Type,2.0,2875.0,311.51,0.11,1991.0,Semi-furnished,8.0,17.0,34.0,8.0,10.0,Medium,No,No,"Clubhouse, Garden",East,Builder,Ready_to_Move
4914.0,Delhi,Dwarka,Locality_445,Property_Type,1.0,714.0,447.26,0.63,1990.0,Semi-furnished,14.0,28.0,35.0,5.0,6.0,Medium,Yes,No,"Gym, Pool, Garden, Clubhouse",West,Owner,Ready_to_Move
4915.0,Uttar Pradesh,Noida,Locality_402,Property_Type,4.0,3156.0,69.07,0.02,1995.0,Furnished,5.0,27.0,30.0,1.0,8.0,High,No,Yes,"Pool, Gym",West,Owner,Ready_to_Move
4916.0,Bihar,Patna,Locality_279,Property_Type,3.0,3988.0,92.91,0.02,2022.0,Furnished,7.0,6.0,3.0,8.0,4.0,Medium,No,No,"Clubhouse, Playground, Garden, Gym",West,Owner,Ready_to_Move
4917.0,Uttarakhand,Dehradun,Locality_341,Property_Type,5.0,3069.0,319.46,0.1,2020.0,Furnished,14.0,19.0,5.0,2.0,9.0,Low,No,Yes,"Playground, Garden, Pool, Gym, Clubhouse",North,Broker,Under_Construction
4918.0,Odisha,Cuttack,Locality_217,Property_Type,2.0,2796.0,13.16,0.0,1999.0,Semi-furnished,21.0,7.0,26.0,4.0,9.0,Medium,Yes,Yes,"Garden, Pool, Playground, Gym",North,Broker,Under_Construction
4919.0,Odisha,Bhubaneswar,Locality_102,Property_Type,2.0,621.0,326.56,0.53,2017.0,Furnished,22.0,3.0,8.0,4.0,7.0,Medium,No,No,"Garden, Gym, Pool, Clubhouse, Playground",South,Broker,Under_Construction
4920.0,Gujarat,Ahmedabad,Locality_117,Property_Type,5.0,2382.0,224.72,0.09,2004.0,Unfurnished,1.0,20.0,21.0,4.0,4.0,High,Yes,No,Clubhouse,North,Owner,Ready_to_Move
4921.0,Rajasthan,Jaipur,Locality_451,Property_Type,1.0,3149.0,359.02,0.11,2001.0,Unfurnished,2.0,9.0,24.0,9.0,9.0,Medium,No,No,"Playground, Gym, Garden",North,Broker,Under_Construction
4922.0,Telangana,Warangal,Locality_225,Property_Type,1.0,4105.0,306.13,0.07,1997.0,Semi-furnished,14.0,9.0,28.0,4.0,1.0,Low,No,Yes,"Garden, Playground, Gym, Clubhouse",North,Builder,Ready_to_Move
4923.0,Uttarakhand,Haridwar,Locality_429,Property_Type,4.0,1800.0,50.12,0.03,2021.0,Unfurnished,10.0,2.0,4.0,10.0,9.0,Medium,Yes,No,"Playground, Clubhouse, Pool",East,Broker,Ready_to_Move
4924.0,West Bengal,Kolkata,Locality_111,Property_Type,3.0,616.0,138.95,0.23,2013.0,Semi-furnished,4.0,24.0,12.0,9.0,3.0,Medium,Yes,No,Gym,South,Builder,Ready_to_Move
4925.0,Jharkhand,Ranchi,Locality_374,Property_Type,2.0,1220.0,149.89,0.12,2003.0,Unfurnished,26.0,22.0,22.0,7.0,9.0,High,No,Yes,"Playground, Pool, Garden, Clubhouse, Gym",South,Broker,Under_Construction
4926.0,Gujarat,Surat,Locality_5,Property_Type,5.0,1737.0,393.74,0.23,2001.0,Semi-furnished,24.0,11.0,24.0,1.0,10.0,High,No,No,"Garden, Clubhouse, Playground, Gym",East,Owner,Under_Construction
4927.0,Uttarakhand,Dehradun,Locality_134,Property_Type,5.0,4284.0,364.09,0.08,1994.0,Unfurnished,2.0,25.0,31.0,4.0,4.0,Low,No,Yes,Clubhouse,West,Builder,Under_Construction
4928.0,Assam,Guwahati,Locality_349,Property_Type,5.0,812.0,311.34,0.38,2007.0,Furnished,29.0,1.0,18.0,3.0,3.0,High,Yes,No,"Garden, Gym, Pool, Clubhouse, Playground",South,Owner,Under_Construction
4929.0,Punjab,Amritsar,Locality_283,Property_Type,3.0,1529.0,281.3,0.18,2005.0,Unfurnished,22.0,29.0,20.0,6.0,6.0,Medium,Yes,Yes,"Clubhouse, Gym, Playground, Garden, Pool",South,Broker,Under_Construction
4930.0,Gujarat,Ahmedabad,Locality_289,Property_Type,1.0,4854.0,61.22,0.01,2013.0,Unfurnished,12.0,1.0,12.0,6.0,2.0,Medium,Yes,Yes,"Playground, Garden, Clubhouse, Gym",North,Builder,Under_Construction
4931.0,Haryana,Faridabad,Locality_59,Property_Type,5.0,1680.0,333.64,0.2,1999.0,Furnished,21.0,24.0,26.0,9.0,4.0,Low,Yes,Yes,"Playground, Clubhouse, Pool",South,Broker,Under_Construction
4932.0,Bihar,Gaya,Locality_312,Property_Type,2.0,2201.0,272.1,0.12,2003.0,Semi-furnished,16.0,26.0,22.0,1.0,5.0,High,Yes,No,Garden,East,Owner,Under_Construction
4933.0,Uttarakhand,Dehradun,Locality_121,Property_Type,5.0,4622.0,442.95,0.1,2005.0,Furnished,11.0,21.0,20.0,8.0,3.0,Low,Yes,No,"Clubhouse, Playground, Garden",North,Owner,Ready_to_Move
4934.0,Jharkhand,Ranchi,Locality_491,Property_Type,5.0,3887.0,29.72,0.01,2015.0,Furnished,19.0,22.0,10.0,5.0,7.0,Medium,No,No,"Playground, Gym, Garden",East,Builder,Under_Construction
4935.0,Delhi,New Delhi,Locality_31,Property_Type,4.0,4406.0,71.96,0.02,2008.0,Semi-furnished,21.0,9.0,17.0,1.0,5.0,Medium,Yes,Yes,Playground,North,Builder,Ready_to_Move
4936.0,Rajasthan,Jaipur,Locality_133,Property_Type,5.0,3308.0,496.85,0.15,2015.0,Unfurnished,10.0,1.0,10.0,9.0,9.0,Low,Yes,Yes,"Gym, Garden, Playground, Clubhouse",West,Owner,Ready_to_Move
4937.0,Andhra Pradesh,Vijayawada,Locality_473,Property_Type,2.0,1302.0,319.94,0.25,1991.0,Unfurnished,12.0,3.0,34.0,5.0,8.0,Low,Yes,No,Pool,East,Broker,Under_Construction
4938.0,Andhra Pradesh,Vijayawada,Locality_35,Property_Type,4.0,3698.0,86.48,0.02,2019.0,Semi-furnished,18.0,4.0,6.0,1.0,9.0,Medium,Yes,No,"Playground, Garden, Gym, Pool, Clubhouse",East,Broker,Under_Construction
4939.0,West Bengal,Durgapur,Locality_261,Property_Type,3.0,1110.0,368.11,0.33,2017.0,Furnished,0.0,13.0,8.0,7.0,2.0,Medium,Yes,No,"Gym, Pool, Garden, Clubhouse, Playground",North,Owner,Ready_to_Move
4940.0,Tamil Nadu,Chennai,Locality_270,Property_Type,3.0,1701.0,393.61,0.23,2001.0,Furnished,16.0,11.0,24.0,4.0,4.0,Medium,No,Yes,"Gym, Pool",East,Builder,Ready_to_Move
4941.0,Maharashtra,Nagpur,Locality_73,Property_Type,1.0,1016.0,15.01,0.01,2012.0,Unfurnished,16.0,19.0,13.0,1.0,9.0,Low,No,No,"Garden, Playground, Pool, Gym",East,Broker,Ready_to_Move
4942.0,Uttar Pradesh,Lucknow,Locality_197,Property_Type,4.0,1421.0,341.9,0.24,2020.0,Furnished,21.0,13.0,5.0,5.0,3.0,Low,Yes,No,"Garden, Gym",South,Builder,Under_Construction
4943.0,Assam,Silchar,Locality_49,Property_Type,1.0,4018.0,337.74,0.08,2002.0,Unfurnished,30.0,24.0,23.0,7.0,5.0,Medium,Yes,Yes,"Clubhouse, Playground, Gym",South,Owner,Under_Construction
4944.0,Assam,Guwahati,Locality_178,Property_Type,5.0,2354.0,487.67,0.21,1993.0,Furnished,29.0,5.0,32.0,3.0,3.0,Medium,No,Yes,"Pool, Playground, Clubhouse, Gym, Garden",West,Broker,Ready_to_Move
4945.0,Telangana,Warangal,Locality_267,Property_Type,4.0,4026.0,421.82,0.1,1990.0,Furnished,29.0,26.0,35.0,2.0,8.0,Medium,Yes,Yes,"Clubhouse, Playground, Garden, Pool, Gym",East,Builder,Under_Construction
4946.0,West Bengal,Durgapur,Locality_275,Property_Type,2.0,2605.0,70.15,0.03,2010.0,Unfurnished,12.0,7.0,15.0,2.0,4.0,Low,Yes,No,Garden,East,Broker,Under_Construction
4947.0,Uttarakhand,Dehradun,Locality_382,Property_Type,1.0,1071.0,324.7,0.3,2004.0,Unfurnished,10.0,2.0,21.0,7.0,6.0,Medium,Yes,Yes,"Playground, Garden, Clubhouse",South,Broker,Under_Construction
4948.0,Tamil Nadu,Chennai,Locality_261,Property_Type,3.0,1418.0,413.79,0.29,2019.0,Unfurnished,30.0,28.0,6.0,8.0,2.0,High,Yes,Yes,"Gym, Playground, Garden, Clubhouse, Pool",West,Broker,Under_Construction
4949.0,Gujarat,Surat,Locality_75,Property_Type,2.0,2257.0,475.13,0.21,2000.0,Unfurnished,24.0,10.0,25.0,6.0,2.0,Medium,No,Yes,"Playground, Pool, Clubhouse, Gym",West,Builder,Ready_to_Move
4950.0,Odisha,Cuttack,Locality_126,Property_Type,5.0,4940.0,420.47,0.09,2011.0,Semi-furnished,19.0,17.0,14.0,9.0,2.0,Low,No,Yes,"Garden, Clubhouse",West,Builder,Ready_to_Move
4951.0,Uttarakhand,Haridwar,Locality_107,Property_Type,2.0,2321.0,370.14,0.16,2015.0,Semi-furnished,3.0,6.0,10.0,8.0,3.0,Low,Yes,Yes,"Garden, Clubhouse",West,Broker,Ready_to_Move
4952.0,Uttarakhand,Dehradun,Locality_241,Property_Type,1.0,1219.0,318.95,0.26,2001.0,Unfurnished,11.0,11.0,24.0,7.0,10.0,Medium,Yes,Yes,"Clubhouse, Garden, Gym, Playground, Pool",South,Builder,Under_Construction
4953.0,Karnataka,Mangalore,Locality_409,Property_Type,5.0,4141.0,343.7,0.08,1999.0,Semi-furnished,29.0,6.0,26.0,5.0,3.0,Low,No,Yes,"Clubhouse, Pool, Playground, Garden",North,Builder,Ready_to_Move
4954.0,Chhattisgarh,Raipur,Locality_328,Property_Type,3.0,3918.0,33.96,0.01,2012.0,Furnished,17.0,15.0,13.0,5.0,7.0,Medium,No,Yes,Clubhouse,South,Builder,Under_Construction
4955.0,Assam,Guwahati,Locality_499,Property_Type,5.0,870.0,83.71,0.1,2023.0,Furnished,4.0,5.0,2.0,1.0,1.0,Medium,Yes,Yes,"Playground, Clubhouse, Pool, Gym, Garden",West,Builder,Under_Construction
4956.0,Tamil Nadu,Coimbatore,Locality_225,Property_Type,3.0,2709.0,136.81,0.05,2000.0,Unfurnished,16.0,5.0,25.0,1.0,3.0,High,No,Yes,"Gym, Clubhouse, Garden, Pool, Playground",South,Builder,Under_Construction
4957.0,Delhi,Dwarka,Locality_193,Property_Type,1.0,1079.0,302.08,0.28,2010.0,Unfurnished,30.0,12.0,15.0,5.0,3.0,Low,Yes,No,"Gym, Garden, Clubhouse, Pool, Playground",West,Builder,Ready_to_Move
4958.0,Odisha,Bhubaneswar,Locality_348,Property_Type,2.0,2914.0,278.23,0.1,2023.0,Furnished,1.0,3.0,2.0,1.0,9.0,Low,Yes,Yes,"Garden, Clubhouse, Pool, Playground, Gym",North,Builder,Ready_to_Move
4959.0,West Bengal,Kolkata,Locality_353,Property_Type,1.0,2593.0,143.66,0.06,2011.0,Unfurnished,2.0,1.0,14.0,2.0,9.0,Low,Yes,Yes,"Garden, Playground, Pool, Gym",South,Builder,Ready_to_Move
4960.0,Uttarakhand,Haridwar,Locality_220,Property_Type,4.0,2403.0,206.71,0.09,1991.0,Semi-furnished,12.0,2.0,34.0,8.0,8.0,Medium,Yes,Yes,"Gym, Clubhouse, Playground, Pool",North,Broker,Ready_to_Move
4961.0,Chhattisgarh,Raipur,Locality_409,Property_Type,2.0,4626.0,432.95,0.09,2016.0,Furnished,24.0,29.0,9.0,2.0,2.0,Medium,Yes,No,"Pool, Clubhouse",South,Broker,Under_Construction
4962.0,Maharashtra,Mumbai,Locality_224,Property_Type,5.0,2011.0,330.38,0.16,1991.0,Unfurnished,27.0,25.0,34.0,8.0,7.0,Medium,No,Yes,Gym,South,Broker,Ready_to_Move
4963.0,Telangana,Warangal,Locality_474,Property_Type,3.0,2920.0,312.81,0.11,2019.0,Furnished,20.0,20.0,6.0,2.0,8.0,Medium,Yes,No,"Gym, Pool, Garden",North,Owner,Ready_to_Move
4964.0,Assam,Silchar,Locality_457,Property_Type,3.0,1215.0,185.89,0.15,2002.0,Unfurnished,20.0,19.0,23.0,9.0,9.0,High,Yes,Yes,"Gym, Clubhouse",South,Owner,Under_Construction
4965.0,Telangana,Warangal,Locality_496,Property_Type,5.0,3268.0,174.49,0.05,1992.0,Unfurnished,3.0,30.0,33.0,5.0,7.0,Medium,Yes,Yes,"Pool, Clubhouse",North,Builder,Ready_to_Move
4966.0,Madhya Pradesh,Bhopal,Locality_387,Property_Type,1.0,4086.0,113.15,0.03,1996.0,Unfurnished,24.0,12.0,29.0,1.0,6.0,Medium,Yes,No,"Playground, Garden, Clubhouse",West,Owner,Under_Construction
4967.0,Karnataka,Bangalore,Locality_52,Property_Type,1.0,2687.0,317.29,0.12,2022.0,Semi-furnished,8.0,22.0,3.0,3.0,9.0,Medium,Yes,No,"Playground, Garden, Pool",South,Broker,Ready_to_Move
4968.0,Assam,Guwahati,Locality_32,Property_Type,3.0,2290.0,299.66,0.13,1998.0,Unfurnished,30.0,7.0,27.0,6.0,4.0,Medium,Yes,Yes,"Pool, Clubhouse",South,Builder,Under_Construction
4969.0,Telangana,Hyderabad,Locality_328,Property_Type,5.0,686.0,247.95,0.36,2005.0,Semi-furnished,27.0,28.0,20.0,8.0,7.0,Medium,Yes,Yes,Playground,North,Builder,Under_Construction
4970.0,Rajasthan,Jaipur,Locality_445,Property_Type,2.0,3566.0,421.33,0.12,2021.0,Semi-furnished,29.0,19.0,4.0,2.0,5.0,High,No,Yes,Gym,East,Broker,Under_Construction
4971.0,Odisha,Cuttack,Locality_358,Property_Type,2.0,4768.0,256.04,0.05,2007.0,Semi-furnished,30.0,27.0,18.0,7.0,10.0,Medium,Yes,No,"Pool, Clubhouse",East,Owner,Under_Construction
4972.0,Andhra Pradesh,Vishakhapatnam,Locality_433,Property_Type,2.0,3099.0,93.99,0.03,2014.0,Furnished,11.0,6.0,11.0,9.0,3.0,High,No,No,"Pool, Playground, Garden",East,Broker,Under_Construction
4973.0,Madhya Pradesh,Indore,Locality_231,Property_Type,5.0,1846.0,452.11,0.24,2021.0,Unfurnished,16.0,14.0,4.0,5.0,1.0,Medium,No,Yes,"Garden, Gym, Pool, Clubhouse",West,Broker,Ready_to_Move
4974.0,Jharkhand,Ranchi,Locality_7,Property_Type,5.0,1597.0,162.28,0.1,2003.0,Unfurnished,5.0,28.0,22.0,8.0,5.0,Low,Yes,No,"Pool, Playground, Garden, Gym, Clubhouse",North,Owner,Under_Construction
4975.0,Jharkhand,Jamshedpur,Locality_82,Property_Type,5.0,2242.0,328.25,0.15,2001.0,Furnished,2.0,14.0,24.0,6.0,5.0,Medium,Yes,No,"Pool, Clubhouse, Gym",South,Owner,Ready_to_Move
4976.0,Tamil Nadu,Coimbatore,Locality_332,Property_Type,2.0,3169.0,49.34,0.02,2001.0,Furnished,17.0,8.0,24.0,9.0,7.0,Low,Yes,No,"Playground, Gym, Pool, Garden, Clubhouse",West,Builder,Under_Construction
4977.0,Telangana,Warangal,Locality_482,Property_Type,3.0,4228.0,497.29,0.12,2005.0,Unfurnished,28.0,22.0,20.0,6.0,4.0,High,Yes,Yes,Pool,North,Broker,Ready_to_Move
4978.0,West Bengal,Kolkata,Locality_352,Property_Type,1.0,976.0,391.58,0.4,2015.0,Unfurnished,16.0,9.0,10.0,2.0,9.0,Low,No,No,"Playground, Garden",South,Owner,Under_Construction
4979.0,Punjab,Ludhiana,Locality_66,Property_Type,2.0,4638.0,38.53,0.01,2018.0,Unfurnished,10.0,11.0,7.0,7.0,4.0,Medium,No,Yes,Gym,East,Owner,Under_Construction
4980.0,Odisha,Bhubaneswar,Locality_166,Property_Type,2.0,1501.0,379.57,0.25,1993.0,Furnished,12.0,27.0,32.0,5.0,4.0,Low,No,No,"Garden, Gym, Pool, Clubhouse",North,Owner,Ready_to_Move
4981.0,Rajasthan,Jaipur,Locality_154,Property_Type,1.0,3152.0,205.21,0.07,2022.0,Semi-furnished,22.0,19.0,3.0,9.0,8.0,High,Yes,Yes,"Playground, Pool, Clubhouse",West,Builder,Ready_to_Move
4982.0,Delhi,New Delhi,Locality_255,Property_Type,4.0,2262.0,168.9,0.07,2015.0,Semi-furnished,7.0,4.0,10.0,9.0,2.0,Low,Yes,No,"Gym, Playground",West,Owner,Under_Construction
4983.0,Kerala,Kochi,Locality_360,Property_Type,4.0,2472.0,346.74,0.14,2023.0,Furnished,0.0,28.0,2.0,7.0,3.0,Low,Yes,Yes,Gym,West,Owner,Under_Construction
4984.0,Uttarakhand,Haridwar,Locality_39,Property_Type,2.0,1089.0,298.01,0.27,2017.0,Furnished,16.0,26.0,8.0,8.0,4.0,Low,No,No,"Playground, Garden",West,Broker,Under_Construction
4985.0,Chhattisgarh,Bilaspur,Locality_99,Property_Type,3.0,1201.0,263.72,0.22,2018.0,Semi-furnished,9.0,30.0,7.0,10.0,8.0,High,Yes,Yes,"Garden, Clubhouse",North,Builder,Under_Construction
4986.0,Telangana,Hyderabad,Locality_344,Property_Type,5.0,4494.0,488.44,0.11,2006.0,Semi-furnished,5.0,4.0,19.0,7.0,9.0,Medium,No,No,"Pool, Garden, Playground, Gym, Clubhouse",East,Broker,Under_Construction
4987.0,Punjab,Amritsar,Locality_312,Property_Type,5.0,1993.0,179.5,0.09,2001.0,Furnished,22.0,10.0,24.0,2.0,4.0,Medium,No,Yes,"Clubhouse, Playground",West,Broker,Under_Construction
4988.0,Uttar Pradesh,Noida,Locality_128,Property_Type,4.0,2097.0,462.15,0.22,1994.0,Furnished,12.0,30.0,31.0,9.0,5.0,High,No,No,"Pool, Clubhouse, Playground, Gym",East,Builder,Under_Construction
4989.0,Maharashtra,Pune,Locality_135,Property_Type,3.0,3911.0,392.28,0.1,2000.0,Furnished,25.0,9.0,25.0,7.0,2.0,Medium,Yes,Yes,"Gym, Garden",North,Builder,Ready_to_Move
4990.0,Maharashtra,Mumbai,Locality_69,Property_Type,3.0,2710.0,92.83,0.03,1990.0,Unfurnished,30.0,19.0,35.0,9.0,3.0,Low,Yes,No,"Gym, Garden, Pool, Clubhouse",South,Owner,Under_Construction
4991.0,Jharkhand,Jamshedpur,Locality_397,Property_Type,2.0,2973.0,429.47,0.14,1994.0,Unfurnished,24.0,14.0,31.0,8.0,3.0,High,No,No,"Playground, Clubhouse, Pool",South,Builder,Under_Construction
4992.0,Assam,Silchar,Locality_449,Property_Type,5.0,4614.0,393.71,0.09,2022.0,Furnished,20.0,12.0,3.0,6.0,3.0,High,Yes,No,"Garden, Clubhouse",West,Owner,Ready_to_Move
4993.0,Tamil Nadu,Coimbatore,Locality_235,Property_Type,4.0,2696.0,470.85,0.17,2013.0,Furnished,13.0,13.0,12.0,5.0,6.0,Medium,Yes,No,Playground,South,Builder,Under_Construction
4994.0,Assam,Silchar,Locality_498,Property_Type,3.0,4556.0,285.66,0.06,2006.0,Semi-furnished,21.0,1.0,19.0,5.0,7.0,High,Yes,No,"Gym, Playground",South,Owner,Under_Construction
4995.0,Maharashtra,Nagpur,Locality_299,Property_Type,3.0,3149.0,439.62,0.14,1992.0,Semi-furnished,2.0,4.0,33.0,5.0,6.0,Low,Yes,No,"Clubhouse, Garden, Playground",North,Owner,Ready_to_Move
4996.0,Andhra Pradesh,Vijayawada,Locality_103,Property_Type,1.0,1591.0,189.06,0.12,2008.0,Unfurnished,28.0,16.0,17.0,5.0,5.0,High,No,Yes,"Playground, Gym, Pool",South,Owner,Ready_to_Move
4997.0,Uttar Pradesh,Lucknow,Locality_35,Property_Type,2.0,792.0,338.15,0.43,2001.0,Unfurnished,21.0,24.0,24.0,10.0,5.0,Medium,Yes,No,"Clubhouse, Garden, Pool",West,Builder,Ready_to_Move
4998.0,Haryana,Faridabad,Locality_64,Property_Type,2.0,3264.0,467.91,0.14,2000.0,Semi-furnished,5.0,8.0,25.0,4.0,6.0,Low,Yes,No,"Clubhouse, Playground, Garden, Gym",West,Owner,Ready_to_Move
4999.0,Telangana,Warangal,Locality_212,Property_Type,1.0,525.0,259.03,0.49,1999.0,Unfurnished,16.0,6.0,26.0,7.0,8.0,Low,No,No,"Gym, Playground, Garden, Pool",West,Broker,Under_Construction
5000.0,Madhya Pradesh,Indore,Locality_213,Property_Type,4.0,2539.0,195.13,0.08,1991.0,Unfurnished,23.0,14.0,34.0,1.0,3.0,Low,Yes,No,"Garden, Gym, Playground, Clubhouse",South,Owner,Ready_to_Move
